,Player,Pos,Age,Tm,G,MP,PER,TS%,3PAr,FTr,ORB%,DRB%,TRB%,AST%,STL%,BLK%,TOV%,USG%,Â ,OWS,DWS,WS,WS/48,OBPM,DBPM,BPM,VORP
0,Zaid Abdul-Aziz,C,29.0,SEA,27.0,223.0,16.4,0.49,0.0,0.387,13.5,21.8,17.6,9.7,1.6,3.6,0.0,0.0,0.0,0.2,0.3,0.6,0.119,-1.2,1.2,0.0,0.1
1,Kareem Abdul-Jabbar*,C,28.0,LAL,82.0,3379.0,27.2,0.567,0.0,0.368,8.0,30.5,19.6,19.4,1.6,4.9,0.0,0.0,0.0,9.8,7.2,17.0,0.242,6.1,4.1,10.2,10.5
2,Alvan Adams,C,21.0,PHO,80.0,2656.0,21.7,0.507,0.0,0.265,8.9,20.7,14.9,27.2,2.1,2.4,0.0,0.0,0.0,3.3,3.9,7.2,0.13,4.4,2.4,6.7,5.8
3,Don Adams,SF,28.0,BUF,56.0,704.0,9.1,0.446,0.0,0.335,5.8,15.4,10.8,13.2,1.9,0.5,0.0,0.0,0.0,-0.5,0.8,0.3,0.023,-3.8,0.5,-3.3,-0.2
4,Lucius Allen,PG,28.0,LAL,76.0,2388.0,15.1,0.501,0.0,0.253,2.7,5.8,4.3,21.1,1.9,0.4,0.0,0.0,0.0,2.4,1.5,3.9,0.079,0.6,-1.4,-0.8,0.7
5,Dan Anderson,PG,25.0,POR,52.0,614.0,13.1,0.546,0.0,0.337,2.6,7.6,5.2,19.2,1.5,0.2,0.0,0.0,0.0,0.7,0.4,1.1,0.086,-1.4,-1.9,-3.3,-0.2
6,Jerome Anderson,SG,22.0,BOS,22.0,126.0,13.0,0.586,0.0,0.356,3.1,7.0,5.1,6.9,1.1,1.2,0.0,0.0,0.0,0.2,0.1,0.3,0.12,-0.6,-2.2,-2.7,0.0
7,Tiny Archibald*,PG,27.0,KCK,78.0,3184.0,20.1,0.521,0.0,0.395,2.1,4.7,3.4,31.1,1.8,0.2,0.0,0.0,0.0,6.7,1.3,8.0,0.121,4.4,-2.1,2.3,3.4
8,Jim Ard,C,27.0,BOS,81.0,853.0,11.3,0.422,0.0,0.34,11.0,22.3,16.7,7.3,0.6,2.1,0.0,0.0,0.0,-0.4,1.3,0.9,0.052,-3.9,-0.5,-4.3,-0.5
9,Dennis Awtrey,C,27.0,PHO,74.0,1376.0,11.2,0.51,0.0,0.359,7.4,15.6,11.6,15.3,0.7,0.9,0.0,0.0,0.0,0.7,1.1,1.8,0.062,-2.1,0.0,-2.1,0.0
10,Gus Bailey,SG,24.0,HOU,30.0,262.0,11.9,0.392,0.0,0.364,8.5,12.0,10.3,19.8,2.5,1.6,0.0,0.0,0.0,-0.2,0.2,0.0,-0.004,-3.7,1.2,-2.5,0.0
11,Mike Bantom,SF,24.0,TOT,73.0,1571.0,12.5,0.511,0.0,0.418,9.0,16.9,12.9,8.9,0.8,0.9,0.0,0.0,0.0,1.4,1.3,2.7,0.083,-1.2,-0.5,-1.6,0.1
12,Mike Bantom,SF,24.0,PHO,7.0,68.0,9.1,0.372,0.0,0.192,11.3,25.3,18.4,5.9,1.3,1.6,0.0,0.0,0.0,-0.1,0.1,0.0,-0.02,-7.0,-1.7,-8.7,-0.1
13,Mike Bantom,SF,24.0,SEA,66.0,1503.0,12.7,0.518,0.0,0.431,8.9,16.6,12.6,9.0,0.8,0.9,0.0,0.0,0.0,1.5,1.2,2.8,0.088,-0.9,-0.4,-1.3,0.3
14,Jim Barnett,SG,31.0,NYK,71.0,1026.0,12.5,0.496,0.0,0.307,4.7,4.1,4.4,12.4,1.1,0.2,0.0,0.0,0.0,1.2,0.4,1.5,0.072,-1.1,-2.0,-3.1,-0.3
15,Rick Barry*,SF,31.0,GSW,81.0,3122.0,18.3,0.483,0.0,0.192,2.3,12.8,7.6,22.6,2.9,0.4,0.0,0.0,0.0,4.6,5.1,9.6,0.148,2.9,0.6,3.4,4.3
16,Jerry Baskerville,SF,24.0,PHI,21.0,105.0,8.0,0.393,0.0,0.615,12.0,13.8,12.9,3.6,2.6,2.4,0.0,0.0,0.0,-0.2,0.2,0.0,-0.019,-4.8,0.1,-4.7,-0.1
17,Butch Beard,PG,28.0,TOT,75.0,1704.0,14.5,0.517,0.0,0.387,6.1,12.7,9.4,17.3,2.2,0.3,0.0,0.0,0.0,1.9,1.8,3.7,0.105,1.0,1.2,2.2,1.8
18,Butch Beard,PG,28.0,CLE,15.0,255.0,14.5,0.456,0.0,0.411,5.5,12.1,8.7,23.7,1.9,0.4,0.0,0.0,0.0,0.1,0.3,0.4,0.073,1.0,-0.3,0.6,0.2
19,Butch Beard,PG,28.0,NYK,60.0,1449.0,14.5,0.53,0.0,0.382,6.2,12.8,9.5,16.2,2.3,0.2,0.0,0.0,0.0,1.8,1.5,3.3,0.11,1.0,1.5,2.5,1.6
20,Ron Behagen,PF,25.0,NOJ,66.0,1733.0,16.3,0.494,0.0,0.259,10.8,21.0,15.9,12.1,1.7,0.8,0.0,0.0,0.0,1.8,2.5,4.3,0.118,0.7,0.7,1.4,1.5
21,Dennis Bell,SF,24.0,NYK,10.0,76.0,8.8,0.395,0.0,0.333,5.3,13.7,9.5,5.2,3.6,0.7,0.0,0.0,0.0,-0.1,0.1,0.0,0.009,-5.2,1.5,-3.7,0.0
22,Leon Benbow,SG,25.0,CHI,76.0,1586.0,10.9,0.443,0.0,0.254,3.9,7.6,5.6,15.4,1.9,0.4,0.0,0.0,0.0,0.1,1.4,1.5,0.045,-2.0,-0.4,-2.4,-0.2
23,Henry Bibby,PG,26.0,NOJ,79.0,1772.0,13.5,0.5,0.0,0.404,3.2,6.9,5.0,18.3,1.6,0.1,0.0,0.0,0.0,1.6,1.4,2.9,0.079,-0.2,-1.5,-1.7,0.1
25,Bob Bigelow,SF,22.0,KCK,31.0,163.0,10.0,0.455,0.0,0.702,5.6,12.7,9.1,7.4,1.1,0.3,0.0,0.0,0.0,0.0,0.1,0.0,0.014,-5.0,-2.1,-7.1,-0.2
26,Dave Bing*,PG,32.0,WSB,82.0,2945.0,16.0,0.511,0.0,0.379,3.4,4.9,4.2,24.2,1.8,0.4,0.0,0.0,0.0,3.4,2.9,6.3,0.102,2.6,-1.3,1.3,2.5
27,John Block,PF,31.0,CHI,2.0,7.0,12.9,0.41,0.0,0.5,0.0,30.9,14.4,0.0,6.8,0.0,0.0,0.0,0.0,0.0,0.0,0.0,-0.121,-8.2,-4.2,-12.4,0.0
28,Tom Boerwinkle,C,30.0,CHI,74.0,2045.0,17.7,0.533,0.0,0.334,12.2,28.0,19.5,21.1,1.1,1.4,0.0,0.0,0.0,3.2,3.0,6.3,0.147,2.3,2.9,5.2,3.7
29,Tom Boswell,PF,22.0,BOS,35.0,275.0,8.8,0.463,0.0,0.258,9.3,16.1,12.7,7.8,0.3,0.2,0.0,0.0,0.0,-0.1,0.3,0.2,0.029,-2.8,-2.2,-5.0,-0.2
30,Freddie Boyd,SG-PG,25.0,TOT,36.0,617.0,9.9,0.458,0.0,0.298,0.6,4.5,2.6,18.0,2.0,0.6,0.0,0.0,0.0,-0.1,0.5,0.4,0.033,-3.3,-1.2,-4.6,-0.4
31,Freddie Boyd,PG,25.0,PHI,6.0,33.0,2.9,0.363,0.0,0.333,0.0,5.8,2.9,7.5,1.4,0.0,0.0,0.0,0.0,0.0,0.0,0.0,-0.041,-7.8,-1.2,-9.0,-0.1
32,Freddie Boyd,SG,25.0,NOJ,30.0,584.0,10.3,0.461,0.0,0.297,0.7,4.5,2.6,18.6,2.1,0.6,0.0,0.0,0.0,0.0,0.5,0.5,0.037,-3.1,-1.2,-4.3,-0.3
33,Bill Bradley*,SF,32.0,NYK,82.0,2709.0,10.2,0.471,0.0,0.163,1.8,7.2,4.4,12.6,1.2,0.4,0.0,0.0,0.0,1.0,1.5,2.5,0.044,-2.1,-0.1,-2.1,-0.1
34,Jim Brewer,PF,24.0,CLE,82.0,2913.0,14.9,0.485,0.0,0.245,10.2,21.7,15.7,9.6,1.5,1.7,0.0,0.0,0.0,3.4,4.5,7.9,0.13,0.4,2.4,2.8,3.5
35,Junior Bridgeman,SF,22.0,MIL,81.0,1646.0,13.7,0.485,0.0,0.247,7.4,11.1,9.3,13.7,1.5,0.7,0.0,0.0,0.0,0.8,1.2,2.1,0.06,-0.4,-0.7,-1.1,0.4
36,Gary Brokaw,SG,22.0,MIL,75.0,1468.0,14.9,0.511,0.0,0.437,1.9,6.8,4.4,23.6,1.2,0.6,0.0,0.0,0.0,1.3,0.7,1.9,0.064,0.1,-2.2,-2.1,0.0
37,Fred Brown,SG,27.0,SEA,76.0,2516.0,20.4,0.529,0.0,0.206,4.4,8.7,6.5,13.7,2.5,0.4,0.0,0.0,0.0,6.6,2.2,8.8,0.167,3.5,-1.3,2.2,2.7
38,John Brown,PF,24.0,ATL,75.0,1758.0,12.6,0.512,0.0,0.43,8.3,15.5,11.8,10.1,1.2,0.5,0.0,0.0,0.0,1.7,1.0,2.6,0.072,-1.2,0.3,-0.9,0.5
39,Roger Brown,C,25.0,DET,29.0,454.0,8.0,0.45,0.0,0.25,10.5,19.2,14.8,3.2,0.6,2.9,0.0,0.0,0.0,0.0,0.4,0.4,0.038,-4.9,1.5,-3.4,-0.2
40,Joe Bryant,PF,21.0,PHI,75.0,1203.0,13.3,0.452,0.0,0.266,7.8,14.5,11.2,7.5,1.6,1.0,0.0,0.0,0.0,0.0,1.3,1.3,0.052,-2.6,-1.7,-4.3,-0.7
41,Tom Burleson,C,23.0,SEA,82.0,2647.0,17.8,0.533,0.0,0.376,9.8,19.4,14.5,9.6,1.2,3.0,0.0,0.0,0.0,5.0,3.2,8.2,0.148,1.3,1.2,2.4,3.0
42,Corky Calhoun,SF,25.0,LAL,76.0,1816.0,9.0,0.506,0.0,0.226,6.4,11.4,9.0,5.8,1.5,1.0,0.0,0.0,0.0,1.0,1.5,2.5,0.066,-3.1,1.1,-2.1,0.0
43,Al Carlson,C,24.0,SEA,28.0,279.0,9.0,0.392,0.0,0.367,10.8,16.3,13.5,5.8,1.1,2.1,0.0,0.0,0.0,-0.2,0.3,0.1,0.012,-5.1,-0.2,-5.3,-0.2
44,Austin Carr,SG,27.0,CLE,65.0,1282.0,15.2,0.481,0.0,0.214,5.2,5.4,5.3,14.3,1.4,0.1,0.0,0.0,0.0,1.7,0.9,2.6,0.097,1.1,-2.5,-1.4,0.2
45,Fred Carter,PG,30.0,PHI,82.0,2992.0,14.5,0.447,0.0,0.196,3.7,6.0,4.8,19.1,2.0,0.2,0.0,0.0,0.0,1.1,2.2,3.3,0.053,0.0,-1.5,-1.5,0.4
46,Harvey Catchings,C,24.0,PHI,75.0,1731.0,9.6,0.464,0.0,0.397,10.7,18.3,14.5,4.5,0.5,4.9,0.0,0.0,0.0,0.0,2.3,2.3,0.065,-4.1,2.9,-1.2,0.3
48,Ken Charles,SG,24.0,BUF,81.0,2247.0,11.9,0.505,0.0,0.285,2.8,7.2,5.1,12.3,2.4,1.1,0.0,0.0,0.0,1.0,2.2,3.3,0.07,-1.8,0.4,-1.4,0.3
49,Phil Chenier,SG,25.0,WSB,80.0,2952.0,17.6,0.528,0.0,0.252,3.1,8.0,5.6,13.6,2.5,0.8,0.0,0.0,0.0,4.9,3.9,8.8,0.143,2.4,-0.1,2.3,3.2
50,Jim Chones,C,26.0,CLE,82.0,2741.0,15.5,0.473,0.0,0.207,7.1,21.0,13.9,8.8,0.7,1.9,0.0,0.0,0.0,2.3,3.6,6.0,0.105,-0.2,-0.1,-0.3,1.2
51,Archie Clark,SG,34.0,DET,79.0,1589.0,12.5,0.478,0.0,0.201,1.7,7.3,4.5,18.7,1.8,0.1,0.0,0.0,0.0,1.0,0.7,1.7,0.051,-1.7,-1.0,-2.7,-0.3
52,Jim Cleamons,PG,26.0,CLE,82.0,2835.0,14.9,0.509,0.0,0.246,4.3,8.6,6.4,20.5,2.1,0.4,0.0,0.0,0.0,4.2,2.9,7.1,0.12,2.0,0.8,2.9,3.5
53,Barry Clemens,SF,32.0,POR,49.0,443.0,13.8,0.54,0.0,0.245,6.4,9.7,8.1,10.5,2.7,0.8,0.0,0.0,0.0,0.6,0.5,1.1,0.116,-1.3,-0.1,-1.4,0.1
54,E.C. Coleman,PF,25.0,NOJ,67.0,1850.0,9.7,0.474,0.0,0.186,6.6,16.0,11.3,6.5,1.4,0.9,0.0,0.0,0.0,0.4,2.1,2.5,0.065,-3.0,1.1,-1.8,0.1
55,Doug Collins,SG,24.0,PHI,77.0,2995.0,16.7,0.575,0.0,0.372,4.1,5.8,5.0,9.6,1.6,0.4,0.0,0.0,0.0,8.2,1.9,10.0,0.161,2.5,-1.0,1.5,2.7
56,Mel Counts,C,34.0,NOJ,30.0,319.0,12.2,0.449,0.0,0.231,8.3,23.0,15.6,16.4,2.3,1.3,0.0,0.0,0.0,-0.1,0.6,0.4,0.062,-2.0,2.0,0.0,0.2
57,Dave Cowens*,C,27.0,BOS,78.0,3101.0,18.9,0.508,0.0,0.261,10.6,29.0,19.8,15.1,1.4,1.2,0.0,0.0,0.0,5.0,5.6,10.7,0.165,2.6,2.4,5.0,5.5
58,Jim Creighton,SF,25.0,ATL,32.0,172.0,5.5,0.31,0.0,0.372,7.6,19.8,13.5,3.0,0.5,2.8,0.0,0.0,0.0,-0.4,0.1,-0.2,-0.063,-9.5,-0.4,-9.9,-0.3
59,Billy Cunningham*,SF,32.0,PHI,20.0,640.0,16.4,0.473,0.0,0.351,4.4,17.8,11.1,23.5,1.7,0.8,0.0,0.0,0.0,0.4,0.8,1.2,0.093,0.6,0.8,1.3,0.5
60,Mike D'Antoni,SG,24.0,KCK,9.0,101.0,7.7,0.287,0.0,0.074,4.0,10.2,7.1,20.4,4.5,0.0,0.0,0.0,0.0,-0.2,0.1,-0.1,-0.047,-6.2,1.9,-4.4,-0.1
61,Bob Dandridge,SF,28.0,MIL,73.0,2735.0,19.1,0.545,0.0,0.254,6.7,13.7,10.3,11.9,1.9,0.7,0.0,0.0,0.0,6.4,2.6,9.0,0.158,3.2,0.0,3.2,3.6
62,Dwight Davis,PF,26.0,GSW,72.0,866.0,11.5,0.471,0.0,0.42,9.7,15.2,12.4,6.6,1.0,1.7,0.0,0.0,0.0,0.3,1.2,1.5,0.084,-1.9,-1.1,-3.0,-0.2
63,Mel Davis,PF,25.0,NYK,42.0,408.0,14.8,0.423,0.0,0.15,10.7,26.9,18.7,11.1,1.8,0.7,0.0,0.0,0.0,-0.2,0.6,0.4,0.045,-2.6,-0.2,-2.7,-0.1
64,Mickey Davis,SF,25.0,MIL,45.0,411.0,12.7,0.445,0.0,0.414,6.5,14.5,10.6,12.2,1.5,0.3,0.0,0.0,0.0,0.0,0.3,0.3,0.036,-2.9,-1.3,-4.3,-0.2
65,Darryl Dawkins,C,19.0,PHI,37.0,165.0,14.3,0.486,0.0,0.293,8.8,19.9,14.3,2.9,0.5,2.8,0.0,0.0,0.0,-0.1,0.2,0.1,0.041,-3.7,-4.1,-7.7,-0.2
66,Rod Derline,SG,23.0,SEA,49.0,339.0,13.7,0.464,0.0,0.309,2.4,5.9,4.1,11.3,1.4,0.2,0.0,0.0,0.0,0.2,0.2,0.3,0.049,-2.7,-4.2,-6.9,-0.4
67,Henry Dickerson,SG,24.0,DET,17.0,112.0,4.6,0.388,0.0,0.552,2.7,0.0,1.4,8.8,0.8,0.5,0.0,0.0,0.0,-0.2,0.0,-0.2,-0.07,-6.4,-2.8,-9.2,-0.2
69,Derrek Dickey,PF,24.0,GSW,79.0,1207.0,13.9,0.494,0.0,0.167,9.2,18.4,13.9,9.2,1.0,0.5,0.0,0.0,0.0,1.4,1.7,3.1,0.122,-0.5,-1.4,-1.9,0.0
70,Ernie DiGregorio,PG,25.0,BUF,67.0,1364.0,10.7,0.437,0.0,0.198,1.2,7.2,4.3,25.9,1.2,0.0,0.0,0.0,0.0,-0.7,0.8,0.1,0.002,-3.2,-2.6,-5.7,-1.3
71,John Drew,SF,21.0,ATL,77.0,2351.0,25.3,0.57,0.0,0.562,12.2,16.9,14.5,10.9,2.7,0.7,0.0,0.0,0.0,8.2,2.4,10.6,0.216,6.4,-0.2,6.2,4.9
72,Charles Dudley,PG,25.0,GSW,82.0,1456.0,16.1,0.575,0.0,0.71,7.5,10.2,8.9,20.4,2.3,0.1,0.0,0.0,0.0,2.6,2.0,4.6,0.151,3.1,-0.1,3.1,1.9
73,Dennis DuVal,PG,23.0,ATL,13.0,130.0,9.1,0.383,0.0,0.209,0.8,5.7,3.2,21.4,2.1,0.8,0.0,0.0,0.0,-0.2,0.1,-0.1,-0.039,-5.4,-1.6,-7.1,-0.2
74,Al Eberhard,SF,23.0,DET,81.0,2066.0,11.7,0.483,0.0,0.335,6.8,12.8,9.8,5.3,1.9,0.4,0.0,0.0,0.0,1.1,1.5,2.6,0.06,-2.2,0.1,-2.1,0.0
75,Leroy Ellis,C,35.0,PHI,29.0,489.0,10.9,0.482,0.0,0.212,9.3,14.8,12.1,5.7,1.5,0.9,0.0,0.0,0.0,0.3,0.5,0.9,0.085,-3.0,0.0,-3.0,-0.1
76,Keith Erickson,SF,31.0,PHO,74.0,1850.0,14.1,0.518,0.0,0.242,6.3,13.1,9.7,14.4,1.9,0.2,0.0,0.0,0.0,2.0,1.8,3.8,0.098,-0.4,-0.3,-0.7,0.6
77,Eric Fernsten,C,22.0,TOT,37.0,268.0,14.3,0.45,0.0,0.43,8.8,18.2,13.2,10.8,1.3,3.0,0.0,0.0,0.0,0.1,0.4,0.5,0.089,-2.7,0.8,-1.9,0.0
78,Eric Fernsten,C,22.0,CLE,4.0,9.0,-6.5,0.0,0.0,0.0,0.0,11.8,5.7,0.0,0.0,0.0,0.0,0.0,0.0,0.0,0.0,0.0,-0.176,-15.2,-2.7,-17.9,0.0
79,Eric Fernsten,C,22.0,CHI,33.0,259.0,15.0,0.459,0.0,0.44,9.1,18.4,13.4,11.2,1.3,3.1,0.0,0.0,0.0,0.2,0.4,0.5,0.098,-2.3,0.9,-1.4,0.0
80,Larry Fogle,SG,22.0,NYK,2.0,14.0,-0.5,0.2,0.0,0.0,7.2,14.9,11.0,0.0,3.3,0.0,0.0,0.0,0.0,-0.1,0.0,0.0,-0.163,-12.4,-2.5,-14.9,0.0
81,Chris Ford,SG,27.0,DET,82.0,2198.0,13.0,0.452,0.0,0.163,3.7,10.1,6.8,16.4,3.7,0.6,0.0,0.0,0.0,0.3,2.4,2.7,0.058,-1.4,2.5,1.1,1.7
82,Don Ford,SF,23.0,LAL,76.0,1838.0,11.6,0.471,0.0,0.196,6.4,10.8,8.7,8.3,1.2,0.4,0.0,0.0,0.0,0.7,1.2,2.0,0.051,-2.5,-1.2,-3.7,-0.8
83,Jim Fox,C,32.0,MIL,70.0,918.0,12.4,0.572,0.0,0.389,9.6,16.9,13.3,6.0,1.4,0.9,0.0,0.0,0.0,1.3,0.9,2.2,0.116,-1.5,0.2,-1.3,0.2
84,Walt Frazier*,PG,30.0,NYK,59.0,2427.0,17.7,0.527,0.0,0.233,3.3,13.8,8.5,21.4,2.0,0.2,0.0,0.0,0.0,4.4,2.4,6.8,0.134,3.0,1.4,4.4,3.9
85,World B. Free,SG,22.0,PHI,71.0,1121.0,14.8,0.48,0.0,0.349,5.5,5.2,5.4,14.1,1.5,0.3,0.0,0.0,0.0,0.9,0.6,1.5,0.064,-0.4,-2.9,-3.3,-0.4
86,Donnie Freeman,SG,31.0,LAL,64.0,1480.0,14.5,0.497,0.0,0.328,4.8,6.8,5.8,16.0,1.7,0.4,0.0,0.0,0.0,1.5,0.9,2.4,0.078,-0.2,-1.5,-1.8,0.1
87,Rowland Garrett,SF,25.0,TOT,55.0,540.0,14.9,0.469,0.0,0.252,8.0,14.3,11.0,5.0,2.2,0.7,0.0,0.0,0.0,0.4,0.7,1.1,0.096,-1.5,-2.0,-3.4,-0.2
88,Rowland Garrett,SF,25.0,CHI,14.0,324.0,14.8,0.505,0.0,0.336,7.9,16.0,11.7,3.5,1.2,0.7,0.0,0.0,0.0,0.5,0.3,0.8,0.125,-1.5,-2.1,-3.7,-0.1
89,Rowland Garrett,SF,25.0,CLE,41.0,216.0,15.0,0.429,0.0,0.165,8.3,11.8,10.0,7.2,3.7,0.8,0.0,0.0,0.0,-0.1,0.4,0.2,0.054,-1.3,-1.7,-3.0,-0.1
90,John Gianelli,C,25.0,NYK,82.0,2332.0,12.3,0.504,0.0,0.233,8.1,16.4,12.2,6.8,0.5,1.4,0.0,0.0,0.0,2.5,1.9,4.4,0.091,-1.5,0.7,-0.9,0.7
91,Dick Gibbs,SF,27.0,BUF,72.0,866.0,9.8,0.49,0.0,0.309,5.2,7.5,6.4,7.7,0.8,0.8,0.0,0.0,0.0,0.2,0.5,0.7,0.039,-3.5,-2.3,-5.9,-0.8
92,Herm Gilliam,SG,29.0,SEA,81.0,1644.0,13.8,0.473,0.0,0.172,3.4,10.6,6.9,17.2,2.2,0.4,0.0,0.0,0.0,1.2,1.4,2.7,0.078,-1.2,-0.4,-1.6,0.2
94,Gail Goodrich*,SG,32.0,LAL,75.0,2646.0,17.1,0.495,0.0,0.262,3.5,4.2,3.9,23.4,2.1,0.3,0.0,0.0,0.0,3.5,1.5,5.1,0.092,2.0,-1.8,0.2,1.5
95,Leonard Gray,PF,24.0,SEA,66.0,2139.0,13.9,0.505,0.0,0.203,5.1,14.3,9.6,13.3,1.6,0.9,0.0,0.0,0.0,2.2,2.0,4.1,0.092,-0.1,0.5,0.4,1.3
96,Kevin Grevey,SF,22.0,WSB,56.0,504.0,10.0,0.44,0.0,0.272,5.1,7.2,6.2,7.6,1.2,0.3,0.0,0.0,0.0,-0.3,0.5,0.1,0.011,-3.5,-3.2,-6.7,-0.6
97,Bob Gross,SF,22.0,POR,76.0,1474.0,15.6,0.557,0.0,0.355,9.8,11.4,10.6,15.3,2.8,1.5,0.0,0.0,0.0,1.8,1.9,3.8,0.123,1.1,1.8,2.9,1.8
98,Matt Guokas,SG,31.0,TOT,56.0,793.0,6.9,0.444,0.0,0.156,2.8,5.4,4.0,12.2,1.0,0.2,0.0,0.0,0.0,0.1,0.3,0.3,0.021,-5.1,-1.0,-6.1,-0.8
99,Matt Guokas,SG,31.0,CHI,18.0,278.0,9.8,0.514,0.0,0.149,1.4,4.7,2.9,15.4,0.9,0.2,0.0,0.0,0.0,0.3,0.1,0.5,0.079,-3.1,-2.0,-5.0,-0.2
100,Matt Guokas,SG,31.0,KCK,38.0,515.0,5.4,0.391,0.0,0.162,3.5,5.8,4.7,10.5,1.1,0.2,0.0,0.0,0.0,-0.3,0.1,-0.1,-0.01,-6.3,-0.5,-6.7,-0.6
101,Lindsay Hairston,SF,24.0,DET,47.0,651.0,14.8,0.492,0.0,0.491,10.1,18.4,14.2,4.4,1.5,2.6,0.0,0.0,0.0,0.3,0.7,1.0,0.075,-2.4,-0.3,-2.7,-0.1
102,Glenn Hansen,SG,23.0,KCK,66.0,1145.0,11.2,0.457,0.0,0.279,6.8,9.9,8.3,8.4,1.9,0.6,0.0,0.0,0.0,0.0,0.8,0.8,0.032,-3.3,-0.8,-4.1,-0.6
103,Clem Haskins,SG,32.0,WSB,55.0,737.0,15.5,0.588,0.0,0.242,1.7,5.7,3.8,15.1,1.4,0.6,0.0,0.0,0.0,1.6,0.7,2.3,0.148,1.0,-2.4,-1.4,0.1
104,John Havlicek*,SF,35.0,BOS,76.0,2598.0,15.5,0.508,0.0,0.297,4.4,7.5,5.9,15.3,1.7,0.6,0.0,0.0,0.0,4.7,2.7,7.4,0.137,1.6,-0.3,1.3,2.1
105,Steve Hawes,C,25.0,TOT,72.0,1411.0,15.1,0.532,0.0,0.298,12.7,23.1,18.0,11.2,1.4,0.9,0.0,0.0,0.0,1.6,1.9,3.4,0.117,-0.4,0.8,0.4,0.8
106,Steve Hawes,C,25.0,HOU,6.0,51.0,11.4,0.385,0.0,0.0,11.0,26.8,19.1,24.5,0.0,0.0,0.0,0.0,0.0,0.0,0.0,0.0,0.005,-4.1,0.3,-3.8,0.0
107,Steve Hawes,C,25.0,POR,66.0,1360.0,15.2,0.536,0.0,0.308,12.8,22.9,18.0,10.7,1.4,1.0,0.0,0.0,0.0,1.6,1.8,3.4,0.121,-0.3,0.8,0.5,0.9
108,Bubbles Hawkins,SG,21.0,GSW,32.0,153.0,25.0,0.536,0.0,0.298,10.2,8.6,9.4,17.9,2.9,2.7,0.0,0.0,0.0,0.4,0.3,0.6,0.196,6.8,-1.6,5.2,0.3
109,Connie Hawkins*,PF,33.0,ATL,74.0,1907.0,14.3,0.497,0.0,0.36,5.4,19.1,12.0,15.7,1.9,1.3,0.0,0.0,0.0,1.7,1.8,3.5,0.087,-1.4,2.2,0.8,1.4
110,Nate Hawthorne,SG,26.0,PHO,79.0,1144.0,11.7,0.481,0.0,0.402,8.3,11.6,9.9,5.7,1.3,0.7,0.0,0.0,0.0,0.2,0.9,1.1,0.046,-3.2,-2.4,-5.6,-1.0
111,Elvin Hayes*,PF,30.0,WSB,80.0,2975.0,18.4,0.501,0.0,0.331,7.6,22.6,15.3,6.4,1.6,3.5,0.0,0.0,0.0,2.2,5.9,8.1,0.131,0.0,0.7,0.7,2.0
112,Spencer Haywood*,PF,26.0,NYK,78.0,2892.0,17.2,0.497,0.0,0.329,8.2,23.3,15.6,4.8,0.8,1.5,0.0,0.0,0.0,3.5,3.4,6.8,0.114,-0.6,-1.0,-1.6,0.3
113,Gar Heard,PF,27.0,TOT,86.0,2747.0,13.7,0.466,0.0,0.275,9.8,23.5,16.8,9.4,1.9,1.8,0.0,0.0,0.0,0.3,4.2,4.5,0.079,-2.2,1.7,-0.5,1.1
114,Gar Heard,PF,27.0,BUF,50.0,1527.0,13.4,0.45,0.0,0.274,9.8,24.7,17.5,11.0,1.9,1.8,0.0,0.0,0.0,-0.3,2.5,2.2,0.069,-2.4,2.2,-0.2,0.7
115,Gar Heard,PF,27.0,PHO,36.0,1220.0,14.1,0.486,0.0,0.276,9.8,21.9,15.9,7.4,1.9,1.8,0.0,0.0,0.0,0.6,1.7,2.3,0.092,-1.9,1.1,-0.8,0.4
116,Tom Henderson,PG,24.0,ATL,81.0,2900.0,13.2,0.454,0.0,0.268,2.0,7.6,4.7,19.2,2.2,0.2,0.0,0.0,0.0,0.8,1.3,2.1,0.035,-1.3,-0.1,-1.4,0.4
117,Wilbur Holland,SG,24.0,ATL,33.0,351.0,13.2,0.421,0.0,0.16,4.3,7.9,6.0,12.5,2.6,0.3,0.0,0.0,0.0,-0.3,0.2,-0.1,-0.018,-3.1,-2.6,-5.7,-0.3
118,Lionel Hollins,PG,22.0,POR,74.0,1891.0,14.3,0.472,0.0,0.335,2.2,7.2,4.7,23.1,3.1,0.8,0.0,0.0,0.0,-0.4,2.2,1.8,0.047,-0.7,-0.3,-0.9,0.5
119,Lou Hudson,SG,31.0,ATL,81.0,2558.0,16.8,0.516,0.0,0.241,4.1,8.1,6.0,13.7,2.2,0.4,0.0,0.0,0.0,4.6,1.3,5.9,0.111,1.1,-0.5,0.6,1.7
121,John Hummer,PF,27.0,SEA,29.0,364.0,7.6,0.476,0.0,0.612,5.8,16.3,10.9,8.5,0.7,1.3,0.0,0.0,0.0,-0.2,0.3,0.1,0.019,-4.3,0.1,-4.2,-0.2
122,Phil Jackson*,PF,30.0,NYK,80.0,1461.0,11.8,0.53,0.0,0.388,5.5,18.8,12.1,9.7,1.3,0.7,0.0,0.0,0.0,0.9,1.6,2.5,0.082,-1.4,0.8,-0.6,0.5
123,Aaron James,SF,23.0,NOJ,75.0,1346.0,13.7,0.495,0.0,0.343,6.8,11.6,9.2,6.8,1.1,0.2,0.0,0.0,0.0,1.0,1.2,2.2,0.079,-1.2,-2.6,-3.9,-0.6
124,Charles Johnson,PG,26.0,GSW,81.0,1549.0,14.2,0.485,0.0,0.108,4.8,7.6,6.2,11.1,2.9,0.2,0.0,0.0,0.0,1.6,2.1,3.7,0.116,0.1,-1.0,-0.9,0.4
125,George Johnson,C,27.0,GSW,82.0,1745.0,13.2,0.517,0.0,0.305,11.1,23.1,17.2,5.6,1.3,5.1,0.0,0.0,0.0,1.3,3.8,5.0,0.138,-1.7,3.1,1.4,1.5
126,John Johnson,SF,28.0,TOT,76.0,1697.0,15.2,0.491,0.0,0.222,6.1,14.6,10.5,18.0,1.5,1.1,0.0,0.0,0.0,1.3,1.1,2.5,0.07,-1.0,0.1,-0.9,0.5
127,John Johnson,SF,28.0,POR,9.0,212.0,15.9,0.526,0.0,0.307,6.4,12.7,9.6,14.0,1.5,2.0,0.0,0.0,0.0,0.2,0.2,0.4,0.101,0.0,-0.5,-0.5,0.1
128,John Johnson,SF,28.0,HOU,67.0,1485.0,15.1,0.486,0.0,0.21,6.1,14.9,10.7,18.6,1.5,1.0,0.0,0.0,0.0,1.1,0.9,2.0,0.066,-1.1,0.2,-0.9,0.4
129,Mickey Johnson,PF,23.0,CHI,81.0,2390.0,19.4,0.52,0.0,0.348,11.0,21.7,16.0,9.3,1.9,1.6,0.0,0.0,0.0,4.8,3.6,8.3,0.167,2.5,0.6,3.2,3.1
130,Ollie Johnson,SF,26.0,KCK,81.0,2150.0,13.5,0.552,0.0,0.22,5.5,11.6,8.5,9.9,1.4,1.0,0.0,0.0,0.0,3.4,1.4,4.8,0.107,-1.0,0.3,-0.7,0.7
131,Dwight Jones,C,23.0,ATL,66.0,1762.0,15.0,0.521,0.0,0.404,9.7,21.3,15.3,6.8,1.4,1.9,0.0,0.0,0.0,2.2,1.7,3.8,0.104,-1.2,1.0,-0.2,0.8
132,Jimmy Jones,PG,31.0,WSB,64.0,1133.0,11.9,0.541,0.0,0.305,3.0,8.8,6.0,14.6,1.3,0.2,0.0,0.0,0.0,1.1,1.1,2.2,0.095,-0.7,-1.1,-1.7,0.1
133,Steve Jones,SG,33.0,POR,64.0,819.0,12.1,0.491,0.0,0.247,1.7,7.5,4.7,11.6,0.9,0.4,0.0,0.0,0.0,0.3,0.5,0.8,0.047,-3.0,-3.5,-6.5,-0.9
134,Wali Jones,PG,33.0,TOT,17.0,176.0,11.1,0.503,0.0,0.265,0.0,4.9,2.5,25.1,1.5,0.0,0.0,0.0,0.0,0.1,0.1,0.2,0.05,-2.7,-3.9,-6.6,-0.2
135,Wali Jones,PG,33.0,DET,1.0,19.0,9.9,0.364,0.0,0.0,0.0,0.0,0.0,15.5,4.8,0.0,0.0,0.0,0.0,0.0,0.0,0.0,-0.03,-6.6,-3.9,-10.5,0.0
136,Wali Jones,PG,33.0,PHI,16.0,157.0,11.2,0.538,0.0,0.342,0.0,5.5,2.8,26.3,1.1,0.0,0.0,0.0,0.0,0.1,0.1,0.2,0.059,-2.3,-3.9,-6.1,-0.2
137,Rich Kelley,C,22.0,NOJ,75.0,1346.0,19.3,0.562,0.0,0.541,14.1,25.0,19.5,16.3,1.7,2.4,0.0,0.0,0.0,2.4,2.4,4.8,0.171,2.9,2.4,5.4,2.5
138,Len Kosmalski,C,24.0,KCK,9.0,93.0,12.1,0.433,0.0,0.35,9.8,17.8,13.7,17.0,1.5,2.3,0.0,0.0,0.0,0.0,0.1,0.1,0.041,-3.4,1.8,-1.6,0.0
139,Tom Kozelko,PF,24.0,WSB,67.0,584.0,7.5,0.512,0.0,0.303,3.5,10.9,7.3,7.3,1.5,0.4,0.0,0.0,0.0,0.0,0.7,0.7,0.057,-3.7,0.1,-3.5,-0.2
140,Tom Kropp,SG,22.0,WSB,25.0,72.0,3.9,0.291,0.0,0.2,7.5,14.0,10.8,14.6,1.3,0.0,0.0,0.0,0.0,-0.3,0.1,-0.2,-0.16,-7.0,-2.4,-9.3,-0.1
141,Steve Kuberski,C-SF,28.0,TOT,70.0,967.0,12.0,0.523,0.0,0.271,9.2,17.3,13.2,6.5,0.6,0.7,0.0,0.0,0.0,1.2,1.1,2.3,0.113,-1.7,-0.9,-2.7,-0.2
142,Steve Kuberski,SF,28.0,BUF,10.0,85.0,7.8,0.464,0.0,0.176,5.1,25.0,15.4,4.4,0.5,1.2,0.0,0.0,0.0,0.0,0.1,0.1,0.043,-7.0,-0.3,-7.3,-0.1
143,Steve Kuberski,C,28.0,BOS,60.0,882.0,12.4,0.527,0.0,0.277,9.6,16.5,13.0,6.7,0.6,0.6,0.0,0.0,0.0,1.2,1.0,2.2,0.12,-1.2,-1.0,-2.2,-0.1
144,Kevin Kunnert,C,24.0,HOU,80.0,2335.0,16.4,0.505,0.0,0.164,12.8,23.4,18.3,9.5,1.1,2.4,0.0,0.0,0.0,2.6,2.2,4.8,0.099,-0.9,1.0,0.1,1.2
145,C.J. Kupec,SF,23.0,LAL,16.0,55.0,9.7,0.301,0.0,0.275,7.2,32.0,20.0,12.7,2.4,0.0,0.0,0.0,0.0,-0.3,0.1,-0.2,-0.198,-9.7,-3.0,-12.8,-0.2
146,Sam Lacey,C,27.0,KCK,81.0,3083.0,15.5,0.452,0.0,0.281,7.1,27.0,17.0,17.2,1.9,2.3,0.0,0.0,0.0,0.4,4.7,5.0,0.079,-1.6,3.8,2.2,3.3
148,John Lambert,PF,23.0,CLE,54.0,333.0,13.9,0.487,0.0,0.336,11.0,20.8,15.7,6.5,1.1,2.0,0.0,0.0,0.0,0.3,0.5,0.7,0.108,-1.5,-0.7,-2.2,0.0
149,Bob Lanier*,C,27.0,DET,64.0,2363.0,22.7,0.579,0.0,0.364,9.3,23.5,16.3,13.9,1.5,1.9,0.0,0.0,0.0,7.3,2.8,10.1,0.205,4.6,1.9,6.5,5.1
150,Stu Lantz,PG,29.0,LAL,53.0,853.0,9.8,0.514,0.0,0.436,3.3,7.7,5.6,11.1,1.4,0.2,0.0,0.0,0.0,0.6,0.5,1.0,0.059,-2.9,-0.9,-3.8,-0.4
151,John Laskowski,SG,22.0,CHI,71.0,1570.0,11.3,0.441,0.0,0.174,3.1,11.5,7.0,5.8,1.7,0.4,0.0,0.0,0.0,0.2,1.5,1.7,0.051,-3.6,-1.3,-4.9,-1.2
152,Clyde Lee,C,31.0,PHI,79.0,1421.0,9.9,0.477,0.0,0.337,11.2,19.6,15.4,5.3,0.7,1.0,0.0,0.0,0.0,0.7,1.6,2.2,0.076,-3.5,0.1,-3.4,-0.5
153,Greg Lee,PG,24.0,POR,5.0,35.0,12.8,0.615,0.0,0.5,0.0,5.7,2.9,38.9,2.5,0.0,0.0,0.0,0.0,0.0,0.0,0.0,0.041,-2.0,-4.2,-6.1,0.0
154,Bob Love,SF,33.0,CHI,76.0,2823.0,14.1,0.455,0.0,0.325,6.4,12.2,9.1,8.7,1.1,0.2,0.0,0.0,0.0,2.2,2.3,4.5,0.076,-0.3,-1.6,-1.9,0.1
155,Phil Lumpkin,PG,24.0,PHO,34.0,370.0,8.2,0.448,0.0,0.462,2.1,4.6,3.4,16.2,1.8,0.0,0.0,0.0,0.0,0.0,0.2,0.2,0.022,-5.0,-1.6,-6.6,-0.4
156,Pete Maravich*,SG,28.0,NOJ,62.0,2373.0,20.5,0.524,0.0,0.371,1.9,10.7,6.3,23.8,1.6,0.5,0.0,0.0,0.0,4.8,2.3,7.1,0.144,4.8,-1.1,3.7,3.4
157,Jack Marin,SF,31.0,TOT,79.0,1909.0,12.7,0.473,0.0,0.232,3.5,10.3,6.7,11.9,1.1,0.3,0.0,0.0,0.0,1.6,1.4,3.1,0.077,-1.5,-1.5,-2.9,-0.4
158,Jack Marin,SF,31.0,BUF,12.0,278.0,11.9,0.502,0.0,0.351,3.9,10.9,7.5,11.2,1.1,1.1,0.0,0.0,0.0,0.2,0.2,0.4,0.07,-2.6,-1.0,-3.6,-0.1
159,Jack Marin,SF,31.0,CHI,67.0,1631.0,12.8,0.469,0.0,0.216,3.4,10.2,6.6,12.1,1.1,0.2,0.0,0.0,0.0,1.4,1.2,2.7,0.078,-1.3,-1.5,-2.8,-0.3
160,LaRue Martin,C,25.0,POR,63.0,889.0,10.3,0.409,0.0,0.255,8.0,27.2,17.8,10.9,0.3,1.4,0.0,0.0,0.0,-1.1,1.1,0.1,0.004,-5.5,-0.5,-6.0,-0.9
161,Clyde Mayes,PF,22.0,MIL,65.0,948.0,11.1,0.489,0.0,0.391,11.0,17.7,14.4,5.2,0.4,2.3,0.0,0.0,0.0,0.2,0.9,1.0,0.053,-3.1,-0.5,-3.5,-0.4
162,Ken Mayfield,SG,27.0,NYK,13.0,64.0,7.3,0.391,0.0,0.065,1.6,11.4,6.4,10.4,0.0,0.0,0.0,0.0,0.0,-0.2,0.0,-0.2,-0.134,-6.0,-6.2,-12.2,-0.2
163,Bob McAdoo*,C,24.0,BUF,78.0,3328.0,23.3,0.542,0.0,0.383,7.8,22.0,15.1,15.7,1.2,2.5,0.0,0.0,0.0,7.7,4.6,12.3,0.178,4.4,0.6,5.0,5.9
164,Jim McDaniels,C,27.0,LAL,35.0,242.0,11.9,0.429,0.0,0.088,10.7,18.4,14.7,8.5,0.7,2.0,0.0,0.0,0.0,-0.1,0.3,0.2,0.037,-4.1,-1.4,-5.5,-0.2
165,Glenn McDonald,SF,23.0,BOS,75.0,1019.0,11.0,0.439,0.0,0.123,5.4,7.6,6.5,9.5,1.7,1.0,0.0,0.0,0.0,0.0,1.2,1.1,0.053,-2.8,-1.1,-3.9,-0.5
166,Jim McElroy,PG,22.0,NOJ,51.0,1134.0,12.5,0.556,0.0,0.372,3.0,6.7,4.8,13.3,1.7,0.2,0.0,0.0,0.0,1.7,0.9,2.6,0.108,-0.8,-0.4,-1.3,0.2
167,George McGinnis*,PF,25.0,PHI,77.0,2946.0,21.3,0.482,0.0,0.414,8.5,23.1,15.9,18.7,3.0,0.7,0.0,0.0,0.0,3.1,5.5,8.5,0.139,3.5,1.9,5.4,5.5
168,Jon McGlocklin,SG,32.0,MIL,33.0,336.0,10.9,0.443,0.0,0.068,1.0,4.2,2.6,16.5,1.1,0.0,0.0,0.0,0.0,0.1,0.1,0.2,0.023,-4.0,-3.7,-7.7,-0.5
169,Tom McMillen,C,23.0,BUF,50.0,708.0,11.5,0.474,0.0,0.243,9.8,17.4,13.7,13.0,0.4,0.4,0.0,0.0,0.0,0.2,0.6,0.8,0.055,-2.4,-1.1,-3.5,-0.3
171,Jim McMillian,SF,27.0,BUF,74.0,2610.0,15.3,0.578,0.0,0.239,5.5,9.9,7.8,11.3,1.5,0.3,0.0,0.0,0.0,6.0,2.0,7.9,0.146,1.1,-0.1,1.0,2.0
172,Larry McNeill,PF,25.0,KCK,82.0,1613.0,17.0,0.546,0.0,0.448,9.8,22.6,16.2,6.7,1.4,1.1,0.0,0.0,0.0,2.6,1.8,4.3,0.129,-0.5,-1.0,-1.5,0.2
173,Cliff Meely,PF,28.0,TOT,34.0,313.0,13.1,0.447,0.0,0.364,7.5,23.8,15.9,8.3,2.0,1.3,0.0,0.0,0.0,-0.2,0.4,0.2,0.026,-4.5,-0.9,-5.3,-0.3
174,Cliff Meely,PF,28.0,HOU,14.0,174.0,12.0,0.415,0.0,0.198,7.7,24.2,16.2,8.1,2.4,1.2,0.0,0.0,0.0,-0.2,0.2,0.0,-0.01,-5.8,-0.5,-6.4,-0.2
175,Cliff Meely,PF,28.0,LAL,20.0,139.0,14.5,0.492,0.0,0.627,7.1,23.3,15.5,8.6,1.6,1.4,0.0,0.0,0.0,0.0,0.2,0.2,0.071,-2.7,-1.3,-4.0,-0.1
176,Dean Meminger,SG,27.0,ATL,68.0,1418.0,12.1,0.46,0.0,0.401,4.6,6.4,5.5,21.6,1.8,0.3,0.0,0.0,0.0,0.5,0.4,1.0,0.033,-1.8,-0.4,-2.2,-0.1
177,John Mengelt,SG,26.0,DET,67.0,1105.0,19.4,0.559,0.0,0.439,2.5,8.4,5.4,15.0,1.7,0.2,0.0,0.0,0.0,2.7,0.5,3.2,0.14,2.6,-2.5,0.1,0.6
178,Joe Meriweather,C,22.0,HOU,81.0,2042.0,14.4,0.526,0.0,0.349,8.9,18.2,13.7,5.5,0.8,3.1,0.0,0.0,0.0,2.3,1.6,3.8,0.09,-2.5,0.4,-2.2,-0.1
179,Dave Meyers,PF,22.0,MIL,72.0,1589.0,13.4,0.47,0.0,0.445,8.2,20.6,14.6,8.4,2.1,0.8,0.0,0.0,0.0,0.3,2.1,2.4,0.072,-2.3,1.0,-1.3,0.3
180,Steve Mix,SF,28.0,PHI,81.0,3039.0,15.1,0.565,0.0,0.416,6.8,14.2,10.5,9.7,2.3,0.5,0.0,0.0,0.0,5.7,3.7,9.4,0.148,1.1,1.7,2.8,3.7
181,Eric Money,PG,20.0,DET,80.0,2267.0,16.3,0.508,0.0,0.19,3.4,6.0,4.7,21.5,2.8,0.3,0.0,0.0,0.0,2.8,1.5,4.2,0.09,1.6,0.0,1.6,2.0
182,Earl Monroe*,SG,31.0,NYK,76.0,2889.0,17.1,0.521,0.0,0.263,1.7,8.1,4.9,16.3,1.8,0.4,0.0,0.0,0.0,5.1,2.1,7.2,0.119,2.2,-0.4,1.7,2.7
183,Otto Moore,C,29.0,NOJ,81.0,2407.0,14.2,0.473,0.0,0.336,6.6,26.3,16.4,12.4,1.6,3.0,0.0,0.0,0.0,0.5,4.4,5.0,0.099,-2.1,3.4,1.4,2.0
184,Jeff Mullins,SG,33.0,GSW,29.0,311.0,14.5,0.524,0.0,0.242,3.8,6.1,4.9,16.9,2.0,0.2,0.0,0.0,0.0,0.5,0.3,0.9,0.134,0.6,-2.3,-1.7,0.0
185,Calvin Murphy*,PG,27.0,HOU,82.0,2995.0,19.9,0.556,0.0,0.299,1.9,5.5,3.8,29.6,2.3,0.1,0.0,0.0,0.0,7.7,1.1,8.8,0.141,3.9,-1.5,2.4,3.4
186,Lloyd Neal,PF,25.0,POR,68.0,2320.0,14.8,0.517,0.0,0.296,6.5,18.9,12.9,7.5,1.0,2.4,0.0,0.0,0.0,1.8,2.9,4.7,0.097,-1.4,0.4,-1.0,0.6
187,Don Nelson*,SF,35.0,BOS,75.0,943.0,15.1,0.53,0.0,0.425,5.8,13.2,9.5,11.5,0.7,0.4,0.0,0.0,0.0,1.7,0.9,2.6,0.134,0.2,-2.0,-1.8,0.0
188,Louie Nelson,SG,24.0,NOJ,66.0,2030.0,12.3,0.481,0.0,0.305,3.9,6.0,4.9,12.2,1.8,0.2,0.0,0.0,0.0,1.3,1.6,2.9,0.069,-1.0,-0.7,-1.7,0.2
189,Mike Newlin,SG,27.0,HOU,82.0,3065.0,17.4,0.577,0.0,0.396,2.6,9.1,5.9,20.9,1.6,0.1,0.0,0.0,0.0,7.5,0.9,8.5,0.133,2.3,-0.5,1.7,2.9
190,Connie Norman,SG,22.0,PHI,65.0,818.0,12.7,0.446,0.0,0.057,6.0,5.9,6.0,12.4,1.5,0.4,0.0,0.0,0.0,0.3,0.5,0.8,0.046,-2.1,-2.6,-4.8,-0.6
191,Willie Norwood,SF,28.0,SEA,64.0,1004.0,15.4,0.569,0.0,0.674,9.1,14.6,11.8,7.8,1.9,0.2,0.0,0.0,0.0,2.0,0.9,3.0,0.141,0.7,-0.8,-0.2,0.5
192,Frank Oleynick,SG,20.0,SEA,52.0,650.0,10.9,0.439,0.0,0.244,1.5,5.7,3.6,11.6,1.4,0.5,0.0,0.0,0.0,-0.2,0.3,0.1,0.005,-3.9,-3.3,-7.2,-0.9
194,Steve Patterson,C,27.0,TOT,66.0,918.0,9.9,0.414,0.0,0.245,8.3,17.4,12.6,12.4,0.8,1.0,0.0,0.0,0.0,0.0,0.9,0.9,0.047,-3.7,0.7,-2.9,-0.2
195,Steve Patterson,C,27.0,CLE,14.0,136.0,10.9,0.448,0.0,0.263,5.1,16.4,10.6,8.6,1.0,2.0,0.0,0.0,0.0,0.0,0.2,0.2,0.074,-3.7,0.3,-3.4,0.0
196,Steve Patterson,C,27.0,CHI,52.0,782.0,9.8,0.407,0.0,0.242,8.8,17.6,12.9,13.0,0.8,0.8,0.0,0.0,0.0,-0.1,0.8,0.7,0.042,-3.7,0.8,-2.9,-0.2
197,Curtis Perry,PF,27.0,PHO,71.0,2353.0,15.8,0.537,0.0,0.308,9.2,22.2,15.8,11.1,1.6,1.5,0.0,0.0,0.0,2.8,3.2,6.0,0.122,0.2,1.2,1.4,2.0
198,Geoff Petrie,SG,27.0,POR,72.0,2557.0,15.2,0.515,0.0,0.284,1.6,5.1,3.4,19.7,1.4,0.1,0.0,0.0,0.0,3.1,1.4,4.6,0.086,0.6,-2.5,-1.9,0.1
199,Cliff Pondexter,PF,21.0,CHI,75.0,1326.0,13.1,0.472,0.0,0.479,8.1,21.9,14.5,10.2,1.0,1.1,0.0,0.0,0.0,0.6,1.6,2.2,0.081,-2.2,0.4,-1.8,0.1
200,Howard Porter,SF,27.0,DET,75.0,1482.0,13.0,0.494,0.0,0.153,5.6,15.2,10.3,2.4,1.0,1.3,0.0,0.0,0.0,1.4,0.9,2.4,0.076,-3.5,-1.8,-5.3,-1.2
201,Kevin Porter,PG,25.0,DET,19.0,687.0,15.4,0.462,0.0,0.238,2.1,4.6,3.3,37.6,2.3,0.2,0.0,0.0,0.0,0.2,0.3,0.5,0.036,1.1,-1.7,-0.6,0.2
202,Jim Price,PG,26.0,MIL,80.0,2525.0,13.7,0.454,0.0,0.173,3.1,7.5,5.4,21.9,2.7,0.7,0.0,0.0,0.0,0.3,2.3,2.6,0.049,-0.5,0.5,0.0,1.2
203,Ed Ratleff,SF,25.0,HOU,72.0,2401.0,13.5,0.54,0.0,0.318,5.0,11.9,8.6,14.1,2.2,0.8,0.0,0.0,0.0,3.0,1.5,4.5,0.09,-0.7,1.8,1.0,1.8
204,Clifford Ray,C,27.0,GSW,82.0,2184.0,14.1,0.558,0.0,0.569,12.0,21.9,17.0,8.2,1.6,1.9,0.0,0.0,0.0,3.0,4.0,7.0,0.154,0.6,2.1,2.7,2.6
205,Kevin Restani,PF,24.0,MIL,82.0,1650.0,10.9,0.481,0.0,0.085,7.5,16.0,11.9,8.0,1.0,0.4,0.0,0.0,0.0,0.9,1.3,2.2,0.065,-2.9,-0.1,-2.9,-0.4
206,Pat Riley*,SG,30.0,TOT,62.0,813.0,7.6,0.431,0.0,0.256,2.1,4.5,3.3,9.8,1.2,0.4,0.0,0.0,0.0,-0.7,0.4,-0.3,-0.019,-5.5,-3.2,-8.7,-1.4
207,Pat Riley*,SG,30.0,LAL,2.0,23.0,7.4,0.384,0.0,0.231,4.3,8.1,6.3,0.0,1.9,2.1,0.0,0.0,0.0,-0.1,0.0,0.0,-0.093,-9.1,-5.7,-14.7,-0.1
208,Pat Riley*,SG,30.0,PHO,60.0,790.0,7.6,0.434,0.0,0.257,2.1,4.4,3.2,10.0,1.2,0.3,0.0,0.0,0.0,-0.6,0.4,-0.3,-0.017,-5.4,-3.1,-8.5,-1.3
209,Ron Riley,PF,25.0,HOU,65.0,1049.0,10.5,0.44,0.0,0.2,9.7,21.3,15.7,9.1,1.4,1.0,0.0,0.0,0.0,-0.1,0.9,0.7,0.033,-4.5,1.0,-3.5,-0.4
210,Mike Riordan,SF,30.0,WSB,78.0,1943.0,9.2,0.464,0.0,0.145,2.4,7.4,5.0,8.9,1.3,0.3,0.0,0.0,0.0,-0.1,1.8,1.7,0.042,-2.8,-1.1,-3.9,-0.9
211,Rick Roberson,C,28.0,KCK,74.0,709.0,10.3,0.417,0.0,0.572,10.5,23.2,16.8,10.1,1.2,1.3,0.0,0.0,0.0,-0.7,0.8,0.0,0.002,-4.7,0.3,-4.4,-0.4
212,Truck Robinson,PF,24.0,WSB,82.0,2055.0,15.5,0.501,0.0,0.403,7.3,20.5,14.1,8.0,0.9,2.7,0.0,0.0,0.0,0.9,3.4,4.3,0.099,-0.9,0.0,-0.9,0.6
213,Bill Robinzine,PF,23.0,KCK,75.0,1327.0,14.6,0.514,0.0,0.397,9.7,17.7,13.7,6.7,2.7,0.3,0.0,0.0,0.0,0.8,1.6,2.4,0.087,-0.9,-0.6,-1.5,0.2
214,John Roche,SG,26.0,LAL,15.0,52.0,0.9,0.254,0.0,0.286,0.0,5.3,2.8,13.7,0.0,0.0,0.0,0.0,0.0,-0.2,0.0,-0.2,-0.151,-10.4,-3.8,-14.2,-0.2
215,Curtis Rowe,PF,26.0,DET,80.0,2998.0,14.7,0.513,0.0,0.311,7.8,16.3,12.0,8.5,0.7,0.8,0.0,0.0,0.0,4.5,1.7,6.2,0.099,-0.1,0.2,0.2,1.7
216,Campy Russell,SF,24.0,CLE,82.0,1961.0,19.0,0.534,0.0,0.343,6.8,11.5,9.0,8.6,1.7,0.3,0.0,0.0,0.0,4.7,2.0,6.7,0.164,3.4,-2.2,1.1,1.6
217,Cazzie Russell,SF,31.0,LAL,74.0,1625.0,14.7,0.504,0.0,0.185,3.1,7.6,5.4,11.2,1.4,0.1,0.0,0.0,0.0,2.2,0.9,3.0,0.09,-1.1,-2.6,-3.7,-0.7
219,Fred Saunders,SF,24.0,PHO,17.0,146.0,12.7,0.45,0.0,0.172,8.3,19.1,13.8,13.3,1.6,0.4,0.0,0.0,0.0,-0.1,0.2,0.1,0.026,-2.9,-1.5,-4.5,-0.1
220,Dale Schlueter,C,30.0,BUF,71.0,773.0,10.7,0.558,0.0,0.664,8.1,21.7,15.1,12.9,0.7,1.1,0.0,0.0,0.0,0.3,0.9,1.2,0.076,-2.3,0.6,-1.7,0.1
221,Charlie Scott*,SG,27.0,BOS,82.0,2913.0,14.5,0.495,0.0,0.256,3.6,8.5,6.0,16.9,1.6,0.4,0.0,0.0,0.0,3.3,3.1,6.4,0.106,1.4,-0.5,0.9,2.1
222,Bruce Seals,SF,22.0,SEA,81.0,2435.0,11.5,0.475,0.0,0.3,6.5,15.2,10.7,6.6,1.2,1.0,0.0,0.0,0.0,0.8,2.1,2.9,0.057,-2.3,-0.4,-2.7,-0.4
223,Ed Searcy,SF,23.0,BOS,4.0,12.0,5.6,0.436,0.0,0.333,0.0,0.0,0.0,11.5,0.0,0.0,0.0,0.0,0.0,0.0,0.0,0.0,-0.086,-5.4,-8.5,-13.9,0.0
224,Gene Short,SF,22.0,TOT,34.0,222.0,9.8,0.4,0.0,0.352,8.7,13.7,11.1,6.2,1.7,0.7,0.0,0.0,0.0,-0.3,0.2,-0.1,-0.025,-4.7,-1.9,-6.6,-0.3
225,Gene Short,SF,22.0,SEA,7.0,37.0,10.1,0.547,0.0,0.182,5.4,14.3,9.8,7.4,0.0,0.0,0.0,0.0,0.0,0.0,0.0,0.1,0.08,-3.2,-2.6,-5.9,0.0
226,Gene Short,SF,22.0,NYK,27.0,185.0,9.7,0.381,0.0,0.375,9.3,13.6,11.4,5.9,2.0,0.9,0.0,0.0,0.0,-0.4,0.2,-0.2,-0.046,-5.0,-1.8,-6.8,-0.2
227,John Shumate,PF,23.0,TOT,75.0,1976.0,17.3,0.596,0.0,0.551,7.9,21.6,14.9,9.2,1.9,0.9,0.0,0.0,0.0,3.8,2.7,6.5,0.158,0.7,0.6,1.3,1.6
228,John Shumate,PF,23.0,PHO,43.0,930.0,19.0,0.582,0.0,0.541,7.2,20.7,14.0,10.1,2.1,0.9,0.0,0.0,0.0,1.8,1.3,3.1,0.158,1.0,-0.3,0.7,0.6
229,John Shumate,PF,23.0,BUF,32.0,1046.0,15.8,0.614,0.0,0.563,8.5,22.4,15.7,8.4,1.6,0.9,0.0,0.0,0.0,2.0,1.4,3.4,0.158,0.4,1.3,1.7,1.0
230,Paul Silas,PF,32.0,BOS,81.0,2662.0,14.6,0.488,0.0,0.45,13.4,24.4,18.9,9.8,0.9,0.6,0.0,0.0,0.0,3.2,3.9,7.2,0.129,0.1,1.3,1.4,2.3
231,Tal Skinner,SF,23.0,SEA,72.0,1224.0,10.2,0.489,0.0,0.281,7.3,15.1,11.1,7.0,1.8,0.3,0.0,0.0,0.0,0.7,1.2,1.9,0.074,-3.1,0.6,-2.5,-0.2
232,Jerry Sloan*,SG,33.0,CHI,22.0,617.0,11.2,0.456,0.0,0.371,6.1,13.3,9.5,5.5,2.1,0.5,0.0,0.0,0.0,0.2,0.7,0.9,0.068,-2.5,0.0,-2.5,-0.1
233,Bingo Smith,SG,29.0,CLE,81.0,2338.0,13.1,0.466,0.0,0.121,3.5,11.7,7.5,9.9,1.2,0.8,0.0,0.0,0.0,1.5,2.3,3.7,0.077,-0.8,-1.1,-1.9,0.1
234,Elmore Smith,C,26.0,MIL,78.0,2809.0,17.7,0.545,0.0,0.365,7.7,24.9,16.6,5.0,1.3,4.4,0.0,0.0,0.0,4.1,4.7,8.7,0.149,-0.7,2.1,1.4,2.4
235,Greg Smith,SF,29.0,POR,1.0,3.0,-18.2,0.0,0.0,0.0,0.0,0.0,0.0,0.0,0.0,0.0,0.0,0.0,0.0,0.0,0.0,0.0,-0.709,-20.5,-5.3,-25.7,0.0
236,Phil Smith,SG,23.0,GSW,82.0,2793.0,18.4,0.525,0.0,0.296,4.6,8.2,6.4,18.7,1.7,0.3,0.0,0.0,0.0,6.3,3.1,9.4,0.161,4.1,-1.5,2.6,3.2
237,Randy Smith,SG,27.0,BUF,82.0,3167.0,18.7,0.549,0.0,0.33,3.5,10.0,6.9,23.1,2.1,0.1,0.0,0.0,0.0,6.5,2.9,9.4,0.143,3.7,-0.3,3.3,4.3
238,Dick Snyder,SG,31.0,CLE,82.0,2274.0,14.7,0.538,0.0,0.213,2.2,6.9,4.5,14.0,1.2,0.8,0.0,0.0,0.0,4.4,1.8,6.2,0.131,1.4,-1.1,0.3,1.3
239,Ricky Sobers,SG,23.0,PHO,78.0,1898.0,13.1,0.507,0.0,0.308,4.6,10.1,7.4,15.9,2.5,0.2,0.0,0.0,0.0,0.9,1.9,2.8,0.072,-0.8,-0.1,-0.9,0.5
240,Mike Sojourner,C,22.0,ATL,67.0,1602.0,13.1,0.5,0.0,0.227,7.9,21.4,14.5,5.3,1.1,1.3,0.0,0.0,0.0,1.3,1.3,2.7,0.079,-3.0,0.1,-2.9,-0.4
241,Kevin Stacom,SG,24.0,BOS,77.0,1114.0,11.7,0.478,0.0,0.235,5.5,8.8,7.1,15.5,0.9,0.2,0.0,0.0,0.0,0.8,1.0,1.8,0.076,-1.3,-1.4,-2.7,-0.2
242,Bud Stallworth,SF,26.0,NOJ,56.0,1051.0,12.2,0.472,0.0,0.257,3.9,9.8,6.9,7.9,1.3,0.9,0.0,0.0,0.0,0.1,0.9,1.1,0.049,-2.5,-2.0,-4.5,-0.7
244,Larry Steele,SG,26.0,POR,81.0,2382.0,13.7,0.539,0.0,0.312,3.4,9.0,6.3,18.6,3.2,0.4,0.0,0.0,0.0,1.9,2.9,4.8,0.096,0.1,1.3,1.4,2.0
245,Terry Thomas,PF,22.0,DET,28.0,136.0,16.3,0.495,0.0,0.446,11.2,16.2,13.7,3.2,1.3,0.8,0.0,0.0,0.0,0.1,0.1,0.2,0.082,-1.9,-4.2,-6.1,-0.1
246,Nate Thurmond*,C,34.0,TOT,78.0,1393.0,12.0,0.442,0.0,0.365,8.2,23.0,15.3,8.9,0.7,3.9,0.0,0.0,0.0,0.2,2.2,2.4,0.082,-3.4,2.3,-1.1,0.3
247,Nate Thurmond*,C,34.0,CHI,13.0,260.0,11.4,0.454,0.0,0.4,5.1,23.7,13.8,14.1,0.7,2.6,0.0,0.0,0.0,0.1,0.4,0.4,0.081,-4.4,2.6,-1.8,0.0
248,Nate Thurmond*,C,34.0,CLE,65.0,1133.0,12.1,0.441,0.0,0.36,8.9,22.8,15.6,7.7,0.8,4.2,0.0,0.0,0.0,0.1,1.9,1.9,0.082,-3.1,2.2,-0.9,0.3
249,Rudy Tomjanovich,PF,27.0,HOU,79.0,2912.0,16.1,0.551,0.0,0.24,6.4,18.0,12.4,9.4,0.7,0.3,0.0,0.0,0.0,6.1,1.2,7.3,0.12,-0.1,-0.6,-0.7,0.9
250,George Trapp,PF,27.0,DET,76.0,1091.0,15.6,0.483,0.0,0.146,7.4,14.5,10.8,7.2,1.4,1.1,0.0,0.0,0.0,0.8,0.8,1.5,0.068,-1.5,-2.2,-3.7,-0.5
251,Wes Unseld*,C,29.0,WSB,78.0,2922.0,16.2,0.574,0.0,0.344,10.0,26.3,18.4,18.5,1.3,1.1,0.0,0.0,0.0,4.3,5.2,9.5,0.156,2.3,3.4,5.7,5.6
252,Dick Van Arsdale,SG,32.0,PHO,58.0,1870.0,12.4,0.555,0.0,0.412,2.3,5.6,4.0,10.5,1.3,0.3,0.0,0.0,0.0,3.1,0.9,4.0,0.102,-1.1,-1.4,-2.5,-0.2
253,Tom Van Arsdale,SF,32.0,ATL,75.0,2026.0,11.1,0.477,0.0,0.211,1.7,7.9,4.7,10.9,1.3,0.2,0.0,0.0,0.0,1.1,0.5,1.6,0.038,-2.9,-1.2,-4.0,-1.0
254,Norm Van Lier,PG,28.0,CHI,76.0,3026.0,13.0,0.424,0.0,0.323,4.3,9.7,6.8,24.8,2.4,0.5,0.0,0.0,0.0,-0.2,3.3,3.2,0.051,0.1,1.4,1.5,2.7
255,Neal Walk,C,27.0,NYK,82.0,1340.0,14.5,0.463,0.0,0.163,7.4,22.7,14.9,13.2,0.9,0.9,0.0,0.0,0.0,0.2,1.5,1.7,0.06,-1.3,-0.3,-1.6,0.1
256,Foots Walker,PG,24.0,CLE,81.0,1280.0,15.3,0.444,0.0,0.293,4.1,10.7,7.3,29.2,3.6,0.2,0.0,0.0,0.0,0.4,1.9,2.3,0.088,0.7,1.1,1.8,1.2
257,Jimmy Walker,SG,31.0,KCK,73.0,2490.0,13.6,0.538,0.0,0.281,2.0,5.3,3.6,10.7,1.6,0.3,0.0,0.0,0.0,4.3,0.9,5.2,0.101,-0.7,-1.1,-1.8,0.1
258,Bill Walton*,C,23.0,POR,51.0,1687.0,19.5,0.494,0.0,0.311,8.2,32.4,20.6,19.7,1.3,2.5,0.0,0.0,0.0,0.7,3.1,3.8,0.109,0.8,2.7,3.5,2.4
259,Cornell Warner,PF,27.0,LAL,81.0,2512.0,10.2,0.509,0.0,0.244,8.8,18.4,13.8,5.3,1.0,0.9,0.0,0.0,0.0,1.8,2.6,4.3,0.083,-2.7,1.1,-1.6,0.2
260,Jim Washington,PF,32.0,BUF,1.0,7.0,3.7,0.0,0.0,0.0,15.4,0.0,7.5,16.2,0.0,0.0,0.0,0.0,0.0,0.0,0.0,0.0,-0.017,-7.4,-1.3,-8.7,0.0
261,Kermit Washington,PF,24.0,LAL,36.0,492.0,11.6,0.517,0.0,0.733,10.3,21.5,16.1,5.0,1.0,2.6,0.0,0.0,0.0,0.2,0.7,0.9,0.087,-3.4,0.7,-2.8,-0.1
262,Slick Watts,PG,24.0,SEA,82.0,2776.0,17.2,0.457,0.0,0.339,4.1,9.6,6.8,32.2,4.2,0.3,0.0,0.0,0.0,0.9,3.8,4.7,0.08,2.1,1.8,4.0,4.2
263,Nick Weatherspoon,SF,25.0,WSB,64.0,1083.0,15.8,0.513,0.0,0.299,8.4,17.6,13.1,7.7,2.0,0.8,0.0,0.0,0.0,0.7,1.7,2.4,0.108,0.2,-1.2,-1.0,0.3
264,Scott Wedman,SF,23.0,KCK,82.0,2968.0,13.9,0.492,0.0,0.207,6.8,14.2,10.4,10.1,1.6,0.6,0.0,0.0,0.0,2.6,2.2,4.9,0.079,-1.0,0.3,-0.7,1.0
265,Bob Weiss,PG,33.0,BUF,66.0,995.0,10.0,0.522,0.0,0.262,1.4,5.4,3.5,19.0,2.1,0.7,0.0,0.0,0.0,0.6,0.8,1.4,0.066,-3.3,-0.6,-3.9,-0.5
267,Walt Wesley,C,31.0,LAL,1.0,7.0,13.3,0.532,0.0,2.0,0.0,13.2,6.8,18.9,0.0,0.0,0.0,0.0,0.0,0.0,0.0,0.0,0.042,-0.3,-5.0,-5.3,0.0
268,Paul Westphal*,PG,25.0,PHO,82.0,2960.0,19.9,0.551,0.0,0.331,2.7,6.7,4.8,23.3,3.2,0.7,0.0,0.0,0.0,6.3,3.2,9.6,0.155,3.7,-0.3,3.4,4.0
269,John Wetzel,SG,31.0,PHO,37.0,249.0,10.1,0.566,0.0,0.522,3.5,12.9,8.3,9.9,1.6,0.7,0.0,0.0,0.0,0.2,0.2,0.4,0.083,-3.6,-0.3,-3.9,-0.1
270,Jo Jo White*,PG,29.0,BOS,82.0,3257.0,14.6,0.484,0.0,0.17,1.8,7.6,4.7,19.9,1.5,0.3,0.0,0.0,0.0,4.3,3.2,7.4,0.109,0.8,-0.6,0.2,1.8
271,Rudy White,SG,22.0,HOU,32.0,284.0,12.5,0.451,0.0,0.245,5.1,9.3,7.2,14.1,3.1,0.9,0.0,0.0,0.0,0.0,0.2,0.2,0.036,-3.6,0.3,-3.3,-0.1
272,Sidney Wicks,PF,26.0,POR,79.0,3044.0,16.4,0.528,0.0,0.426,8.4,15.3,11.9,11.9,1.1,0.9,0.0,0.0,0.0,4.2,2.9,7.1,0.112,1.3,-0.1,1.2,2.5
273,Jamaal Wilkes*,SF,22.0,GSW,82.0,2716.0,16.8,0.499,0.0,0.22,6.9,18.3,12.7,8.7,1.7,0.6,0.0,0.0,0.0,4.1,4.3,8.3,0.147,1.0,-0.8,0.2,1.5
274,Earl Williams,C,24.0,DET,46.0,562.0,15.2,0.49,0.0,0.289,18.6,27.7,23.1,4.2,1.8,1.9,0.0,0.0,0.0,0.5,0.8,1.3,0.114,-1.8,0.5,-1.3,0.1
275,Gus Williams,PG,22.0,GSW,77.0,1728.0,17.0,0.473,0.0,0.273,3.5,5.3,4.4,19.3,3.6,0.8,0.0,0.0,0.0,1.6,2.6,4.2,0.117,1.5,-0.7,0.8,1.2
276,Nate Williams,SF,25.0,NOJ,81.0,1935.0,15.9,0.493,0.0,0.252,6.9,11.7,9.3,8.8,2.5,0.5,0.0,0.0,0.0,1.8,2.4,4.3,0.106,0.2,-0.8,-0.6,0.7
277,Ron Williams,PG,31.0,LAL,9.0,158.0,9.2,0.452,0.0,0.302,1.3,10.0,5.8,16.8,0.8,0.0,0.0,0.0,0.0,0.0,0.1,0.1,0.023,-4.4,-1.8,-6.2,-0.2
278,Bill Willoughby,SF,18.0,ATL,62.0,870.0,13.8,0.445,0.0,0.352,11.9,22.6,17.1,5.1,2.0,1.8,0.0,0.0,0.0,0.1,1.0,1.1,0.063,-3.8,0.3,-3.4,-0.3
279,Bobby Wilson,SG,25.0,CHI,58.0,856.0,11.5,0.425,0.0,0.119,3.5,7.8,5.5,10.9,1.4,0.1,0.0,0.0,0.0,-0.4,0.6,0.2,0.013,-2.7,-3.2,-5.9,-0.9
280,Lee Winfield,PG,28.0,KCK,22.0,214.0,12.8,0.506,0.0,0.212,3.8,7.7,5.7,12.8,2.1,1.5,0.0,0.0,0.0,0.2,0.2,0.4,0.084,-3.1,-0.1,-3.2,-0.1
281,Harthorne Wingo,PF,28.0,NYK,57.0,533.0,11.8,0.486,0.0,0.368,8.7,12.0,10.3,4.6,1.6,0.8,0.0,0.0,0.0,0.4,0.5,0.9,0.077,-2.6,-0.7,-3.3,-0.2
282,Brian Winters,SG,23.0,MIL,78.0,2795.0,16.1,0.496,0.0,0.163,2.5,6.6,4.6,20.1,2.1,0.5,0.0,0.0,0.0,3.1,1.9,5.0,0.085,1.3,-0.8,0.5,1.7
283,Luke Witte,C,25.0,CLE,22.0,99.0,10.2,0.402,0.0,0.469,9.0,31.2,19.7,5.2,0.5,0.6,0.0,0.0,0.0,-0.1,0.2,0.1,0.026,-5.7,-2.3,-8.0,-0.2
284,Dave Wohl,PG,26.0,HOU,50.0,700.0,8.8,0.461,0.0,0.301,1.4,7.1,4.3,19.9,1.7,0.1,0.0,0.0,0.0,-0.2,0.2,0.0,-0.003,-4.5,-1.2,-5.7,-0.7
