,Player,Pos,Age,Tm,G,GS,MP,FG,FGA,FG%,3P,3PA,3P%,2P,2PA,2P%,FT,FTA,FT%,ORB,DRB,TRB,AST,STL,BLK,TOV,PF,PTS
0,Tariq Abdul-Wahad,SG,25.0,TOT,61.0,56.0,1578.0,6.3,14.7,0.424,0.1,0.5,0.13,6.2,14.2,0.435,3.3,4.4,0.756,2.3,4.3,6.6,2.2,1.3,0.6,2.4,3.4,15.9
1,Tariq Abdul-Wahad,SG,25.0,ORL,46.0,46.0,1205.0,6.7,15.4,0.433,0.1,0.6,0.095,6.6,14.8,0.447,3.4,4.5,0.762,2.3,4.8,7.1,2.2,1.6,0.5,2.6,3.5,16.8
2,Tariq Abdul-Wahad,SG,25.0,DEN,15.0,10.0,373.0,4.9,12.6,0.389,0.1,0.2,0.5,4.8,12.5,0.388,3.0,4.1,0.738,2.3,2.7,5.0,2.5,0.6,1.2,1.8,3.0,12.9
3,Shareef Abdur-Rahim,SF,23.0,VAN,82.0,82.0,3223.0,6.6,14.3,0.465,0.3,1.1,0.302,6.3,13.2,0.478,5.0,6.2,0.809,2.4,6.8,9.2,3.0,1.0,1.0,2.8,2.7,18.6
4,Cory Alexander,PG,26.0,DEN,29.0,2.0,329.0,3.1,10.7,0.286,1.0,3.8,0.257,2.1,6.9,0.302,1.9,2.4,0.773,0.9,3.7,4.6,6.3,2.6,0.2,3.1,4.3,9.0
5,Ray Allen*,SG,24.0,MIL,82.0,82.0,3070.0,7.5,16.5,0.455,2.0,4.8,0.423,5.5,11.8,0.468,4.1,4.7,0.887,1.0,3.2,4.2,3.6,1.3,0.2,2.1,2.2,21.2
6,Rafer Alston,PG,23.0,MIL,27.0,0.0,361.0,2.7,9.5,0.284,0.3,1.4,0.214,2.4,8.1,0.296,0.3,0.4,0.75,0.5,1.8,2.3,7.0,1.2,0.0,2.9,2.9,6.0
7,John Amaechi,C,29.0,ORL,80.0,53.0,1684.0,6.5,15.0,0.437,0.0,0.1,0.167,6.5,14.8,0.439,4.8,6.2,0.766,1.3,4.4,5.7,2.0,0.7,0.8,3.0,3.4,17.9
8,Derek Anderson,SG,25.0,LAC,64.0,58.0,2201.0,6.2,14.1,0.438,0.9,2.9,0.309,5.3,11.2,0.472,4.4,5.1,0.877,1.3,2.9,4.2,3.6,1.5,0.2,2.7,2.4,17.7
9,Kenny Anderson,PG,29.0,BOS,82.0,82.0,2593.0,6.0,13.7,0.44,1.2,3.1,0.386,4.8,10.6,0.456,2.7,3.5,0.775,0.8,2.4,3.1,5.8,1.9,0.1,1.8,3.2,16.0
10,Nick Anderson,SG,32.0,SAC,72.0,72.0,2094.0,5.3,13.4,0.391,2.3,6.8,0.332,3.0,6.6,0.452,0.6,1.3,0.487,1.4,4.4,5.8,2.1,1.6,0.3,1.6,2.0,13.4
11,Shandon Anderson,SF,26.0,HOU,82.0,82.0,2700.0,4.9,10.4,0.473,1.1,3.0,0.351,3.9,7.4,0.523,2.6,3.4,0.767,1.2,3.9,5.1,3.2,1.3,0.4,2.6,2.4,13.5
12,Chris Anstey,C,25.0,CHI,73.0,11.0,1007.0,5.8,13.0,0.442,0.0,0.2,0.167,5.7,12.8,0.447,4.1,5.3,0.789,3.2,6.8,10.0,2.3,1.0,0.9,2.9,6.4,15.7
13,Greg Anthony,PG,32.0,POR,82.0,3.0,1548.0,3.9,9.7,0.406,2.0,5.4,0.378,1.9,4.3,0.443,2.0,2.7,0.772,0.4,2.7,3.1,4.8,1.4,0.2,2.0,3.3,12.0
14,B.J. Armstrong,PG,32.0,CHI,27.0,18.0,583.0,5.1,11.5,0.446,0.8,1.8,0.448,4.3,9.7,0.446,1.4,1.5,0.88,0.1,2.8,2.9,4.8,0.4,0.1,2.5,2.1,12.4
15,Darrell Armstrong,PG,31.0,ORL,82.0,82.0,2590.0,6.7,15.6,0.433,1.9,5.6,0.34,4.8,10.0,0.485,3.1,3.4,0.911,0.9,2.8,3.8,7.0,2.3,0.1,3.4,1.9,18.5
16,Chucky Atkins,PG,25.0,ORL,82.0,0.0,1626.0,7.0,16.4,0.424,1.3,3.6,0.35,5.7,12.8,0.445,2.1,2.9,0.729,0.4,2.3,2.8,6.8,1.2,0.1,3.1,3.0,17.3
17,Stacey Augmon,SG,31.0,POR,59.0,0.0,692.0,4.3,9.1,0.474,0.0,0.1,0.0,4.3,9.0,0.48,1.9,2.9,0.673,2.2,3.8,6.0,2.8,1.4,0.6,2.0,3.6,10.6
18,Isaac Austin,C,30.0,WAS,59.0,23.0,1173.0,4.6,10.8,0.429,0.0,0.1,0.25,4.6,10.7,0.431,2.9,4.2,0.686,2.0,6.7,8.7,2.3,0.5,1.2,3.3,3.9,12.2
19,Anthony Avent,PF,30.0,LAC,49.0,3.0,377.0,2.8,9.2,0.302,0.0,0.0,0.0,2.8,9.2,0.302,2.2,3.1,0.719,2.2,4.9,7.1,1.1,1.5,1.4,2.3,5.9,7.7
20,William Avery,PG,20.0,MIN,59.0,1.0,484.0,4.2,13.5,0.309,1.3,4.7,0.286,2.8,8.8,0.322,1.8,2.7,0.667,0.6,2.4,3.0,6.5,1.0,0.1,3.1,4.5,11.5
21,Toby Bailey,SG,24.0,PHO,46.0,2.0,449.0,4.7,11.2,0.414,0.2,0.8,0.2,4.5,10.4,0.431,3.6,5.2,0.692,2.1,3.7,5.8,2.4,1.0,0.3,1.9,4.4,13.1
23,Vin Baker,C,28.0,SEA,79.0,75.0,2849.0,6.5,14.3,0.455,0.0,0.1,0.25,6.5,14.2,0.457,3.6,5.2,0.682,2.9,4.8,7.6,1.9,0.6,0.8,2.7,3.6,16.6
24,Charles Barkley*,PF,36.0,HOU,20.0,18.0,620.0,6.2,12.9,0.477,0.3,1.5,0.231,5.8,11.4,0.51,4.1,6.4,0.645,4.1,8.0,12.1,3.7,0.8,0.2,2.6,2.8,16.8
25,Dana Barros,PG,32.0,BOS,72.0,0.0,1139.0,6.2,13.7,0.451,1.9,4.6,0.41,4.3,9.2,0.471,2.1,2.4,0.868,0.4,2.7,3.1,4.2,1.0,0.1,2.1,2.5,16.3
26,Brent Barry,SG,28.0,SEA,80.0,74.0,2726.0,4.3,9.3,0.463,2.2,5.3,0.411,2.2,4.1,0.529,1.7,2.1,0.809,0.7,4.3,4.9,3.8,1.4,0.4,1.9,3.0,12.5
27,Drew Barry,PG,26.0,TOT,16.0,0.0,159.0,3.4,7.5,0.455,1.6,4.1,0.389,1.8,3.4,0.533,0.9,1.1,0.8,0.0,2.7,2.7,7.5,0.5,0.0,2.9,5.2,9.3
28,Drew Barry,PG,26.0,GSW,8.0,0.0,85.0,3.8,7.6,0.5,1.3,3.8,0.333,2.5,3.8,0.667,0.4,0.8,0.5,0.0,3.4,3.4,7.2,0.8,0.0,2.5,5.9,9.3
29,Drew Barry,PG,26.0,ATL,8.0,0.0,74.0,2.9,7.3,0.4,1.9,4.4,0.444,1.0,2.9,0.333,1.5,1.5,1.0,0.0,1.9,1.9,7.8,0.0,0.0,3.4,4.4,9.2
30,Jon Barry,SG,30.0,SAC,62.0,1.0,1281.0,4.5,9.7,0.465,1.9,4.3,0.429,2.7,5.4,0.495,3.0,3.3,0.922,1.1,3.4,4.5,4.2,2.1,0.2,2.4,2.9,13.9
31,Tony Battie,C,23.0,BOS,82.0,4.0,1505.0,5.2,11.0,0.477,0.0,0.2,0.125,5.2,10.8,0.483,2.4,3.6,0.675,3.6,6.2,9.8,1.5,1.1,1.7,1.6,6.0,12.9
32,Jonathan Bender,SF,19.0,IND,24.0,1.0,130.0,6.4,19.4,0.329,0.6,3.3,0.167,5.8,16.1,0.362,4.4,6.6,0.667,1.1,4.7,5.8,0.8,0.3,1.4,1.9,5.0,17.7
33,Benoit Benjamin,C,35.0,CLE,3.0,0.0,8.0,4.5,13.5,0.333,0.0,0.0,0.0,4.5,13.5,0.333,0.0,0.0,0.0,0.0,4.5,4.5,0.0,0.0,4.5,0.0,4.5,9.0
34,Corey Benjamin,SG,21.0,CHI,48.0,10.0,862.0,6.1,14.6,0.414,1.3,3.7,0.348,4.8,10.9,0.437,2.0,3.4,0.598,0.9,2.8,3.7,2.3,1.3,0.9,3.1,5.1,15.5
35,Mario Bennett,PF,26.0,LAC,1.0,0.0,3.0,0.0,36.0,0.0,0.0,0.0,0.0,0.0,36.0,0.0,0.0,0.0,0.0,12.0,12.0,24.0,0.0,0.0,0.0,0.0,12.0,0.0
36,Travis Best,PG,27.0,IND,82.0,0.0,1691.0,5.8,11.9,0.483,0.7,2.0,0.376,5.0,10.0,0.504,3.3,4.0,0.821,0.3,2.7,3.0,5.8,1.6,0.1,2.3,4.3,15.6
37,Mike Bibby,PG,21.0,VAN,82.0,82.0,3155.0,5.2,11.8,0.445,0.9,2.4,0.363,4.4,9.3,0.466,2.2,2.9,0.78,0.8,2.7,3.5,7.6,1.5,0.2,2.8,2.0,13.6
38,Chauncey Billups,SG,23.0,DEN,13.0,5.0,305.0,4.0,11.9,0.337,0.8,4.8,0.171,3.2,7.1,0.45,4.4,5.2,0.841,0.9,3.1,4.0,4.6,1.2,0.2,2.8,3.2,13.2
39,Mookie Blaylock,PG,32.0,GSW,73.0,72.0,2459.0,4.8,12.3,0.391,1.5,4.4,0.336,3.3,7.8,0.422,1.0,1.4,0.705,0.8,3.1,4.0,7.2,2.1,0.3,2.1,1.8,12.0
40,Corie Blount,PF,31.0,PHO,38.0,1.0,446.0,3.6,7.2,0.494,0.0,0.2,0.0,3.6,7.0,0.506,1.5,2.7,0.576,4.2,4.9,9.1,0.8,1.2,0.6,2.3,6.3,8.6
41,Muggsy Bogues,PG,35.0,TOR,80.0,5.0,1731.0,3.3,7.4,0.439,0.4,1.1,0.333,2.9,6.4,0.456,1.6,1.8,0.908,0.5,2.3,2.8,6.2,1.4,0.1,1.2,2.5,8.5
42,Etdrick Bohannon,PF,26.0,TOT,13.0,0.0,118.0,2.1,4.0,0.538,0.0,0.0,0.0,2.1,4.0,0.538,4.6,7.3,0.625,4.0,5.5,9.5,1.5,0.6,1.8,3.1,7.6,8.8
43,Etdrick Bohannon,PF,26.0,NYK,2.0,0.0,5.0,0.0,0.0,0.0,0.0,0.0,0.0,0.0,0.0,0.0,21.6,28.8,0.75,7.2,0.0,7.2,0.0,0.0,0.0,14.4,7.2,21.6
44,Etdrick Bohannon,PF,26.0,LAC,11.0,0.0,113.0,2.2,4.1,0.538,0.0,0.0,0.0,2.2,4.1,0.538,3.8,6.4,0.6,3.8,5.7,9.6,1.6,0.6,1.9,2.5,7.6,8.3
45,Calvin Booth,C,23.0,WAS,11.0,0.0,143.0,4.0,11.6,0.348,0.0,0.0,0.0,4.0,11.6,0.348,2.5,3.5,0.714,3.8,4.3,8.1,1.8,0.8,3.5,1.5,5.8,10.6
46,Lazaro Borrell,SF,27.0,SEA,17.0,6.0,167.0,6.0,13.6,0.444,0.0,0.6,0.0,6.0,12.9,0.467,1.3,2.4,0.545,3.0,5.6,8.6,2.2,1.3,0.6,1.3,1.9,13.4
48,Cal Bowdler,SF,22.0,ATL,46.0,0.0,423.0,4.2,9.8,0.426,0.0,0.1,0.0,4.2,9.7,0.43,2.0,3.2,0.632,1.9,5.4,7.2,1.2,1.2,0.8,1.8,3.9,10.4
49,Bruce Bowen,SF,28.0,TOT,69.0,2.0,878.0,3.0,8.0,0.371,1.1,2.4,0.466,1.8,5.6,0.331,1.0,1.8,0.581,1.1,2.8,3.9,1.4,0.9,0.6,0.8,4.8,8.0
50,Bruce Bowen,SF,28.0,PHI,42.0,0.0,311.0,3.0,8.5,0.356,0.1,0.2,0.5,2.9,8.2,0.352,0.7,1.4,0.5,1.6,2.5,4.2,1.9,1.0,0.6,0.6,4.3,6.8
51,Bruce Bowen,SF,28.0,MIA,27.0,2.0,567.0,2.9,7.7,0.38,1.7,3.6,0.464,1.3,4.1,0.308,1.2,2.0,0.613,0.8,3.0,3.8,1.1,0.9,0.6,0.9,5.1,8.7
52,Ryan Bowen,SF,24.0,DEN,52.0,0.0,589.0,2.8,7.2,0.393,0.1,0.6,0.111,2.8,6.6,0.417,2.3,3.2,0.717,4.6,2.4,7.0,1.2,2.4,0.8,0.9,5.8,8.0
53,Ira Bowman,SG,26.0,PHI,11.0,0.0,20.0,3.6,3.6,1.0,0.0,0.0,0.0,3.6,3.6,1.0,1.8,3.6,0.5,0.0,3.6,3.6,1.8,1.8,0.0,1.8,0.0,9.0
54,Earl Boykins,PG,23.0,TOT,26.0,0.0,261.0,7.7,16.0,0.483,1.1,2.8,0.4,6.6,13.2,0.5,2.5,3.2,0.783,1.7,1.9,3.6,6.6,1.7,0.1,2.3,3.2,19.0
55,Earl Boykins,PG,23.0,ORL,1.0,0.0,8.0,13.5,18.0,0.75,0.0,0.0,0.0,13.5,18.0,0.75,0.0,0.0,0.0,4.5,0.0,4.5,13.5,0.0,0.0,0.0,0.0,27.0
56,Earl Boykins,PG,23.0,CLE,25.0,0.0,253.0,7.5,15.9,0.473,1.1,2.8,0.4,6.4,13.1,0.489,2.6,3.3,0.783,1.6,2.0,3.6,6.4,1.7,0.1,2.4,3.3,18.8
57,Shawn Bradley,C,27.0,DAL,77.0,54.0,1901.0,5.0,10.5,0.479,0.0,0.1,0.2,5.0,10.4,0.482,2.2,2.8,0.765,3.0,6.4,9.4,1.1,1.3,3.6,1.4,4.9,12.3
58,A.J. Bramlett,C,23.0,CLE,8.0,0.0,61.0,2.4,12.4,0.19,0.0,0.0,0.0,2.4,12.4,0.19,0.0,0.0,0.0,7.1,5.9,13.0,0.0,0.6,0.0,1.8,7.7,4.7
59,Elton Brand,PF,20.0,CHI,81.0,80.0,2999.0,7.6,15.7,0.482,0.0,0.0,0.0,7.6,15.7,0.483,4.4,6.4,0.685,4.2,5.5,9.7,1.9,0.8,1.6,2.7,3.1,19.5
60,Terrell Brandon,PG,29.0,MIN,71.0,71.0,2587.0,6.8,14.5,0.466,0.7,1.8,0.402,6.0,12.7,0.476,2.6,2.9,0.899,0.6,2.7,3.3,8.8,1.9,0.4,2.6,2.2,16.9
61,Chucky Brown,PF,31.0,TOT,63.0,29.0,1096.0,4.9,10.8,0.451,0.1,0.3,0.2,4.8,10.4,0.459,1.2,1.7,0.692,1.1,4.3,5.5,2.2,0.7,0.6,1.5,3.7,11.0
62,Chucky Brown,PF,31.0,SAS,30.0,27.0,602.0,4.9,10.5,0.466,0.1,0.2,0.333,4.8,10.3,0.468,1.5,1.9,0.806,0.7,3.9,4.6,2.5,0.5,0.6,1.7,3.2,11.4
63,Chucky Brown,PF,31.0,CHH,33.0,2.0,494.0,4.8,11.1,0.434,0.1,0.5,0.143,4.7,10.6,0.448,0.8,1.5,0.524,1.7,4.8,6.6,1.8,0.9,0.6,1.2,4.4,10.5
64,Dee Brown,PG,31.0,TOR,38.0,12.0,673.0,5.0,13.8,0.36,3.6,10.0,0.358,1.4,3.8,0.366,0.6,0.9,0.688,0.5,2.4,2.9,4.6,1.3,0.3,2.1,3.3,14.1
65,Marcus Brown,SG,25.0,DET,6.0,0.0,45.0,3.2,11.2,0.286,0.0,5.6,0.0,3.2,5.6,0.571,1.6,1.6,1.0,2.4,3.2,5.6,2.4,0.0,0.0,2.4,6.4,8.0
66,P.J. Brown,PF,30.0,MIA,80.0,80.0,2302.0,5.0,10.5,0.48,0.0,0.0,0.0,5.0,10.5,0.481,1.9,2.5,0.755,3.4,6.0,9.4,2.3,1.0,1.0,1.6,4.1,11.9
67,Randy Brown,PG,31.0,CHI,59.0,55.0,1625.0,3.5,9.6,0.361,0.1,0.1,0.5,3.4,9.5,0.359,1.4,1.9,0.738,0.5,2.7,3.2,4.5,1.4,0.3,2.3,2.7,8.4
68,Rick Brunson,PG,27.0,NYK,37.0,0.0,289.0,3.6,8.7,0.414,0.2,1.6,0.154,3.4,7.1,0.474,1.4,2.2,0.611,0.4,3.0,3.4,6.1,1.1,0.1,3.9,4.4,8.8
69,Kobe Bryant,SG,21.0,LAL,66.0,62.0,2524.0,7.9,16.9,0.468,0.7,2.1,0.319,7.2,14.8,0.489,4.7,5.7,0.821,1.5,4.4,5.9,4.6,1.5,0.9,2.6,3.1,21.2
70,Mark Bryant,PF,34.0,CLE,75.0,50.0,1712.0,3.7,7.3,0.503,0.0,0.0,0.0,3.7,7.3,0.503,1.6,2.0,0.809,2.6,4.8,7.4,1.3,0.7,0.7,1.8,5.3,8.9
71,Greg Buckner,SG,23.0,DAL,48.0,1.0,923.0,4.3,9.1,0.476,0.4,1.0,0.385,3.9,8.1,0.488,1.7,2.5,0.683,2.2,4.6,6.8,2.1,1.5,0.8,1.4,5.8,10.7
72,Jud Buechler,SF,31.0,DET,58.0,5.0,657.0,3.0,8.5,0.353,1.0,4.5,0.217,2.0,4.0,0.507,0.1,0.4,0.286,1.6,3.3,5.0,1.8,1.4,0.9,0.7,2.7,7.1
73,Rodney Buford,SG,22.0,MIA,34.0,0.0,386.0,5.8,14.1,0.411,0.7,2.7,0.241,5.1,11.4,0.451,1.5,2.1,0.727,0.9,3.5,4.5,2.0,0.9,0.7,0.8,4.1,13.7
75,Matt Bullard,PF,32.0,HOU,56.0,27.0,1024.0,4.9,12.0,0.409,2.8,6.2,0.446,2.1,5.7,0.368,0.9,1.1,0.833,0.5,4.4,4.9,2.2,0.7,0.5,1.3,3.0,13.4
76,Scott Burrell,SF,29.0,NJN,74.0,9.0,1336.0,4.4,11.3,0.394,2.2,6.3,0.353,2.2,5.0,0.444,1.1,1.3,0.78,1.8,5.1,6.9,1.9,1.8,1.2,1.0,4.7,12.2
77,Jason Caffey,PF,26.0,GSW,71.0,56.0,2159.0,5.4,11.3,0.479,0.0,0.0,0.0,5.4,11.2,0.48,3.4,5.8,0.597,3.2,4.9,8.0,2.0,1.0,0.3,2.8,4.5,14.2
78,Michael Cage,C,38.0,NJN,20.0,7.0,242.0,1.8,3.6,0.5,0.0,0.0,0.0,1.8,3.6,0.5,0.4,0.4,1.0,4.9,7.1,12.0,1.3,1.2,1.2,0.6,4.5,4.0
79,Marcus Camby,C,25.0,NYK,59.0,11.0,1548.0,5.3,11.0,0.48,0.0,0.0,0.5,5.2,10.9,0.48,3.4,5.1,0.67,4.0,6.7,10.7,1.1,1.0,2.7,1.7,4.7,14.0
80,Elden Campbell,C,31.0,CHH,78.0,77.0,2538.0,5.2,11.8,0.446,0.0,0.1,0.0,5.2,11.7,0.45,3.5,5.1,0.69,2.4,6.0,8.4,1.8,0.8,2.1,1.8,3.8,14.0
81,Antoine Carr,SF,38.0,VAN,21.0,0.0,221.0,4.6,10.4,0.438,0.0,0.0,0.0,4.6,10.4,0.438,1.8,2.3,0.786,1.3,3.9,5.2,1.1,0.5,1.0,1.5,6.8,10.9
82,Chris Carr,SF-SG,25.0,TOT,57.0,2.0,1166.0,6.1,15.3,0.395,1.0,3.1,0.317,5.1,12.2,0.415,3.3,3.9,0.856,1.3,4.1,5.3,2.6,0.9,0.5,3.6,3.5,16.4
83,Chris Carr,SG,25.0,GSW,7.0,0.0,74.0,5.4,16.1,0.333,0.5,3.9,0.125,4.9,12.2,0.4,7.8,9.2,0.842,2.4,3.9,6.3,1.5,0.0,0.5,2.4,5.8,19.0
84,Chris Carr,SF,25.0,CHI,50.0,2.0,1092.0,6.1,15.3,0.4,1.0,3.1,0.333,5.1,12.2,0.416,3.0,3.5,0.858,1.2,4.1,5.3,2.7,1.0,0.5,3.7,3.3,16.2
85,Anthony Carter,PG,24.0,MIA,79.0,30.0,1859.0,3.9,9.9,0.395,0.1,0.4,0.13,3.8,9.4,0.407,1.8,2.4,0.75,0.9,2.9,3.9,7.3,1.8,0.1,3.4,3.2,9.6
86,Vince Carter,SF,23.0,TOR,82.0,82.0,3126.0,9.1,19.5,0.465,1.1,2.7,0.403,8.0,16.8,0.475,5.0,6.3,0.791,1.7,3.8,5.5,3.7,1.3,1.1,2.0,3.0,24.3
87,Sam Cassell,PG,30.0,MIL,81.0,81.0,2899.0,6.8,14.5,0.466,0.3,1.1,0.289,6.4,13.4,0.481,4.8,5.5,0.876,0.9,2.9,3.7,9.1,1.3,0.1,3.3,3.2,18.7
88,Kelvin Cato,C,25.0,HOU,65.0,32.0,1581.0,4.9,9.2,0.537,0.0,0.1,0.0,4.9,9.1,0.543,3.1,4.7,0.649,2.3,6.5,8.9,0.6,0.8,2.8,1.6,4.0,12.9
89,Duane Causwell,C,31.0,MIA,25.0,2.0,185.0,3.9,7.2,0.541,0.0,0.0,0.0,3.9,7.2,0.541,5.1,7.4,0.684,2.1,7.0,9.1,0.4,0.4,3.1,1.9,8.2,12.8
90,Cedric Ceballos,SF,30.0,DAL,69.0,25.0,2064.0,7.8,17.5,0.446,0.8,2.3,0.328,7.0,15.1,0.464,3.6,4.3,0.843,3.0,5.1,8.1,1.6,1.0,0.4,2.2,2.9,20.0
91,John Celestand,PG,22.0,LAL,16.0,0.0,185.0,2.9,8.8,0.333,0.4,1.8,0.222,2.5,7.0,0.361,1.0,1.2,0.833,0.2,1.9,2.1,3.9,1.4,0.0,3.1,4.3,7.2
92,Rex Chapman,SG,32.0,PHO,53.0,19.0,957.0,4.7,12.0,0.388,1.5,4.6,0.333,3.1,7.4,0.421,2.2,2.9,0.756,0.4,2.6,3.0,2.3,0.8,0.0,1.4,2.6,13.1
93,Calbert Cheaney,SG,28.0,BOS,67.0,19.0,1309.0,3.3,7.5,0.44,0.5,1.5,0.333,2.8,6.0,0.466,0.2,0.6,0.429,0.6,3.2,3.8,2.2,1.2,0.4,1.3,4.3,7.3
94,Pete Chilcutt,PF,31.0,TOT,56.0,2.0,601.0,3.2,7.6,0.417,0.4,1.6,0.231,2.8,6.0,0.465,0.5,0.5,1.0,2.8,5.1,7.8,1.6,0.9,0.6,1.2,4.4,7.2
95,Pete Chilcutt,PF,31.0,UTA,26.0,0.0,224.0,3.5,10.0,0.355,0.2,1.6,0.1,3.4,8.4,0.404,0.3,0.3,1.0,2.4,4.5,6.9,1.6,0.8,0.6,1.4,5.0,7.6
96,Pete Chilcutt,PF,31.0,CLE,6.0,0.0,30.0,0.0,2.4,0.0,0.0,0.0,0.0,0.0,2.4,0.0,0.0,0.0,0.0,4.8,6.0,10.8,1.2,0.0,0.0,0.0,3.6,0.0
97,Pete Chilcutt,PF,31.0,LAC,24.0,2.0,347.0,3.2,6.5,0.492,0.5,1.7,0.313,2.7,4.9,0.553,0.6,0.6,1.0,2.8,5.4,8.2,1.7,1.0,0.6,1.1,4.0,7.6
98,Chris Childs,PG,32.0,NYK,71.0,2.0,1675.0,3.1,7.7,0.409,0.8,2.2,0.356,2.3,5.4,0.431,1.0,1.3,0.797,0.4,2.8,3.2,6.1,0.8,0.1,2.3,5.2,8.1
99,Doug Christie,SG,29.0,TOR,73.0,73.0,2264.0,4.9,12.1,0.407,1.6,4.4,0.36,3.4,7.8,0.434,2.9,3.4,0.843,1.0,3.5,4.5,5.1,1.6,0.7,2.3,2.7,14.4
101,Keon Clark,C,24.0,DEN,81.0,20.0,1850.0,5.6,10.3,0.542,0.0,0.2,0.125,5.5,10.1,0.548,2.4,3.4,0.688,3.2,6.7,9.8,1.4,0.9,2.2,2.4,4.5,13.5
102,Keith Closs,C,23.0,LAC,57.0,6.0,820.0,4.2,8.6,0.487,0.0,0.1,0.0,4.2,8.5,0.495,2.0,3.4,0.59,2.9,5.0,7.9,1.1,0.6,3.2,1.5,3.5,10.4
103,Derrick Coleman,PF,32.0,CHH,74.0,64.0,2347.0,6.8,15.0,0.456,0.8,2.2,0.362,6.1,12.9,0.471,4.5,5.8,0.785,1.9,7.8,9.7,2.7,0.5,2.0,2.7,3.0,19.0
104,Bimbo Coles,PG,31.0,ATL,80.0,54.0,1924.0,5.2,11.4,0.455,0.1,0.7,0.205,5.0,10.6,0.472,1.6,1.9,0.817,0.6,2.7,3.2,5.4,1.1,0.2,1.9,3.3,12.1
105,Marty Conlon,C,32.0,LAC,3.0,0.0,9.0,4.0,8.0,0.5,0.0,0.0,0.0,4.0,8.0,0.5,0.0,0.0,0.0,4.0,4.0,8.0,0.0,0.0,0.0,0.0,4.0,8.0
106,Tyrone Corbin,SF,37.0,SAC,54.0,5.0,941.0,3.4,9.4,0.356,0.4,1.7,0.227,3.0,7.8,0.384,1.3,1.5,0.846,1.5,4.8,6.3,2.3,1.4,0.2,1.1,3.8,8.4
107,Chris Crawford,PF,24.0,ATL,55.0,11.0,668.0,4.9,12.3,0.397,0.4,1.5,0.259,4.5,10.9,0.416,3.4,4.4,0.778,2.7,2.6,5.3,1.8,0.9,0.9,2.0,4.5,13.6
108,Austin Croshere,PF,24.0,IND,81.0,14.0,1885.0,5.5,12.5,0.441,1.2,3.3,0.362,4.3,9.1,0.47,3.7,4.4,0.848,2.6,7.3,9.9,1.7,0.8,1.1,2.3,3.9,15.9
109,John Crotty,PG,30.0,DET,69.0,0.0,937.0,4.1,9.6,0.422,1.3,3.1,0.413,2.8,6.6,0.427,3.1,3.6,0.86,0.7,2.2,2.9,4.9,1.0,0.2,2.1,4.0,12.5
110,Terry Cummings,PF,38.0,GSW,22.0,0.0,398.0,6.9,16.0,0.429,0.0,0.0,0.0,6.9,16.0,0.429,2.9,3.5,0.821,4.1,5.6,9.7,1.9,1.2,0.7,2.4,6.7,16.6
111,Vonteego Cummings,PG,23.0,GSW,75.0,11.0,1793.0,5.3,13.2,0.405,1.0,3.0,0.325,4.3,10.1,0.429,2.5,3.4,0.751,1.1,2.5,3.7,5.0,1.8,0.3,2.7,3.5,14.2
112,Bill Curley,SF-PF,27.0,TOT,28.0,0.0,309.0,3.4,7.9,0.426,0.0,0.1,0.0,3.4,7.8,0.433,2.1,2.9,0.72,2.1,3.7,5.8,1.6,1.5,0.5,2.4,7.1,8.9
113,Bill Curley,PF,27.0,HOU,4.0,0.0,50.0,4.3,7.9,0.545,0.0,0.0,0.0,4.3,7.9,0.545,0.0,0.0,0.0,2.9,2.9,5.8,0.0,1.4,0.0,2.9,7.2,8.6
114,Bill Curley,SF,27.0,GSW,24.0,0.0,259.0,3.2,7.9,0.404,0.0,0.1,0.0,3.2,7.8,0.411,2.5,3.5,0.72,1.9,3.9,5.8,1.9,1.5,0.6,2.4,7.1,8.9
115,Dell Curry,SG,35.0,TOR,67.0,9.0,1095.0,6.4,14.9,0.427,3.1,8.0,0.393,3.3,7.0,0.467,0.8,1.1,0.75,0.4,2.9,3.3,2.9,1.1,0.3,1.3,2.2,16.7
116,Michael Curry,SG,31.0,DET,82.0,3.0,1611.0,4.1,8.5,0.48,0.0,0.1,0.2,4.0,8.4,0.484,3.2,3.8,0.839,0.5,1.9,2.3,1.9,0.7,0.1,1.6,4.7,11.3
117,Erick Dampier,C,24.0,GSW,21.0,12.0,495.0,5.1,12.6,0.405,0.0,0.0,0.0,5.1,12.6,0.405,2.0,3.7,0.529,3.5,6.3,9.7,1.4,0.6,1.1,2.1,5.5,12.1
118,Antonio Daniels,SG,24.0,SAS,68.0,1.0,1195.0,4.9,10.4,0.474,0.7,2.0,0.333,4.2,8.4,0.507,2.2,3.0,0.713,0.5,2.1,2.6,5.3,1.7,0.2,1.7,2.2,12.7
119,Kornel David,SF,28.0,TOT,32.0,5.0,474.0,5.1,11.9,0.427,0.0,0.2,0.0,5.1,11.7,0.435,3.4,4.3,0.804,2.0,4.2,6.2,1.3,1.3,0.2,2.5,4.3,13.6
120,Kornel David,SF,28.0,CHI,26.0,5.0,443.0,5.1,12.0,0.426,0.0,0.2,0.0,5.1,11.8,0.434,3.4,4.2,0.808,1.8,4.1,5.9,1.3,1.1,0.2,2.5,4.0,13.7
121,Kornel David,SF,28.0,CLE,6.0,0.0,31.0,4.6,10.5,0.444,0.0,0.0,0.0,4.6,10.5,0.444,3.5,4.6,0.75,4.6,4.6,9.3,1.2,4.6,1.2,2.3,8.1,12.8
122,Antonio Davis,C,31.0,TOR,79.0,78.0,2479.0,4.5,10.3,0.44,0.0,0.0,0.0,4.5,10.3,0.44,4.1,5.4,0.765,3.4,6.7,10.1,1.5,0.6,1.5,1.8,3.9,13.2
123,Baron Davis,PG,20.0,CHH,82.0,0.0,1523.0,4.3,10.2,0.42,0.6,2.6,0.225,3.7,7.6,0.488,2.3,3.6,0.634,1.1,2.8,3.9,7.3,2.3,0.4,3.3,4.8,11.5
124,Ben Davis,PF,27.0,PHO,5.0,0.0,22.0,3.3,9.8,0.333,0.0,0.0,0.0,3.3,9.8,0.333,0.0,0.0,0.0,4.9,9.8,14.7,3.3,1.6,1.6,4.9,3.3,6.5
126,Dale Davis,C,30.0,IND,74.0,72.0,2127.0,5.1,10.2,0.502,0.0,0.0,0.0,5.1,10.2,0.502,2.4,3.4,0.685,4.3,8.0,12.3,1.1,0.9,1.6,1.5,3.4,12.6
127,Emanual Davis,PG,31.0,SEA,54.0,2.0,701.0,4.1,11.3,0.364,1.6,5.3,0.301,2.5,6.0,0.419,1.3,2.0,0.684,0.8,4.4,5.1,3.6,2.0,0.3,2.3,3.7,11.1
128,Hubert Davis,PG,29.0,DAL,79.0,15.0,1817.0,4.3,9.2,0.468,1.6,3.3,0.491,2.7,5.9,0.455,1.3,1.5,0.87,0.3,2.3,2.7,2.8,0.5,0.1,1.4,2.2,11.6
129,Mark Davis,SF,26.0,GSW,23.0,7.0,464.0,4.3,10.6,0.409,0.0,0.2,0.0,4.3,10.5,0.415,2.4,3.6,0.66,2.4,4.1,6.5,2.9,1.9,0.3,3.1,4.0,11.1
130,Ricky Davis,SG,20.0,CHH,48.0,4.0,570.0,5.9,11.8,0.503,0.0,0.3,0.0,5.9,11.6,0.514,2.5,3.2,0.765,1.8,3.4,5.2,3.9,1.9,0.5,2.9,2.5,14.3
131,Todd Day,SG,30.0,PHO,58.0,1.0,941.0,5.0,12.6,0.394,2.4,6.3,0.388,2.5,6.3,0.4,2.8,4.1,0.667,1.2,3.7,4.9,2.5,1.7,0.8,1.9,4.9,15.1
132,Andrew DeClercq,C,26.0,CLE,82.0,31.0,1831.0,4.4,8.7,0.508,0.0,0.0,0.0,4.4,8.7,0.508,1.8,3.1,0.588,3.1,5.6,8.6,1.1,1.2,1.3,2.1,5.4,10.7
133,Vinny Del Negro,PG,33.0,MIL,67.0,0.0,1211.0,4.5,9.7,0.471,0.2,0.7,0.333,4.3,8.9,0.482,1.0,1.2,0.897,0.3,2.9,3.2,4.8,1.1,0.0,1.4,2.4,10.4
134,Tony Delk,PG,26.0,SAC,46.0,1.0,682.0,6.3,14.7,0.43,0.5,2.1,0.225,5.9,12.6,0.464,2.5,3.1,0.797,1.9,2.7,4.6,2.9,1.8,0.3,1.7,3.1,15.6
135,Derrick Dial,SG,24.0,SAS,8.0,0.0,95.0,6.4,17.4,0.37,1.1,4.5,0.25,5.3,12.9,0.412,1.1,1.9,0.6,5.3,4.5,9.9,1.9,0.4,0.4,2.3,3.8,15.2
136,Michael Dickerson,SG,24.0,VAN,82.0,82.0,3103.0,6.4,14.7,0.436,1.4,3.4,0.409,5.0,11.4,0.444,3.1,3.8,0.83,0.9,2.3,3.2,2.4,1.3,0.5,1.9,2.6,17.4
137,Vlade Divac*,C,31.0,SAC,82.0,81.0,2374.0,5.8,11.6,0.503,0.1,0.4,0.269,5.7,11.2,0.511,3.5,5.0,0.691,2.6,7.3,9.9,3.7,1.6,1.6,2.9,3.8,15.2
138,Michael Doleac,C,22.0,ORL,81.0,29.0,1335.0,6.5,14.4,0.452,0.0,0.1,0.5,6.5,14.4,0.452,2.2,2.6,0.842,2.4,6.6,9.0,1.7,0.8,0.9,1.8,6.0,15.2
139,Sherman Douglas,PG,33.0,NJN,20.0,2.0,309.0,5.2,10.5,0.5,0.6,1.9,0.313,4.7,8.6,0.541,2.9,3.3,0.893,1.5,1.9,3.4,4.0,2.0,0.0,2.8,3.0,14.0
140,Bryce Drew,PG,25.0,HOU,72.0,5.0,1293.0,4.4,11.5,0.383,1.6,4.5,0.362,2.8,7.0,0.396,1.3,1.5,0.849,0.6,2.2,2.9,4.5,1.1,0.0,1.8,2.2,11.7
141,Chris Dudley,C,34.0,NYK,47.0,3.0,459.0,1.8,5.3,0.343,0.0,0.0,0.0,1.8,5.3,0.343,0.7,2.1,0.333,4.9,5.7,10.7,0.4,0.5,1.6,1.4,7.5,4.3
142,Tim Duncan,PF,23.0,SAS,74.0,74.0,2875.0,7.9,16.0,0.49,0.0,0.1,0.091,7.9,15.9,0.494,5.7,7.6,0.761,3.3,8.2,11.5,2.9,0.8,2.1,3.0,2.6,21.5
143,Howard Eisley,PG,27.0,UTA,82.0,5.0,2096.0,4.8,11.6,0.418,1.0,2.8,0.368,3.8,8.8,0.434,1.4,1.8,0.824,0.4,2.5,2.9,6.0,1.0,0.2,2.3,3.8,12.2
144,Obinna Ekezie,PF,24.0,VAN,39.0,0.0,351.0,4.2,9.0,0.466,0.0,0.0,0.0,4.2,9.0,0.466,4.4,6.6,0.672,3.5,5.9,9.4,0.8,0.9,0.4,2.7,6.3,12.8
145,Mario Elie,SF,36.0,SAS,79.0,79.0,2217.0,3.2,7.4,0.427,1.2,3.0,0.398,2.0,4.4,0.446,2.0,2.4,0.846,0.8,3.3,4.0,3.1,1.2,0.1,2.1,2.5,9.6
147,Sean Elliott,SF,31.0,SAS,19.0,19.0,391.0,3.5,9.8,0.358,1.2,3.4,0.351,2.3,6.4,0.362,2.3,2.9,0.781,0.6,3.8,4.3,2.6,1.1,0.2,1.7,3.1,10.5
148,Dale Ellis,SG,39.0,TOT,42.0,5.0,564.0,4.2,10.1,0.415,2.4,6.4,0.37,1.9,3.8,0.492,0.6,0.8,0.692,0.8,2.7,3.6,0.9,0.8,0.0,1.3,2.9,11.4
149,Dale Ellis,SG,39.0,MIL,18.0,0.0,324.0,5.2,11.2,0.465,2.6,7.2,0.354,2.7,4.0,0.667,0.7,1.0,0.667,0.8,3.0,3.8,0.7,0.7,0.0,0.8,2.6,13.7
150,Dale Ellis,SG,39.0,CHH,24.0,5.0,240.0,2.8,8.7,0.328,2.1,5.2,0.4,0.7,3.4,0.217,0.5,0.6,0.75,0.9,2.4,3.3,1.2,1.0,0.0,1.9,3.3,8.2
151,LaPhonso Ellis,PF,29.0,ATL,58.0,8.0,1309.0,5.7,12.8,0.45,0.1,0.6,0.143,5.7,12.2,0.465,1.8,2.6,0.695,2.7,5.3,8.0,1.6,0.9,0.7,1.4,3.7,13.4
152,Pervis Ellison,C,32.0,BOS,30.0,5.0,269.0,2.5,5.8,0.442,0.0,0.0,0.0,2.5,5.8,0.442,2.0,2.8,0.714,3.9,5.1,9.0,1.7,1.3,1.1,1.7,9.0,7.1
153,Evan Eschmeyer,C,24.0,NJN,31.0,5.0,373.0,3.7,6.9,0.528,0.0,0.0,0.0,3.7,6.9,0.528,1.4,2.9,0.5,3.9,6.6,10.4,2.0,0.8,2.0,2.0,8.1,8.8
154,Patrick Ewing*,C,37.0,NYK,62.0,62.0,2035.0,6.4,13.7,0.466,0.0,0.0,0.0,6.4,13.7,0.467,3.7,5.0,0.731,2.5,8.2,10.7,1.0,0.6,1.5,2.5,3.5,16.4
155,Tony Farmer,PF,30.0,GSW,74.0,9.0,1199.0,3.8,9.4,0.407,0.2,1.3,0.182,3.6,8.0,0.444,6.1,8.0,0.766,3.5,5.3,8.9,2.2,2.0,0.5,2.5,5.0,14.0
156,Jamie Feick,C,25.0,NJN,81.0,17.0,2241.0,2.9,6.8,0.428,0.0,0.0,1.0,2.9,6.7,0.424,1.5,2.1,0.707,4.2,7.9,12.1,1.1,0.7,0.6,0.9,3.3,7.4
157,Danny Ferry,PF,33.0,CLE,63.0,3.0,1326.0,5.1,10.3,0.497,0.9,2.0,0.44,4.2,8.3,0.511,1.4,1.5,0.912,1.5,5.0,6.5,1.8,0.6,0.7,1.5,4.9,12.6
158,Michael Finley,SF,26.0,DAL,82.0,82.0,3464.0,7.8,17.0,0.457,1.0,2.6,0.401,6.7,14.4,0.467,2.7,3.3,0.82,1.3,4.1,5.4,4.6,1.1,0.3,2.0,1.8,19.3
159,Derek Fisher,PG,25.0,LAL,78.0,22.0,1803.0,3.3,9.6,0.346,1.0,3.3,0.313,2.3,6.3,0.363,2.1,2.9,0.724,0.4,2.4,2.9,4.3,1.6,0.1,1.5,3.0,9.8
160,Danny Fortson,PF,23.0,BOS,55.0,5.0,856.0,5.9,11.1,0.528,0.0,0.0,0.0,5.9,11.1,0.528,5.8,7.9,0.735,5.9,9.5,15.4,1.2,0.8,0.2,2.8,7.6,17.6
161,Greg Foster,PF,31.0,SEA,60.0,5.0,718.0,4.6,11.2,0.406,0.2,0.8,0.2,4.4,10.5,0.421,0.9,1.4,0.643,0.8,4.6,5.4,2.1,0.5,0.9,1.4,5.3,10.2
162,Jeff Foster,C,23.0,IND,19.0,0.0,86.0,5.4,9.6,0.565,0.0,0.4,0.0,5.4,9.2,0.591,7.1,10.5,0.68,5.0,8.4,13.4,2.1,2.1,0.4,0.8,7.5,18.0
163,Rick Fox,SF,30.0,LAL,82.0,1.0,1473.0,5.0,12.2,0.414,1.4,4.4,0.326,3.6,7.7,0.464,1.5,1.9,0.808,1.5,3.3,4.8,3.4,1.3,0.6,2.1,5.0,13.1
164,Adonal Foyle,C,24.0,GSW,76.0,59.0,1654.0,4.2,8.3,0.508,0.0,0.0,0.0,4.2,8.3,0.508,0.7,2.0,0.378,3.8,5.4,9.2,0.9,0.6,3.0,1.5,4.7,9.1
165,Steve Francis,PG,22.0,HOU,77.0,77.0,2776.0,6.4,14.5,0.445,1.4,4.0,0.345,5.1,10.5,0.483,3.7,4.7,0.786,2.0,3.3,5.3,6.6,1.5,0.4,4.0,3.0,18.0
166,Todd Fuller,C,25.0,CHH,41.0,2.0,399.0,4.6,11.0,0.418,0.0,0.0,0.0,4.6,11.0,0.418,2.9,4.8,0.604,3.2,6.7,9.9,0.5,0.8,0.7,2.4,4.2,12.1
167,Lawrence Funderburke,PF,29.0,SAC,75.0,1.0,1026.0,6.5,12.4,0.523,0.0,0.1,0.0,6.5,12.3,0.526,4.0,5.7,0.706,3.4,4.8,8.2,1.2,1.1,0.7,1.4,3.2,16.9
168,Kevin Garnett,PF,23.0,MIN,81.0,81.0,3243.0,8.4,16.9,0.497,0.3,0.9,0.37,8.1,16.0,0.504,3.4,4.5,0.765,2.5,8.1,10.6,4.5,1.3,1.4,3.0,2.3,20.6
170,Dean Garrett,C,33.0,MIN,56.0,23.0,604.0,2.9,6.4,0.444,0.0,0.0,0.0,2.9,6.4,0.444,1.1,1.5,0.692,2.4,5.9,8.3,1.1,0.5,2.4,1.3,5.6,6.8
171,Kiwane Garris,SG,25.0,ORL,3.0,0.0,23.0,3.1,15.7,0.2,0.0,1.6,0.0,3.1,14.1,0.222,0.0,0.0,0.0,0.0,1.6,1.6,3.1,0.0,0.0,1.6,0.0,6.3
172,Pat Garrity,SF,23.0,ORL,82.0,1.0,1479.0,6.3,14.2,0.441,1.9,4.8,0.401,4.4,9.4,0.461,1.9,2.7,0.721,1.1,4.0,5.1,1.4,0.8,0.5,2.1,4.8,16.4
173,Chris Gatling,PF,32.0,TOT,85.0,0.0,1811.0,7.3,15.9,0.455,0.4,1.4,0.257,6.9,14.6,0.474,5.3,7.4,0.713,3.1,6.9,10.0,1.4,1.6,0.5,3.4,4.9,20.2
174,Chris Gatling,PF,32.0,ORL,45.0,0.0,1041.0,7.3,16.0,0.455,0.2,0.8,0.304,7.0,15.2,0.462,5.9,8.5,0.698,3.1,7.1,10.3,1.4,1.7,0.3,3.6,4.9,20.7
175,Chris Gatling,PF,32.0,DEN,40.0,0.0,770.0,7.2,15.9,0.456,0.5,2.2,0.234,6.7,13.7,0.491,4.4,6.0,0.742,2.9,6.6,9.6,1.4,1.6,0.6,3.0,4.9,19.4
176,Matt Geiger,C,30.0,PHI,65.0,20.0,1406.0,6.7,15.1,0.441,0.0,0.1,0.0,6.7,15.0,0.444,2.8,3.6,0.779,3.9,6.0,9.9,1.0,0.7,0.6,2.3,5.0,16.1
177,Devean George,SF,22.0,LAL,49.0,1.0,345.0,5.8,15.0,0.389,1.7,4.9,0.34,4.2,10.1,0.412,2.8,4.3,0.659,3.0,4.8,7.8,1.3,1.0,0.4,2.2,5.6,16.2
178,Kendall Gill,SF,31.0,NJN,76.0,75.0,2355.0,6.1,14.6,0.414,0.3,1.2,0.256,5.7,13.4,0.428,2.8,3.9,0.71,1.3,3.1,4.3,3.2,2.1,0.6,1.4,3.2,15.2
179,Armen Gilliam,PF,35.0,UTA,50.0,0.0,782.0,6.1,14.0,0.436,0.0,0.0,0.0,6.1,14.0,0.438,3.1,4.0,0.779,3.3,6.3,9.6,1.9,0.6,0.7,2.5,3.8,15.3
180,Dion Glover,SG,21.0,ATL,30.0,1.0,446.0,5.3,13.8,0.386,1.0,3.6,0.267,4.4,10.2,0.429,4.1,5.7,0.729,1.2,1.9,3.1,2.2,1.2,0.3,2.3,2.3,15.7
181,Brian Grant,PF,27.0,POR,63.0,14.0,1322.0,4.7,9.6,0.491,0.0,0.1,0.5,4.7,9.5,0.491,3.0,4.5,0.675,3.3,6.1,9.4,1.7,0.9,0.8,2.3,4.5,12.5
182,Gary Grant,PG,34.0,POR,3.0,0.0,24.0,9.0,21.0,0.429,0.0,0.0,0.0,9.0,21.0,0.429,0.0,0.0,0.0,0.0,4.5,4.5,1.5,1.5,0.0,3.0,4.5,18.0
183,Horace Grant,PF,34.0,SEA,76.0,76.0,2688.0,3.6,8.0,0.444,0.0,0.1,0.0,3.6,8.0,0.447,1.1,1.5,0.721,2.2,5.7,7.9,2.5,0.7,0.8,0.8,2.6,8.2
184,Devin Gray,SF,27.0,HOU,21.0,2.0,124.0,4.4,10.7,0.405,0.0,0.0,0.0,4.4,10.7,0.405,5.5,8.4,0.655,3.2,4.1,7.3,1.5,1.5,0.9,1.2,6.4,14.2
185,A.C. Green,PF,36.0,LAL,82.0,82.0,1929.0,3.2,7.2,0.447,0.0,0.1,0.25,3.2,7.1,0.449,1.2,1.8,0.695,3.0,6.1,9.1,1.5,1.0,0.3,1.0,2.4,7.7
186,Adrian Griffin,SG,25.0,BOS,72.0,47.0,1927.0,3.3,7.7,0.424,0.3,1.1,0.281,3.0,6.7,0.447,2.2,3.0,0.753,2.4,4.6,6.9,3.3,2.2,0.3,1.7,4.1,9.1
187,Tom Gugliotta,PF,30.0,PHO,54.0,54.0,1767.0,6.3,13.1,0.481,0.0,0.2,0.125,6.3,13.0,0.485,2.4,3.1,0.775,2.9,5.8,8.7,2.5,1.6,0.6,2.2,3.1,15.0
188,Darvin Ham,SF,26.0,MIL,35.0,21.0,792.0,3.2,5.8,0.555,0.0,0.0,0.0,3.2,5.8,0.559,1.6,3.5,0.449,3.9,4.0,7.8,1.9,1.3,1.3,1.3,4.6,8.0
189,Richard Hamilton,SG,21.0,WAS,71.0,12.0,1373.0,6.7,15.9,0.42,0.7,2.0,0.364,5.9,13.8,0.428,2.7,3.5,0.774,1.0,2.4,3.4,2.8,0.7,0.2,2.2,3.7,16.8
190,Thomas Hamilton,C,24.0,HOU,22.0,7.0,273.0,4.6,10.4,0.443,0.0,0.0,0.0,4.6,10.4,0.443,1.6,3.0,0.522,4.1,7.8,11.9,2.0,0.5,1.8,3.7,3.3,10.8
191,Tom Hammonds,PF,32.0,MIN,56.0,0.0,372.0,4.1,9.4,0.433,0.0,0.0,0.0,4.1,9.4,0.433,3.2,5.4,0.589,3.3,6.5,9.8,1.0,0.8,0.3,2.0,5.3,11.3
193,Anfernee Hardaway,SG,28.0,PHO,60.0,60.0,2253.0,6.0,12.8,0.474,0.5,1.6,0.324,5.5,11.1,0.496,3.6,4.6,0.79,1.5,4.1,5.5,5.0,1.5,0.6,2.4,2.6,16.2
194,Tim Hardaway,PG,33.0,MIA,52.0,52.0,1672.0,5.3,13.7,0.386,2.0,5.5,0.367,3.3,8.2,0.398,2.4,2.9,0.827,0.5,2.7,3.2,8.3,1.1,0.1,2.6,2.4,15.0
195,Ron Harper,PG,36.0,LAL,80.0,78.0,2042.0,3.7,9.4,0.399,0.6,1.9,0.311,3.2,7.5,0.421,1.8,2.6,0.68,1.7,4.2,5.9,4.8,1.5,0.7,2.3,2.9,9.8
196,Matt Harpring,SF,23.0,ORL,4.0,0.0,63.0,2.3,9.7,0.235,1.1,1.1,1.0,1.1,8.6,0.133,3.4,4.0,0.857,2.9,4.0,6.9,4.6,2.9,0.6,0.6,4.0,9.1
197,Al Harrington,PF,19.0,IND,50.0,0.0,854.0,5.1,11.1,0.458,0.3,1.4,0.235,4.8,9.7,0.491,3.3,4.7,0.703,2.0,4.7,6.7,1.6,1.1,0.4,2.7,5.5,13.8
198,Othella Harrington,PF,26.0,VAN,82.0,82.0,2677.0,5.6,11.2,0.506,0.0,0.0,0.0,5.6,11.1,0.507,3.2,4.0,0.792,2.6,4.9,7.6,1.3,0.5,0.8,2.9,3.9,14.5
199,Lucious Harris,SG,29.0,NJN,77.0,11.0,1510.0,4.7,11.0,0.428,0.9,2.7,0.33,3.8,8.3,0.46,1.9,2.4,0.798,1.3,3.2,4.5,2.4,1.5,0.1,1.0,2.3,12.2
200,Antonio Harvey,PF,29.0,POR,19.0,0.0,137.0,4.5,7.9,0.567,0.0,0.0,0.0,4.5,7.9,0.567,1.8,3.2,0.583,2.1,6.6,8.7,1.3,0.3,1.6,3.2,5.3,10.8
201,Hersey Hawkins,SG,33.0,CHI,61.0,49.0,1622.0,3.5,8.3,0.424,1.2,3.1,0.39,2.3,5.2,0.444,2.4,2.6,0.899,0.7,3.2,3.9,3.0,1.6,0.3,2.2,3.2,10.7
202,Michael Hawkins,PG,27.0,CHH,12.0,0.0,36.0,3.0,13.0,0.231,1.0,5.0,0.2,2.0,8.0,0.25,1.0,2.0,0.5,0.0,7.0,7.0,13.0,0.0,0.0,3.0,2.0,8.0
203,Alan Henderson,PF,27.0,ATL,82.0,82.0,2775.0,5.6,12.1,0.461,0.0,0.1,0.1,5.6,11.9,0.465,2.9,4.3,0.671,3.4,4.0,7.4,1.0,1.1,0.7,1.8,3.0,14.0
204,Cedric Henderson,SF,24.0,CLE,61.0,7.0,1107.0,4.2,10.6,0.396,0.0,0.5,0.067,4.2,10.1,0.412,2.2,3.4,0.663,1.1,3.4,4.6,1.8,1.3,0.6,2.2,3.2,10.7
205,Mark Hendrickson,PF,25.0,TOT,15.0,0.0,71.0,2.5,4.1,0.625,0.0,0.0,0.0,2.5,4.1,0.625,1.5,2.0,0.75,1.5,5.1,6.6,3.0,1.0,0.5,1.5,4.1,6.6
206,Mark Hendrickson,PF,25.0,CLE,10.0,0.0,47.0,3.8,5.4,0.714,0.0,0.0,0.0,3.8,5.4,0.714,1.5,1.5,1.0,1.5,6.9,8.4,2.3,1.5,0.8,2.3,5.4,9.2
207,Mark Hendrickson,PF,25.0,NJN,5.0,0.0,24.0,0.0,1.5,0.0,0.0,0.0,0.0,0.0,1.5,0.0,1.5,3.0,0.5,1.5,1.5,3.0,4.5,0.0,0.0,0.0,1.5,1.5
208,Chris Herren,PG,24.0,DEN,45.0,1.0,597.0,2.7,7.5,0.363,1.4,4.0,0.358,1.3,3.4,0.368,1.6,2.4,0.675,0.7,2.4,3.1,6.7,0.9,0.1,2.5,4.5,8.5
209,Grant Hill*,SF,27.0,DET,74.0,74.0,2776.0,9.0,18.4,0.489,0.4,1.3,0.347,8.6,17.2,0.5,6.2,7.8,0.795,1.3,5.1,6.4,5.0,1.3,0.6,3.1,2.5,24.7
210,Tyrone Hill,PF,31.0,PHI,68.0,65.0,2155.0,5.3,11.0,0.485,0.0,0.0,0.0,5.3,10.9,0.485,3.0,4.3,0.691,3.7,6.8,10.4,0.9,1.1,0.5,2.1,4.1,13.6
211,Fred Hoiberg,SG,27.0,CHI,31.0,11.0,845.0,3.8,9.8,0.387,1.4,4.0,0.34,2.4,5.8,0.419,2.9,3.2,0.908,0.3,4.4,4.7,3.6,1.7,0.1,1.8,2.8,11.9
212,Derek Hood,PF,23.0,CHH,2.0,0.0,4.0,0.0,27.0,0.0,0.0,0.0,0.0,0.0,27.0,0.0,0.0,0.0,0.0,0.0,9.0,9.0,0.0,0.0,0.0,0.0,0.0,0.0
213,Jeff Hornacek,SG,36.0,UTA,77.0,77.0,2133.0,6.0,12.3,0.492,1.1,2.3,0.478,4.9,10.0,0.495,2.9,3.0,0.95,0.8,2.2,3.1,3.4,1.1,0.3,1.9,2.5,16.1
214,Robert Horry,PF,29.0,LAL,76.0,0.0,1685.0,3.4,7.8,0.438,0.6,2.0,0.309,2.8,5.7,0.483,1.9,2.4,0.788,2.8,4.9,7.7,2.5,1.8,1.7,1.6,4.0,9.3
216,Allan Houston,SG,28.0,NYK,82.0,82.0,3169.0,7.0,14.4,0.483,1.2,2.8,0.436,5.8,11.7,0.494,3.2,3.8,0.838,0.4,2.6,3.1,2.5,0.7,0.2,2.1,2.5,18.3
217,Juwan Howard,PF,26.0,WAS,82.0,82.0,2909.0,6.3,13.7,0.459,0.0,0.1,0.0,6.3,13.6,0.462,2.5,3.4,0.735,1.6,4.2,5.8,3.1,0.8,0.3,2.8,3.7,15.1
218,Troy Hudson,PG,23.0,LAC,62.0,38.0,1592.0,4.6,12.2,0.377,1.4,4.4,0.311,3.3,7.9,0.414,1.7,2.1,0.811,0.6,2.7,3.3,5.5,1.0,0.0,2.4,1.5,12.3
219,Larry Hughes,SG,21.0,TOT,82.0,37.0,2324.0,7.1,17.8,0.4,0.4,1.9,0.232,6.7,15.8,0.421,4.3,5.8,0.74,1.8,3.7,5.4,3.2,1.8,0.4,3.0,3.0,19.0
220,Larry Hughes,SG,21.0,PHI,50.0,5.0,1018.0,6.8,16.3,0.416,0.4,1.8,0.216,6.4,14.5,0.441,3.7,5.0,0.746,1.8,3.8,5.6,2.7,1.9,0.4,3.4,3.3,17.7
221,Larry Hughes,SG,21.0,GSW,32.0,32.0,1306.0,7.4,18.9,0.389,0.5,2.0,0.243,6.9,16.9,0.407,4.8,6.5,0.736,1.7,3.6,5.2,3.6,1.7,0.4,2.8,2.7,20.0
222,Rick Hughes,PF,26.0,DAL,21.0,0.0,224.0,5.6,11.6,0.486,0.0,0.2,0.0,5.6,11.4,0.493,1.9,4.2,0.462,3.9,4.0,7.9,1.4,0.5,0.2,2.3,4.8,13.2
223,Lindsey Hunter,PG,29.0,DET,82.0,82.0,2919.0,4.7,11.0,0.425,2.1,4.8,0.432,2.6,6.2,0.419,1.4,1.9,0.76,0.4,2.7,3.1,4.0,1.6,0.3,1.8,2.7,12.9
224,Allen Iverson*,SG,24.0,PHI,70.0,70.0,2853.0,9.2,21.9,0.421,1.1,3.3,0.341,8.1,18.6,0.435,5.6,7.8,0.713,0.9,2.5,3.4,4.1,1.8,0.1,2.9,2.0,25.1
225,Bobby Jackson,PG,26.0,MIN,73.0,10.0,1034.0,4.9,12.0,0.405,0.5,1.6,0.283,4.4,10.4,0.423,2.6,3.4,0.776,1.7,3.6,5.3,6.0,1.7,0.2,2.0,4.0,12.8
226,Jaren Jackson,SG,32.0,SAS,81.0,12.0,1691.0,4.0,10.4,0.381,2.3,6.5,0.353,1.7,3.9,0.429,0.7,1.1,0.647,0.7,3.1,3.9,2.5,1.1,0.1,1.4,3.3,10.9
227,Jermaine Jackson,SG,23.0,DET,7.0,0.0,73.0,0.5,5.4,0.091,0.0,0.5,0.0,0.5,4.9,0.1,2.5,3.9,0.625,0.5,4.9,5.4,2.0,1.5,0.0,3.5,3.5,3.5
228,Jim Jackson,SF,29.0,ATL,79.0,76.0,2767.0,6.6,16.1,0.411,1.5,3.9,0.386,5.1,12.1,0.418,2.4,2.8,0.877,1.3,3.8,5.1,3.0,0.7,0.1,2.4,2.2,17.1
229,Mark Jackson,PG,34.0,IND,81.0,81.0,2190.0,4.0,9.4,0.432,1.5,3.6,0.403,2.6,5.7,0.45,1.3,1.6,0.806,1.0,3.8,4.9,10.7,1.2,0.2,2.9,1.8,10.8
230,Randell Jackson,PF,24.0,DAL,1.0,0.0,1.0,0.0,0.0,0.0,0.0,0.0,0.0,0.0,0.0,0.0,0.0,0.0,0.0,0.0,0.0,0.0,0.0,0.0,0.0,0.0,0.0,0.0
231,Sam Jacobson,PG,24.0,TOT,52.0,5.0,681.0,5.7,11.2,0.509,0.5,1.3,0.375,5.2,9.9,0.527,1.6,2.2,0.732,1.3,2.4,3.8,1.7,1.6,0.2,1.7,6.0,13.5
232,Sam Jacobson,PG,24.0,LAL,3.0,0.0,18.0,10.0,18.0,0.556,0.0,0.0,0.0,10.0,18.0,0.556,0.0,4.0,0.0,0.0,2.0,2.0,4.0,2.0,0.0,4.0,2.0,20.0
233,Sam Jacobson,PG,24.0,GSW,49.0,5.0,663.0,5.6,11.0,0.507,0.5,1.3,0.375,5.1,9.7,0.525,1.6,2.1,0.769,1.4,2.4,3.8,1.6,1.6,0.2,1.7,6.1,13.3
234,Tim James,SF,23.0,MIA,4.0,0.0,23.0,7.8,21.9,0.357,0.0,0.0,0.0,7.8,21.9,0.357,1.6,4.7,0.333,4.7,1.6,6.3,3.1,0.0,4.7,3.1,1.6,17.2
235,Antawn Jamison,SF,23.0,GSW,43.0,41.0,1556.0,8.2,17.5,0.471,0.0,0.2,0.286,8.2,17.3,0.473,2.9,4.8,0.611,4.0,4.3,8.3,2.1,0.7,0.3,2.6,2.7,19.5
236,Harold Jamison,PF,23.0,MIA,12.0,0.0,74.0,3.4,9.7,0.35,0.0,0.0,0.0,3.4,9.7,0.35,1.9,8.8,0.222,7.8,2.4,10.2,1.9,1.0,0.5,1.9,8.3,8.8
237,Anthony Johnson,PG,25.0,TOT,56.0,6.0,637.0,3.5,9.3,0.378,0.1,0.6,0.182,3.4,8.6,0.392,1.6,2.2,0.718,1.2,1.7,2.9,4.1,1.9,0.2,1.8,3.3,8.7
238,Anthony Johnson,PG,25.0,ATL,38.0,2.0,423.0,3.1,8.8,0.35,0.1,0.5,0.167,3.0,8.3,0.361,1.6,2.0,0.792,1.3,2.0,3.3,5.0,2.0,0.2,2.0,3.5,7.8
239,Anthony Johnson,PG,25.0,ORL,18.0,4.0,214.0,4.4,10.3,0.426,0.2,0.8,0.2,4.2,9.4,0.446,1.5,2.5,0.6,1.0,1.0,2.0,2.2,1.7,0.3,1.3,2.9,10.4
240,Avery Johnson,PG,34.0,SAS,82.0,82.0,2571.0,5.6,11.9,0.473,0.0,0.1,0.111,5.6,11.8,0.477,1.6,2.2,0.735,0.5,1.8,2.2,6.9,1.1,0.3,2.0,2.1,12.9
241,DeMarco Johnson,PF,24.0,NYK,5.0,0.0,37.0,2.9,8.8,0.333,0.0,0.0,0.0,2.9,8.8,0.333,0.0,0.0,0.0,2.9,3.9,6.8,0.0,1.0,0.0,2.9,4.9,5.8
243,Ervin Johnson,C,32.0,MIL,80.0,74.0,2129.0,2.4,4.7,0.516,0.0,0.0,0.0,2.4,4.7,0.518,1.6,2.7,0.605,3.9,7.0,11.0,0.7,1.4,2.1,1.4,5.0,6.5
244,Kevin Johnson,PG,33.0,PHO,6.0,0.0,113.0,5.1,8.9,0.571,0.3,0.3,1.0,4.8,8.6,0.556,2.2,2.2,1.0,0.0,5.1,5.1,7.6,0.6,0.0,2.2,1.9,12.7
245,Larry Johnson,PF,30.0,NYK,70.0,68.0,2281.0,4.5,10.3,0.433,0.9,2.7,0.333,3.5,7.5,0.469,2.0,2.6,0.766,1.4,4.6,6.0,2.8,0.7,0.1,1.5,3.2,11.8
246,Charles Jones,PG,24.0,LAC,56.0,0.0,662.0,3.6,10.9,0.328,2.1,6.4,0.331,1.5,4.5,0.325,0.9,1.3,0.739,0.9,2.4,3.4,5.1,1.6,0.3,1.5,2.5,10.2
247,Damon Jones,PG,23.0,TOT,55.0,1.0,612.0,4.7,12.2,0.385,2.4,6.7,0.36,2.3,5.5,0.415,1.9,2.8,0.667,0.7,2.5,3.2,5.6,1.1,0.1,2.4,2.0,13.7
248,Damon Jones,PG,23.0,GSW,13.0,1.0,196.0,4.6,9.9,0.463,2.0,4.2,0.478,2.6,5.7,0.452,1.3,1.7,0.778,0.0,2.9,2.9,7.2,1.1,0.0,2.8,2.4,12.5
249,Damon Jones,PG,23.0,DAL,42.0,0.0,416.0,4.8,13.3,0.357,2.6,7.9,0.33,2.2,5.5,0.397,2.2,3.4,0.641,1.0,2.3,3.4,4.9,1.0,0.1,2.2,1.8,14.3
250,Eddie Jones,SG,28.0,CHH,72.0,72.0,2807.0,6.1,14.4,0.427,1.6,4.4,0.375,4.5,10.0,0.45,4.6,5.4,0.864,1.0,3.4,4.4,3.9,2.5,0.6,2.1,2.3,18.5
251,Jumaine Jones,SF,20.0,PHI,33.0,0.0,138.0,5.7,15.1,0.379,0.5,1.0,0.5,5.2,14.1,0.37,2.9,4.7,0.611,4.2,5.7,9.9,1.3,1.6,1.3,3.7,2.6,14.9
252,Popeye Jones,PF,29.0,DEN,40.0,1.0,330.0,4.8,11.3,0.423,0.2,0.3,0.667,4.6,11.0,0.416,1.5,2.1,0.737,4.5,6.8,11.2,2.1,0.3,0.7,1.4,5.5,11.3
253,Reggie Jordan,PG,32.0,WAS,36.0,0.0,243.0,2.5,7.9,0.321,0.0,0.1,0.0,2.5,7.7,0.327,1.0,1.9,0.538,2.4,3.7,6.1,4.7,1.8,0.3,2.8,4.3,6.1
254,Adam Keefe,C,29.0,UTA,62.0,3.0,604.0,3.2,7.7,0.408,0.0,0.1,0.0,3.2,7.7,0.411,1.7,2.1,0.806,2.7,5.4,8.1,2.0,1.0,0.8,2.7,5.4,8.0
255,Shawn Kemp,C,30.0,CLE,82.0,82.0,2492.0,7.0,16.8,0.417,0.0,0.1,0.333,7.0,16.7,0.418,7.1,9.2,0.776,3.3,7.1,10.5,2.0,1.4,1.4,4.2,5.4,21.1
256,Steve Kerr,PG,34.0,SAS,32.0,0.0,268.0,4.3,9.9,0.432,2.1,4.2,0.516,2.1,5.8,0.372,1.2,1.5,0.818,0.4,2.1,2.6,1.6,0.5,0.0,0.9,1.9,12.0
257,Jerome Kersey,SF,37.0,SAS,72.0,18.0,1310.0,4.0,9.7,0.412,0.0,0.2,0.0,4.0,9.5,0.423,0.8,1.1,0.707,1.6,4.6,6.2,1.9,1.8,1.3,1.4,4.4,8.8
258,Lari Ketner,PF,22.0,TOT,22.0,0.0,132.0,3.5,8.7,0.406,0.0,0.0,0.0,3.5,8.7,0.406,2.2,3.3,0.667,3.3,6.0,9.3,0.3,1.1,0.8,2.7,5.5,9.3
259,Lari Ketner,PF,22.0,CHI,6.0,0.0,41.0,3.5,8.8,0.4,0.0,0.0,0.0,3.5,8.8,0.4,1.8,1.8,1.0,0.0,6.1,6.1,0.9,0.9,0.9,2.6,7.0,8.8
260,Lari Ketner,PF,22.0,CLE,16.0,0.0,91.0,3.6,8.7,0.409,0.0,0.0,0.0,3.6,8.7,0.409,2.4,4.0,0.6,4.7,5.9,10.7,0.0,1.2,0.8,2.8,4.7,9.5
261,Jason Kidd*,PG,26.0,PHO,67.0,67.0,2616.0,4.8,11.8,0.409,0.8,2.3,0.337,4.0,9.5,0.427,2.8,3.4,0.829,1.3,5.3,6.6,9.3,1.8,0.4,3.1,2.0,13.2
262,Gerard King,SF,27.0,WAS,62.0,28.0,1060.0,4.7,9.4,0.502,0.0,0.0,0.0,4.7,9.4,0.502,1.7,2.2,0.742,2.9,5.6,8.5,1.7,1.2,0.5,1.4,4.5,11.1
263,Kerry Kittles,SG,25.0,NJN,62.0,61.0,1896.0,5.8,13.3,0.437,1.8,4.6,0.4,4.0,8.7,0.456,1.9,2.4,0.795,0.9,3.4,4.3,2.7,1.5,0.4,1.1,2.3,15.3
264,Joe Kleine,C,38.0,POR,7.0,0.0,31.0,4.6,12.8,0.364,0.0,0.0,0.0,4.6,12.8,0.364,3.5,3.5,1.0,0.0,7.0,7.0,2.3,1.2,0.0,2.3,8.1,12.8
265,Brevin Knight,PG,24.0,CLE,65.0,46.0,1754.0,4.7,11.5,0.412,0.0,0.2,0.2,4.7,11.2,0.416,2.9,3.8,0.761,0.8,3.2,4.0,9.4,2.2,0.4,3.2,3.8,12.4
266,Travis Knight,C,25.0,LAL,63.0,0.0,410.0,4.0,10.4,0.39,0.0,0.0,0.0,4.0,10.4,0.39,1.5,2.5,0.607,4.0,7.3,11.3,2.0,0.5,2.0,2.3,7.7,9.6
268,Toni Kukoc,SF,31.0,TOT,56.0,31.0,1784.0,6.0,14.7,0.408,0.9,3.4,0.262,5.1,11.3,0.452,3.9,5.3,0.725,1.5,4.0,5.5,5.3,1.6,0.6,2.9,2.3,16.7
269,Toni Kukoc,SF,31.0,CHI,24.0,23.0,868.0,6.1,16.1,0.381,0.7,3.2,0.231,5.4,12.9,0.419,4.9,6.4,0.761,1.5,3.9,5.4,5.1,1.8,0.8,3.1,2.1,17.9
270,Toni Kukoc,SF,31.0,PHI,32.0,8.0,916.0,5.9,13.4,0.438,1.0,3.5,0.289,4.8,9.8,0.492,2.9,4.3,0.673,1.5,4.1,5.6,5.5,1.3,0.4,2.8,2.4,15.6
271,Christian Laettner,C,30.0,DET,82.0,82.0,2443.0,5.6,11.8,0.473,0.1,0.4,0.292,5.5,11.4,0.479,3.5,4.3,0.812,2.6,5.6,8.1,2.7,1.2,0.7,2.7,4.8,14.8
272,Raef LaFrentz,C,23.0,DEN,81.0,80.0,2435.0,5.8,13.0,0.446,0.9,2.7,0.328,4.9,10.3,0.477,2.4,3.5,0.686,2.5,7.0,9.5,1.4,0.6,2.7,1.4,4.3,14.9
273,Andrew Lang,C,33.0,NYK,19.0,10.0,244.0,4.1,9.4,0.438,0.0,0.0,0.0,4.1,9.4,0.438,0.4,1.0,0.429,2.4,6.5,8.9,0.4,1.2,0.9,0.7,4.6,8.7
274,Antonio Lang,SF,27.0,TOT,10.0,0.0,38.0,0.9,5.7,0.167,0.0,0.0,0.0,0.9,5.7,0.167,3.8,4.7,0.8,0.0,4.7,4.7,1.9,3.8,0.9,1.9,7.6,5.7
275,Antonio Lang,SF,27.0,TOR,7.0,0.0,32.0,0.0,5.6,0.0,0.0,0.0,0.0,0.0,5.6,0.0,3.4,4.5,0.75,0.0,5.6,5.6,1.1,4.5,1.1,2.3,7.9,3.4
276,Antonio Lang,SF,27.0,PHI,3.0,0.0,6.0,6.0,6.0,1.0,0.0,0.0,0.0,6.0,6.0,1.0,6.0,6.0,1.0,0.0,0.0,0.0,6.0,0.0,0.0,0.0,6.0,18.0
277,Trajan Langdon,SG,23.0,CLE,10.0,0.0,145.0,3.7,9.9,0.375,2.0,4.7,0.421,1.7,5.2,0.333,2.7,2.7,1.0,1.0,2.7,3.7,2.7,1.2,0.0,1.5,4.0,12.2
278,Rusty LaRue,PG,26.0,CHI,4.0,1.0,129.0,4.2,12.0,0.349,0.6,3.9,0.143,3.6,8.1,0.448,1.4,2.0,0.714,0.3,2.5,2.8,3.1,2.0,0.0,2.0,2.5,10.3
279,Tim Legler,SG,33.0,GSW,23.0,4.0,284.0,3.5,9.9,0.359,0.9,2.7,0.333,2.7,7.2,0.368,1.8,2.3,0.778,0.5,2.4,2.9,3.0,0.5,0.1,0.8,4.2,9.8
280,Voshon Lenard,SG,26.0,MIA,53.0,13.0,1434.0,5.7,14.1,0.407,2.2,5.7,0.39,3.5,8.3,0.419,2.1,2.7,0.792,0.9,2.9,3.8,3.4,1.0,0.4,2.0,3.2,15.8
281,Quincy Lewis,SG,22.0,UTA,74.0,0.0,896.0,4.5,12.0,0.372,0.9,2.5,0.365,3.5,9.4,0.374,1.5,2.1,0.731,1.8,2.7,4.5,1.6,1.0,0.6,1.8,6.3,11.4
282,Rashard Lewis,SF,20.0,SEA,82.0,8.0,1575.0,6.3,12.9,0.486,0.9,2.7,0.333,5.4,10.2,0.527,1.9,2.8,0.683,2.9,4.8,7.7,1.6,1.4,0.8,1.8,3.7,15.4
283,Randy Livingston,PG,24.0,PHO,79.0,15.0,1081.0,5.2,12.4,0.416,0.6,1.8,0.345,4.5,10.6,0.428,1.7,2.1,0.839,0.8,3.5,4.3,5.7,1.6,0.4,3.1,4.3,12.7
284,Grant Long,PF,33.0,VAN,42.0,1.0,920.0,2.9,6.5,0.443,0.0,0.2,0.0,2.9,6.4,0.454,2.2,2.8,0.775,3.4,5.8,9.2,1.7,1.8,0.4,1.9,4.2,7.9
285,Luc Longley,C,31.0,PHO,72.0,68.0,1417.0,4.7,10.1,0.466,0.0,0.0,0.0,4.7,10.1,0.466,2.0,2.5,0.825,2.5,5.7,8.2,2.0,0.6,1.1,3.5,5.6,11.5
286,Felipe Lopez,SG,25.0,VAN,65.0,0.0,781.0,5.1,12.0,0.425,0.1,0.8,0.167,5.0,11.2,0.444,3.1,5.0,0.615,2.7,3.0,5.7,2.0,1.5,0.8,2.4,4.3,13.5
287,Tyronn Lue,PG,22.0,LAL,8.0,0.0,146.0,4.7,9.6,0.487,1.0,2.0,0.5,3.7,7.6,0.484,1.5,2.0,0.75,0.5,2.5,3.0,4.2,0.7,0.0,2.2,4.2,11.8
288,George Lynch,SF,29.0,PHI,75.0,75.0,2416.0,4.4,9.6,0.461,0.2,0.5,0.417,4.2,9.1,0.464,1.7,2.7,0.617,3.2,5.5,8.7,2.0,1.8,0.6,1.8,3.4,10.8
289,Todd MacCulloch,C,24.0,PHI,56.0,6.0,528.0,6.1,11.0,0.553,0.0,0.0,0.0,6.1,11.0,0.553,1.9,3.7,0.519,3.3,6.7,10.0,0.9,0.7,2.5,1.8,6.4,14.0
290,Sam Mack,SF,29.0,GSW,23.0,5.0,333.0,4.0,13.2,0.303,2.3,6.9,0.328,1.7,6.3,0.276,2.1,2.2,0.95,0.8,3.5,4.2,2.6,1.9,0.1,2.1,4.9,12.3
291,Don MacLean,PF,30.0,PHO,16.0,0.0,143.0,4.5,12.3,0.367,0.5,1.5,0.333,4.0,10.8,0.372,1.0,1.5,0.667,1.5,4.3,5.8,2.0,0.5,0.3,2.0,6.0,10.6
293,Corey Maggette,SF,20.0,ORL,77.0,5.0,1370.0,5.9,12.3,0.478,0.1,0.3,0.182,5.8,12.0,0.485,5.2,6.9,0.751,3.2,4.7,8.0,1.6,0.6,0.7,3.6,4.4,17.0
294,Dan Majerle,SG,34.0,MIA,69.0,69.0,2308.0,2.7,6.6,0.403,1.7,4.7,0.362,0.9,1.8,0.508,0.9,1.1,0.812,0.4,4.8,5.2,3.2,1.4,0.3,1.0,2.4,7.9
295,Karl Malone*,PF,36.0,UTA,82.0,82.0,2947.0,9.2,18.0,0.509,0.0,0.1,0.25,9.2,17.9,0.511,7.2,9.0,0.797,2.1,7.5,9.5,3.7,1.0,0.9,2.8,2.8,25.6
296,Matt Maloney,PG,28.0,CHI,51.0,12.0,1175.0,3.5,9.7,0.358,1.9,5.3,0.356,1.6,4.4,0.361,1.1,1.4,0.822,0.3,1.7,2.0,4.2,1.0,0.1,1.9,1.3,10.0
297,Danny Manning,PF,33.0,MIL,72.0,0.0,1217.0,4.4,10.0,0.44,0.0,0.1,0.25,4.4,9.9,0.442,1.0,1.5,0.654,1.5,4.7,6.2,2.2,1.8,0.9,1.6,5.4,9.9
298,Stephon Marbury,PG,22.0,NJN,74.0,74.0,2881.0,7.1,16.5,0.432,0.8,2.9,0.283,6.3,13.5,0.464,5.4,6.7,0.813,0.8,2.2,3.0,7.8,1.4,0.2,3.4,2.4,20.5
299,Shawn Marion,SF,21.0,PHO,51.0,38.0,1260.0,6.3,13.5,0.471,0.1,0.6,0.182,6.2,12.8,0.486,2.1,2.4,0.847,3.0,6.5,9.5,2.0,1.1,1.5,1.5,3.2,14.9
300,Sean Marks,PF,24.0,TOR,5.0,0.0,12.0,6.0,18.0,0.333,0.0,3.0,0.0,6.0,15.0,0.4,12.0,12.0,1.0,0.0,6.0,6.0,0.0,3.0,3.0,9.0,9.0,24.0
301,Donny Marshall,SF,27.0,CLE,6.0,0.0,39.0,2.8,10.2,0.273,0.0,2.8,0.0,2.8,7.4,0.375,4.6,5.5,0.833,0.0,0.9,0.9,0.0,1.8,0.0,2.8,6.5,10.2
302,Donyell Marshall,PF,26.0,GSW,64.0,51.0,2071.0,5.8,14.6,0.394,0.9,2.4,0.355,4.9,12.2,0.402,3.5,4.4,0.78,3.3,7.8,11.1,2.9,1.2,1.2,2.1,3.1,15.8
303,Darrick Martin,PG,28.0,SAC,71.0,1.0,893.0,5.4,14.1,0.38,1.5,5.0,0.306,3.8,9.1,0.42,4.0,4.8,0.824,0.3,1.5,1.8,4.9,1.1,0.1,2.5,3.6,16.2
304,Jamal Mashburn,SF,27.0,MIA,76.0,76.0,2828.0,6.6,14.7,0.445,1.4,3.5,0.403,5.1,11.2,0.458,2.4,3.0,0.778,0.8,4.0,4.9,3.8,1.0,0.2,2.3,2.7,16.9
305,Anthony Mason,SF,33.0,CHH,82.0,81.0,3133.0,3.6,7.6,0.48,0.0,0.0,0.0,3.6,7.6,0.48,3.6,4.8,0.746,1.7,6.4,8.0,4.2,0.9,0.3,1.8,2.5,10.9
306,Tony Massenburg,PF,32.0,HOU,10.0,0.0,109.0,5.3,11.9,0.444,0.0,0.0,0.0,5.3,11.9,0.444,4.6,5.3,0.875,2.3,6.6,8.9,1.0,0.7,1.7,3.0,4.3,15.2
307,Vernon Maxwell,SG,34.0,SEA,47.0,0.0,989.0,6.2,17.8,0.345,2.4,8.1,0.3,3.7,9.7,0.382,3.9,5.4,0.73,0.5,2.3,2.9,2.7,1.4,0.3,1.9,3.0,18.7
308,Walter McCarty,PF,25.0,BOS,61.0,5.0,879.0,3.2,9.4,0.339,1.4,4.5,0.309,1.8,4.9,0.367,1.6,2.2,0.722,1.4,3.2,4.5,2.9,1.0,0.9,2.7,3.4,9.4
309,George McCloud,SF,32.0,DEN,78.0,11.0,2118.0,4.5,10.8,0.417,1.8,4.8,0.378,2.7,6.0,0.448,2.5,3.1,0.818,1.2,3.6,4.8,4.2,0.8,0.4,2.3,3.1,13.4
310,Jelani McCoy,C,22.0,SEA,58.0,2.0,746.0,4.9,8.5,0.576,0.0,0.0,0.0,4.9,8.5,0.576,2.2,4.4,0.495,2.6,6.0,8.6,1.2,0.7,2.2,2.2,6.1,12.0
311,Antonio McDyess,PF,25.0,DEN,81.0,81.0,2698.0,8.2,16.2,0.507,0.0,0.0,0.0,8.2,16.1,0.508,4.3,6.9,0.626,3.1,6.0,9.1,2.1,0.9,1.9,3.1,4.2,20.7
312,Tracy McGrady*,SF,20.0,TOR,79.0,34.0,2462.0,6.7,14.9,0.451,0.3,1.0,0.277,6.4,13.9,0.463,4.1,5.7,0.707,2.7,4.6,7.3,3.8,1.3,2.2,2.3,2.9,17.7
314,Jim McIlvaine,C,27.0,NJN,66.0,53.0,1048.0,2.2,5.3,0.416,0.0,0.0,0.0,2.2,5.3,0.416,1.0,1.9,0.518,3.6,4.3,7.9,1.2,0.9,4.0,1.3,7.0,5.4
315,Jeff McInnis,PG,25.0,LAC,25.0,10.0,597.0,4.8,11.2,0.43,0.4,1.3,0.333,4.4,9.9,0.442,0.8,1.0,0.765,1.1,3.3,4.3,5.4,0.9,0.1,1.6,3.3,10.9
316,Derrick McKey,SF,33.0,IND,32.0,0.0,634.0,2.4,6.1,0.398,0.6,1.3,0.435,1.9,4.8,0.388,2.4,3.2,0.768,1.6,6.0,7.7,2.0,1.6,0.7,1.1,4.6,7.9
317,Aaron McKie,SG,27.0,PHI,82.0,14.0,1952.0,4.5,10.9,0.411,0.8,2.2,0.364,3.7,8.7,0.424,2.2,2.7,0.829,0.9,3.7,4.5,4.4,2.0,0.3,2.1,3.6,12.0
318,Roshown McLeod,SF,24.0,ATL,44.0,20.0,860.0,5.5,13.9,0.395,0.1,0.5,0.154,5.4,13.4,0.404,2.3,2.9,0.771,1.7,4.1,5.8,2.2,0.7,0.2,2.5,3.5,13.3
319,Ron Mercer,SG,23.0,TOT,68.0,68.0,2377.0,7.0,16.4,0.426,0.2,0.7,0.313,6.7,15.6,0.431,3.2,4.1,0.789,1.0,2.8,3.8,2.4,1.1,0.3,2.3,2.3,17.4
320,Ron Mercer,SG,23.0,DEN,37.0,37.0,1408.0,7.0,15.6,0.444,0.4,1.0,0.385,6.6,14.7,0.449,3.0,3.9,0.788,0.7,3.1,3.9,2.7,0.8,0.4,2.2,1.9,17.3
321,Ron Mercer,SG,23.0,ORL,31.0,31.0,969.0,7.0,17.4,0.402,0.0,0.3,0.0,7.0,17.1,0.41,3.5,4.4,0.79,1.3,2.3,3.6,2.0,1.6,0.3,2.4,2.8,17.5
322,Andre Miller,PG,23.0,CLE,82.0,36.0,2093.0,5.8,13.0,0.449,0.2,0.8,0.204,5.7,12.1,0.466,3.9,5.0,0.774,1.5,3.4,4.8,8.2,1.4,0.3,2.9,3.3,15.7
323,Anthony Miller,PF,28.0,HOU,35.0,14.0,476.0,3.9,7.3,0.536,0.0,0.0,0.0,3.9,7.3,0.536,2.0,3.9,0.51,3.7,8.7,12.4,1.2,0.8,0.8,1.4,5.1,9.8
324,Brad Miller,C,23.0,CHH,55.0,4.0,961.0,5.1,11.0,0.461,0.0,0.1,0.0,5.1,10.9,0.464,5.7,7.3,0.785,4.2,6.7,11.0,1.7,0.9,1.3,1.8,4.2,15.8
325,Oliver Miller,C,29.0,PHO,51.0,9.0,1088.0,4.5,7.7,0.588,0.0,0.0,0.0,4.5,7.7,0.588,1.6,2.4,0.671,2.9,5.8,8.6,2.3,1.4,2.6,2.4,4.4,10.7
326,Reggie Miller*,SG,34.0,IND,81.0,81.0,2987.0,5.6,12.5,0.448,2.0,4.9,0.408,3.6,7.7,0.473,4.5,4.9,0.919,0.6,2.3,2.9,2.3,1.0,0.3,1.6,1.5,17.7
327,Chris Mills,SF,30.0,GSW,20.0,11.0,649.0,6.8,16.2,0.421,0.4,1.7,0.267,6.4,14.5,0.439,3.8,4.7,0.81,2.6,4.3,6.8,2.6,1.0,0.2,1.4,3.3,17.9
328,Terry Mills,PF,32.0,DET,82.0,78.0,1842.0,4.2,9.5,0.439,1.9,4.7,0.393,2.3,4.8,0.484,0.5,0.7,0.735,1.0,6.6,7.6,1.7,0.7,0.5,0.9,4.7,10.7
329,Jason Miskiri,PG,24.0,CHH,1.0,0.0,3.0,0.0,12.0,0.0,0.0,12.0,0.0,0.0,0.0,0.0,0.0,0.0,0.0,0.0,0.0,0.0,12.0,0.0,0.0,0.0,24.0,0.0
330,Sam Mitchell,SF,36.0,MIN,66.0,24.0,1227.0,4.9,11.0,0.447,0.3,0.7,0.435,4.6,10.4,0.448,2.4,2.7,0.88,0.8,3.2,4.0,3.3,0.8,0.4,1.3,3.4,12.5
331,Cuttino Mobley,SG,24.0,HOU,81.0,8.0,2496.0,6.3,14.7,0.43,1.5,4.2,0.356,4.8,10.4,0.46,4.3,5.1,0.847,0.9,3.3,4.2,3.0,1.3,0.5,2.7,2.5,18.4
332,Nazr Mohammed,C,22.0,PHI,28.0,3.0,190.0,4.0,10.2,0.389,0.0,0.0,0.0,4.0,10.2,0.389,2.3,4.2,0.545,3.0,6.4,9.5,0.4,0.8,2.3,3.4,5.5,10.2
333,Eric Montross,C,28.0,DET,51.0,0.0,332.0,1.8,6.0,0.309,0.0,0.0,0.0,1.8,6.0,0.309,0.7,1.3,0.5,2.0,5.9,7.8,0.8,0.7,1.0,2.4,8.8,4.3
334,Mikki Moore,C,24.0,DET,29.0,0.0,488.0,6.4,10.3,0.621,0.0,0.0,0.0,6.4,10.3,0.621,4.0,5.0,0.794,3.2,5.0,8.3,1.3,0.7,2.3,1.7,7.7,16.8
335,Alonzo Mourning*,C,29.0,MIA,79.0,78.0,2748.0,8.5,15.5,0.551,0.0,0.1,0.0,8.5,15.5,0.553,5.4,7.6,0.711,2.8,7.0,9.9,1.6,0.5,3.9,2.8,4.0,22.5
337,Chris Mullin*,SG,36.0,IND,47.0,2.0,582.0,4.9,11.6,0.428,2.8,6.8,0.409,2.2,4.8,0.455,2.3,2.5,0.902,0.9,3.8,4.7,2.3,1.7,0.6,1.7,3.7,15.0
338,Eric Murdock,PG,31.0,LAC,40.0,15.0,693.0,4.1,10.6,0.385,0.8,2.2,0.381,3.3,8.5,0.387,2.6,4.2,0.638,0.8,3.2,4.0,5.6,2.4,0.3,3.0,3.5,11.7
339,Gheorghe Muresan,C,28.0,NJN,30.0,2.0,267.0,5.5,12.1,0.456,0.0,0.0,0.0,5.5,12.1,0.456,3.1,5.1,0.605,3.2,5.9,9.2,1.2,0.0,1.6,2.2,7.0,14.2
340,Lamond Murray,SF,26.0,CLE,74.0,72.0,2365.0,7.0,15.5,0.451,0.8,2.1,0.367,6.2,13.4,0.465,3.1,4.1,0.761,1.9,4.5,6.4,2.0,1.6,0.5,2.8,3.2,17.9
341,Tracy Murray,SF,28.0,WAS,80.0,8.0,1831.0,5.7,13.2,0.433,2.2,5.2,0.43,3.5,8.0,0.435,2.4,2.8,0.851,1.2,4.1,5.3,1.4,0.9,0.5,1.7,3.6,16.0
342,Dikembe Mutombo*,C,33.0,ATL,82.0,82.0,2984.0,3.9,6.9,0.562,0.0,0.0,0.0,3.9,6.9,0.562,3.6,5.1,0.708,3.7,10.3,14.0,1.3,0.3,3.2,2.1,3.0,11.4
343,Steve Nash*,PG,25.0,DAL,56.0,27.0,1532.0,4.1,8.5,0.477,1.4,3.5,0.403,2.7,5.0,0.528,1.8,2.0,0.882,0.8,2.0,2.8,6.4,0.9,0.1,2.4,2.9,11.3
344,Tyrone Nesby,SG,24.0,LAC,73.0,39.0,2317.0,5.7,14.2,0.398,1.5,4.4,0.335,4.2,9.9,0.426,2.3,3.0,0.791,1.3,3.0,4.3,1.9,1.2,0.5,1.6,3.2,15.1
345,Rasho Nesterovic,C,23.0,MIN,82.0,55.0,1723.0,4.3,9.0,0.476,0.0,0.0,0.0,4.3,9.0,0.478,1.2,2.2,0.573,2.8,5.1,7.9,1.9,0.4,1.8,1.5,5.5,9.8
346,Johnny Newman,SF,36.0,NJN,82.0,9.0,1763.0,5.7,12.7,0.446,1.5,3.9,0.379,4.2,8.8,0.476,3.9,4.7,0.838,0.8,2.3,3.1,1.3,1.1,0.2,1.8,4.2,16.7
347,Moochie Norris,PG,26.0,HOU,30.0,0.0,502.0,4.9,11.4,0.434,0.9,2.1,0.414,4.1,9.3,0.438,4.1,5.2,0.781,1.1,3.7,4.9,6.7,1.6,0.1,2.2,2.3,14.8
348,Dirk Nowitzki,PF,21.0,DAL,82.0,81.0,2938.0,6.3,13.7,0.461,1.4,3.7,0.379,4.9,9.9,0.491,3.5,4.3,0.83,1.2,5.3,6.5,2.5,0.8,0.8,1.7,3.1,17.6
349,Jermaine O'Neal,C,21.0,POR,70.0,8.0,859.0,4.5,9.3,0.486,0.0,0.0,0.0,4.5,9.3,0.489,2.4,4.1,0.582,4.1,5.5,9.6,0.8,0.5,2.3,2.0,5.3,11.4
350,Shaquille O'Neal*,C,27.0,LAL,79.0,79.0,3163.0,10.9,19.0,0.574,0.0,0.0,0.0,10.9,18.9,0.575,4.9,9.4,0.524,3.8,8.4,12.3,3.4,0.4,2.7,2.5,2.9,26.7
351,Charles Oakley,PF,36.0,TOR,80.0,80.0,2431.0,3.5,8.3,0.418,0.2,0.6,0.341,3.3,7.7,0.424,1.0,1.3,0.776,1.7,6.3,8.0,3.7,1.5,0.7,2.3,4.4,8.1
352,Lamar Odom,SF,20.0,LAC,76.0,70.0,2767.0,5.8,13.3,0.438,0.8,2.1,0.36,5.1,11.2,0.453,3.9,5.5,0.719,2.1,5.7,7.7,4.1,1.2,1.2,3.4,3.8,16.4
353,Hakeem Olajuwon*,C,37.0,HOU,44.0,28.0,1049.0,6.6,14.4,0.458,0.0,0.1,0.0,6.6,14.4,0.461,2.4,3.8,0.616,2.2,7.2,9.4,2.1,1.4,2.4,2.5,3.0,15.6
354,Kevin Ollie,PG,27.0,PHI,40.0,0.0,290.0,2.7,6.1,0.449,0.0,0.0,0.0,2.7,6.1,0.449,3.5,4.6,0.757,0.5,3.4,3.8,5.7,1.2,0.0,1.2,3.4,8.9
355,Michael Olowokandi,C,24.0,LAC,80.0,77.0,2493.0,4.8,10.9,0.437,0.0,0.0,0.0,4.8,10.9,0.437,1.8,2.7,0.651,2.8,6.7,9.5,0.5,0.5,2.0,2.6,4.4,11.3
356,Greg Ostertag,C,26.0,UTA,81.0,3.0,1606.0,2.8,6.0,0.464,0.0,0.0,0.0,2.8,6.0,0.466,2.7,4.2,0.636,3.9,6.9,10.8,0.4,0.4,3.9,1.8,4.4,8.2
358,Bo Outlaw,PF,28.0,ORL,82.0,55.0,2326.0,3.2,5.2,0.602,0.0,0.0,0.0,3.2,5.2,0.607,1.3,2.5,0.506,3.1,5.0,8.1,3.8,1.7,2.3,2.1,3.1,7.6
359,Doug Overton,PG,30.0,BOS,48.0,0.0,432.0,5.1,12.8,0.396,0.8,2.3,0.357,4.2,10.5,0.405,1.7,1.7,0.952,1.2,1.6,2.7,4.4,0.8,0.0,1.7,3.8,12.7
360,Billy Owens,PF-SF,30.0,TOT,62.0,11.0,1305.0,4.1,9.9,0.419,0.3,0.9,0.324,3.8,8.9,0.429,1.7,2.9,0.594,2.7,5.6,8.3,2.7,0.9,0.6,2.3,4.6,10.3
361,Billy Owens,PF,30.0,PHI,46.0,7.0,919.0,4.4,10.1,0.434,0.4,1.1,0.333,4.0,9.0,0.446,1.5,2.5,0.594,2.5,5.1,7.5,2.3,1.0,0.6,2.4,4.7,10.6
362,Billy Owens,SF,30.0,GSW,16.0,4.0,386.0,3.5,9.3,0.38,0.2,0.7,0.286,3.4,8.7,0.387,2.3,3.9,0.595,3.4,6.8,10.2,3.5,0.7,0.5,2.2,4.4,9.6
363,Robert Pack,PG,30.0,DAL,29.0,22.0,665.0,5.2,12.5,0.417,0.2,0.6,0.364,5.0,11.9,0.42,3.4,4.2,0.808,0.4,1.9,2.3,9.1,1.7,0.2,4.1,2.4,14.0
364,Scott Padgett,PF,23.0,UTA,47.0,9.0,432.0,3.7,11.7,0.314,1.1,3.7,0.295,2.6,8.0,0.323,1.6,2.3,0.704,2.0,5.3,7.3,2.1,1.2,0.7,1.8,4.6,10.0
365,Milt Palacio,PG,21.0,VAN,53.0,0.0,394.0,3.9,9.0,0.439,0.0,0.2,0.0,3.9,8.8,0.448,2.0,3.4,0.595,1.6,3.1,4.7,4.4,1.8,0.0,4.0,2.9,9.9
366,Anthony Parker,SG,24.0,ORL,16.0,0.0,185.0,4.7,11.1,0.421,0.2,2.7,0.071,4.5,8.4,0.535,1.6,2.1,0.727,1.0,4.3,5.3,1.9,1.6,0.8,2.1,2.5,11.1
367,Cherokee Parks,C,27.0,VAN,56.0,14.0,808.0,3.2,6.5,0.497,0.0,0.0,0.0,3.2,6.4,0.5,1.1,1.6,0.649,2.5,5.7,8.2,1.6,1.3,2.0,1.2,5.1,7.5
368,Andrae Patterson,PF,24.0,MIN,5.0,0.0,20.0,5.4,7.2,0.75,0.0,0.0,0.0,5.4,7.2,0.75,0.0,0.0,0.0,1.8,1.8,3.6,1.8,1.8,0.0,1.8,7.2,10.8
369,Ruben Patterson,SF,24.0,SEA,81.0,74.0,2097.0,6.1,11.3,0.536,0.2,0.5,0.444,5.9,10.9,0.539,3.8,5.5,0.692,3.7,3.7,7.5,2.2,1.6,0.7,2.5,3.3,16.2
370,Gary Payton*,PG,31.0,SEA,82.0,82.0,3425.0,7.9,17.5,0.448,1.9,5.5,0.34,6.0,12.0,0.497,3.3,4.4,0.735,1.1,4.5,5.6,7.7,1.6,0.2,2.4,1.9,20.8
371,Anthony Peeler,SG,30.0,MIN,82.0,22.0,2073.0,5.5,12.6,0.436,1.5,4.4,0.333,4.0,8.2,0.491,1.5,1.9,0.798,1.0,3.0,4.0,3.4,1.1,0.2,1.5,3.0,14.0
372,Will Perdue,C,34.0,CHI,67.0,15.0,1012.0,2.1,6.0,0.351,0.0,0.0,0.0,2.1,6.0,0.351,1.8,3.7,0.476,3.1,6.2,9.3,2.3,0.5,1.5,2.8,4.5,6.0
373,Sam Perkins,PF,38.0,IND,81.0,0.0,1620.0,4.1,9.8,0.417,2.0,4.8,0.408,2.1,5.0,0.426,1.8,2.2,0.825,1.4,5.0,6.4,1.5,0.7,0.7,1.4,3.0,11.9
374,Elliot Perry,PG,30.0,NJN,60.0,5.0,803.0,5.7,13.2,0.435,0.5,1.7,0.282,5.2,11.4,0.459,2.2,2.8,0.806,0.6,2.2,2.7,6.2,1.7,0.0,2.7,2.1,14.2
375,Chuck Person,SF,35.0,SEA,37.0,0.0,340.0,3.9,13.0,0.301,2.5,10.1,0.253,1.4,3.0,0.464,0.4,0.8,0.5,0.6,5.0,5.6,2.3,0.5,0.2,1.3,5.9,10.8
376,Wesley Person,SG,28.0,CLE,79.0,38.0,2056.0,4.9,11.5,0.428,1.9,4.4,0.424,3.0,7.1,0.431,1.1,1.3,0.792,0.8,3.9,4.7,2.6,0.7,0.3,1.1,2.1,12.7
377,Bobby Phills,SG,30.0,CHH,28.0,9.0,825.0,6.6,14.6,0.454,1.3,4.0,0.33,5.3,10.6,0.5,2.1,2.8,0.723,0.7,2.4,3.1,3.4,1.8,0.3,2.1,3.1,16.6
378,Eric Piatkowski,SF,29.0,LAC,75.0,23.0,1712.0,5.0,12.0,0.415,2.0,5.1,0.383,3.0,6.9,0.439,1.8,2.1,0.85,1.6,3.1,4.7,1.7,0.9,0.3,1.2,2.9,13.8
379,Paul Pierce,SF,22.0,BOS,73.0,72.0,2583.0,6.8,15.3,0.442,1.3,3.9,0.343,5.4,11.4,0.476,5.0,6.3,0.798,1.2,4.4,5.5,3.1,2.1,0.9,2.5,3.3,19.9
381,Scottie Pippen*,SF,34.0,POR,82.0,82.0,2749.0,5.1,11.3,0.451,1.1,3.4,0.327,4.0,7.8,0.506,2.1,2.9,0.717,1.5,5.2,6.7,5.3,1.5,0.5,2.7,2.7,13.4
382,Scot Pollard,C,24.0,SAC,76.0,5.0,1336.0,4.0,7.6,0.527,0.0,0.0,0.0,4.0,7.6,0.527,3.1,4.3,0.717,4.5,6.4,10.9,1.2,1.5,1.6,1.3,5.7,11.1
383,Olden Polynice,C,35.0,UTA,82.0,79.0,1819.0,4.0,7.9,0.51,0.0,0.0,0.5,4.0,7.8,0.51,0.6,1.8,0.311,3.3,5.7,9.0,0.7,0.6,1.7,1.4,5.1,8.6
384,Terry Porter,PG,36.0,SAS,68.0,8.0,1613.0,4.6,10.3,0.447,2.0,4.6,0.435,2.6,5.7,0.457,3.1,3.8,0.806,0.5,3.7,4.3,4.9,1.1,0.2,2.2,1.8,14.3
385,James Posey,SF,23.0,DEN,81.0,77.0,2052.0,4.0,9.4,0.429,1.4,3.9,0.373,2.6,5.5,0.468,2.1,2.6,0.8,1.5,4.1,5.6,2.6,1.7,0.6,1.7,3.6,11.6
386,Vitaly Potapenko,C,24.0,BOS,79.0,72.0,1797.0,6.2,12.3,0.499,0.0,0.0,0.0,6.2,12.3,0.5,2.2,3.2,0.681,3.6,6.4,10.0,1.5,0.8,0.6,2.9,4.8,14.5
387,Brent Price,PG,31.0,VAN,41.0,0.0,424.0,3.5,10.1,0.345,2.1,5.8,0.368,1.4,4.3,0.314,2.9,3.3,0.872,0.7,2.5,3.1,5.9,1.4,0.1,4.0,5.3,12.0
388,Laron Profit,SG,22.0,WAS,33.0,1.0,225.0,3.4,9.4,0.356,0.5,2.7,0.176,2.9,6.7,0.429,0.6,1.6,0.4,0.3,3.8,4.2,4.0,1.1,0.6,3.0,4.2,7.8
389,Aleksandar Radojevic,C,23.0,TOR,3.0,0.0,24.0,3.0,10.5,0.286,0.0,0.0,0.0,3.0,10.5,0.286,4.5,9.0,0.5,3.0,9.0,12.0,1.5,3.0,1.5,7.5,7.5,10.5
390,Theo Ratliff,PF,26.0,PHI,57.0,56.0,1795.0,5.0,9.8,0.503,0.0,0.0,0.0,5.0,9.8,0.503,3.7,4.7,0.771,2.8,5.9,8.7,0.7,0.6,3.4,2.2,3.7,13.6
391,Eldridge Recasner,PG,32.0,CHH,7.0,0.0,28.0,3.9,9.0,0.429,1.3,5.1,0.25,2.6,3.9,0.667,0.0,0.0,0.0,0.0,5.1,5.1,6.4,0.0,0.0,0.0,1.3,9.0
392,Bryant Reeves,C,26.0,VAN,69.0,67.0,1773.0,5.1,11.4,0.448,0.0,0.1,0.0,5.1,11.3,0.452,2.2,3.4,0.648,2.6,5.4,7.9,1.7,0.7,0.8,2.4,5.0,12.4
393,Khalid Reeves,PG,27.0,CHI,3.0,0.0,48.0,2.3,9.0,0.25,0.0,2.3,0.0,2.3,6.8,0.333,3.7,3.7,1.0,1.5,1.5,3.0,9.7,1.5,0.0,4.5,6.0,8.2
394,Don Reid,PF,26.0,TOT,38.0,3.0,498.0,4.3,8.1,0.536,0.0,0.0,0.0,4.3,8.1,0.536,1.7,2.5,0.706,2.2,5.1,7.4,0.8,1.7,2.2,1.7,8.5,10.4
395,Don Reid,PF,26.0,DET,21.0,3.0,165.0,3.5,7.4,0.471,0.0,0.0,0.0,3.5,7.4,0.471,0.7,1.3,0.5,1.1,4.4,5.5,0.2,1.1,2.6,2.4,9.8,7.6
396,Don Reid,PF,26.0,WAS,17.0,0.0,333.0,4.8,8.4,0.564,0.0,0.0,0.0,4.8,8.4,0.564,2.3,3.0,0.75,2.8,5.5,8.3,1.1,2.1,2.1,1.3,7.9,11.8
397,J.R. Reid,PF,31.0,MIL,34.0,7.0,602.0,3.2,7.6,0.417,0.1,0.4,0.143,3.1,7.2,0.433,2.6,3.3,0.768,1.7,5.3,7.0,1.1,1.1,0.3,1.2,4.8,9.0
398,Rodrick Rhodes,SF,26.0,DAL,1.0,0.0,8.0,0.0,13.5,0.0,0.0,0.0,0.0,0.0,13.5,0.0,0.0,0.0,0.0,4.5,0.0,4.5,0.0,9.0,0.0,9.0,0.0,0.0
399,Glen Rice,SF,32.0,LAL,80.0,80.0,2530.0,6.0,13.9,0.43,1.2,3.3,0.367,4.8,10.7,0.449,4.9,5.6,0.874,0.8,3.9,4.7,2.5,0.7,0.2,1.6,2.5,18.1
400,Mitch Richmond*,SG,34.0,WAS,74.0,69.0,2397.0,6.7,15.8,0.426,1.4,3.6,0.386,5.3,12.1,0.438,4.5,5.1,0.876,0.6,2.6,3.2,2.8,1.7,0.2,2.3,2.9,19.3
401,Isaiah Rider,SG,28.0,ATL,60.0,47.0,2084.0,7.8,18.5,0.419,1.0,3.1,0.311,6.8,15.4,0.441,3.5,4.5,0.785,1.1,3.4,4.5,3.8,0.7,0.1,2.9,2.3,20.0
402,Stanley Roberts,C,29.0,PHI,5.0,1.0,51.0,3.5,11.3,0.313,0.0,0.7,0.0,3.5,10.6,0.333,0.0,2.1,0.0,4.2,6.4,10.6,2.1,0.7,0.7,1.4,10.6,7.1
404,Ryan Robertson,SG,23.0,SAC,1.0,0.0,25.0,2.9,8.6,0.333,0.0,2.9,0.0,2.9,5.8,0.5,1.4,1.4,1.0,0.0,0.0,0.0,0.0,0.0,0.0,0.0,0.0,7.2
405,Clifford Robinson,SF,33.0,PHO,80.0,67.0,2839.0,6.7,14.5,0.464,1.5,4.1,0.37,5.2,10.4,0.501,3.8,4.8,0.782,1.3,3.2,4.6,2.8,1.1,0.8,2.1,3.0,18.7
406,David Robinson*,C,34.0,SAS,80.0,80.0,2557.0,7.4,14.5,0.512,0.0,0.0,0.0,7.4,14.5,0.513,5.2,7.2,0.726,2.7,8.1,10.8,2.0,1.4,2.6,2.3,3.5,20.1
407,Eddie Robinson,SF,23.0,CHH,67.0,8.0,1112.0,6.9,12.5,0.549,0.0,0.1,0.0,6.9,12.4,0.555,1.5,2.1,0.734,1.7,4.2,6.0,1.0,1.6,0.8,1.3,2.2,15.2
408,Glenn Robinson,SF,27.0,MIL,81.0,81.0,2909.0,8.5,18.1,0.472,1.1,2.9,0.363,7.5,15.1,0.493,2.8,3.5,0.802,1.3,4.7,6.0,2.4,1.0,0.5,2.8,2.6,21.0
409,Dennis Rodman*,PF,38.0,DAL,12.0,12.0,389.0,1.1,2.9,0.387,0.0,0.1,0.0,1.1,2.8,0.4,0.9,1.3,0.714,4.4,11.4,15.8,1.3,0.2,0.1,1.8,3.8,3.1
410,Carlos Rogers,C,28.0,HOU,53.0,15.0,1101.0,5.6,10.6,0.525,0.0,0.5,0.071,5.5,10.1,0.545,2.6,4.5,0.591,3.2,5.8,9.0,1.4,0.5,1.1,2.1,2.5,13.8
411,Rodney Rogers,PF,28.0,PHO,82.0,7.0,2286.0,6.7,13.9,0.486,1.8,4.1,0.439,4.9,9.7,0.506,2.5,3.9,0.639,2.2,4.9,7.0,2.7,1.5,0.7,2.6,4.6,17.8
412,Roy Rogers,PF,26.0,DEN,40.0,0.0,355.0,3.5,8.9,0.398,0.0,0.1,0.0,3.5,8.8,0.402,1.9,4.2,0.463,3.3,4.8,8.1,0.9,0.2,3.9,1.0,3.7,9.0
413,Sean Rooks,C,30.0,DAL,71.0,13.0,1001.0,4.4,10.2,0.431,0.0,0.0,0.0,4.4,10.2,0.431,2.3,3.2,0.73,2.9,6.0,8.9,2.4,1.0,1.9,2.5,6.1,11.1
414,Jalen Rose,SF,27.0,IND,80.0,80.0,2978.0,6.8,14.5,0.471,0.9,2.4,0.393,5.9,12.1,0.486,3.1,3.7,0.827,0.5,4.2,4.7,3.9,1.0,0.6,2.3,2.8,17.6
415,Malik Rose,PF,25.0,SAS,74.0,3.0,1341.0,4.7,10.3,0.457,0.0,0.1,0.333,4.7,10.3,0.458,3.8,5.3,0.722,3.6,5.4,9.0,1.3,0.9,1.4,2.7,6.2,13.3
416,Michael Ruffin,PF,23.0,CHI,71.0,6.0,975.0,2.1,5.1,0.42,0.0,0.0,0.0,2.1,5.1,0.42,1.6,3.2,0.489,4.3,4.9,9.2,1.6,1.0,1.0,2.2,6.3,5.9
417,Bryon Russell,SF,29.0,UTA,82.0,70.0,2900.0,5.1,11.3,0.446,1.3,3.3,0.396,3.7,8.0,0.467,2.9,3.9,0.75,1.2,4.1,5.3,2.0,1.6,0.3,1.3,3.2,14.4
418,Arvydas Sabonis*,C,35.0,POR,66.0,61.0,1688.0,6.4,12.8,0.505,0.1,0.4,0.368,6.3,12.3,0.509,3.6,4.2,0.843,2.1,8.9,10.9,2.5,0.9,1.7,2.1,3.9,16.6
419,John Salley,C,35.0,LAL,45.0,3.0,303.0,3.0,8.2,0.362,0.0,0.0,0.0,3.0,8.2,0.362,2.5,3.3,0.75,2.4,5.3,7.7,3.1,1.0,1.7,2.1,8.0,8.4
420,Detlef Schrempf,SF,37.0,POR,77.0,6.0,1662.0,4.1,9.4,0.432,0.5,1.1,0.404,3.6,8.3,0.436,3.9,4.7,0.833,1.7,5.5,7.2,4.3,0.8,0.4,2.2,3.9,12.4
421,Dennis Scott,SF,31.0,VAN,66.0,0.0,1263.0,3.6,9.5,0.375,2.0,5.4,0.376,1.5,4.1,0.375,1.4,1.6,0.842,0.5,2.6,3.0,2.0,0.8,0.3,0.9,3.0,10.5
422,Malik Sealy,SF,29.0,MIN,82.0,61.0,2392.0,5.6,11.7,0.476,0.2,0.5,0.286,5.4,11.2,0.485,2.7,3.3,0.812,1.8,3.5,5.3,3.0,1.1,0.3,1.7,3.0,14.0
423,Brian Shaw,SG,33.0,LAL,74.0,2.0,1249.0,3.5,9.3,0.382,0.5,1.7,0.31,3.0,7.6,0.398,1.2,1.6,0.759,1.3,4.9,6.2,5.8,1.0,0.4,2.2,3.0,8.8
425,Dickey Simpkins,PF,27.0,CHI,69.0,48.0,1651.0,2.4,6.0,0.405,0.0,0.0,0.0,2.4,6.0,0.407,1.4,2.6,0.542,2.7,5.4,8.1,2.2,0.5,0.5,2.8,4.7,6.3
426,Brian Skinner,PF,23.0,LAC,33.0,9.0,775.0,3.2,6.2,0.507,0.0,0.0,0.0,3.2,6.2,0.507,2.0,3.0,0.662,2.9,6.4,9.3,0.5,0.7,2.0,1.7,3.5,8.3
427,Joe Smith,C,24.0,MIN,78.0,9.0,1975.0,5.3,11.4,0.464,0.0,0.0,1.0,5.2,11.3,0.463,3.6,4.7,0.756,3.4,5.4,8.8,1.6,0.8,1.5,2.2,5.5,14.1
428,Michael Smith,SF,27.0,WAS,46.0,46.0,1145.0,3.4,6.0,0.563,0.0,0.0,0.0,3.4,6.0,0.565,2.3,3.2,0.723,3.8,6.6,10.4,1.8,0.8,0.7,1.4,4.0,9.1
429,Steve Smith,SG,30.0,POR,82.0,81.0,2689.0,5.6,12.0,0.467,1.3,3.2,0.398,4.3,8.8,0.492,3.9,4.6,0.85,1.6,2.5,4.2,2.8,1.0,0.4,1.6,2.9,16.4
430,Rik Smits,C,33.0,IND,79.0,79.0,1852.0,8.4,17.3,0.484,0.0,0.0,0.0,8.4,17.3,0.485,3.0,4.1,0.739,1.8,6.0,7.8,1.7,0.4,1.9,2.1,4.8,19.8
431,Eric Snow,PG,26.0,PHI,82.0,80.0,2866.0,3.2,7.5,0.43,0.1,0.6,0.244,3.1,6.9,0.446,1.6,2.2,0.712,0.5,2.8,3.3,7.8,1.8,0.1,2.0,3.1,8.2
432,Felton Spencer,C,32.0,SAS,26.0,0.0,149.0,3.6,8.0,0.455,0.0,0.0,0.0,3.6,8.0,0.455,4.8,7.2,0.667,3.6,5.8,9.4,0.7,1.4,1.9,2.2,7.7,12.1
433,Latrell Sprewell,SF,29.0,NYK,82.0,82.0,3276.0,6.2,14.3,0.435,0.5,1.4,0.346,5.8,12.9,0.445,3.8,4.4,0.866,0.5,3.3,3.8,3.6,1.2,0.2,2.5,2.0,16.7
434,Ryan Stack,PF,24.0,CLE,25.0,0.0,198.0,3.1,9.3,0.333,0.0,0.2,0.0,3.1,9.1,0.34,3.3,4.9,0.667,2.7,5.5,8.2,0.9,0.7,2.0,3.1,8.5,9.5
435,Jerry Stackhouse,SG,25.0,DET,82.0,82.0,3148.0,7.1,16.5,0.428,0.9,3.3,0.288,6.1,13.3,0.462,7.1,8.7,0.815,1.3,2.3,3.6,4.2,1.2,0.4,3.6,2.1,22.2
436,John Starks,SG,34.0,TOT,37.0,30.0,1190.0,6.1,16.4,0.375,1.8,5.2,0.345,4.4,11.2,0.388,1.5,1.8,0.847,0.3,2.8,3.1,5.5,1.3,0.1,2.0,3.1,15.6
437,John Starks,SG,34.0,GSW,33.0,30.0,1108.0,6.2,16.5,0.378,1.8,5.2,0.348,4.4,11.3,0.392,1.5,1.8,0.833,0.3,2.6,3.0,5.5,1.2,0.1,2.1,3.0,15.8
438,John Starks,SG,34.0,CHI,4.0,0.0,82.0,4.8,14.9,0.324,1.3,4.4,0.3,3.5,10.5,0.333,2.2,2.2,1.0,0.0,4.4,4.4,4.8,2.2,0.4,1.3,4.0,13.2
439,Vladimir Stepania,C,23.0,SEA,30.0,1.0,202.0,5.2,14.1,0.367,0.0,1.1,0.0,5.2,13.0,0.397,3.0,6.4,0.472,3.7,4.6,8.4,0.5,1.8,2.0,3.9,7.8,13.4
440,Joe Stephens,SF,27.0,VAN,13.0,0.0,181.0,3.8,10.1,0.373,0.0,1.6,0.0,3.8,8.6,0.442,0.6,0.8,0.75,2.6,4.6,7.2,2.2,1.4,0.6,1.2,1.8,8.2
441,Michael Stewart,C,24.0,TOR,42.0,1.0,389.0,1.9,4.9,0.377,0.0,0.0,0.0,1.9,4.9,0.377,1.7,3.0,0.563,3.1,5.6,8.7,0.6,0.5,1.8,1.6,7.5,5.4
442,Bryant Stith,SG,29.0,DEN,45.0,6.0,691.0,4.5,9.8,0.455,0.9,2.9,0.304,3.6,6.9,0.519,3.3,4.0,0.831,1.2,3.2,4.4,3.2,0.9,0.6,1.7,2.9,13.2
443,John Stockton*,PG,37.0,UTA,82.0,82.0,2432.0,5.4,10.7,0.501,0.6,1.8,0.355,4.7,8.9,0.53,3.3,3.8,0.86,0.7,2.5,3.2,10.4,2.1,0.2,2.6,2.8,14.7
444,Peja StojakoviA,SF,22.0,SAC,74.0,11.0,1749.0,6.6,14.8,0.448,2.1,5.5,0.375,4.5,9.3,0.491,2.8,3.1,0.882,1.5,4.2,5.7,2.2,1.1,0.1,1.8,2.0,18.1
445,Damon Stoudamire,PG,26.0,POR,78.0,78.0,2372.0,5.9,13.6,0.432,1.2,3.2,0.377,4.6,10.4,0.449,1.9,2.2,0.841,0.9,2.8,3.7,6.1,1.2,0.0,2.3,2.6,14.8
446,Erick Strickland,SG,26.0,DAL,68.0,67.0,2025.0,5.6,13.0,0.433,1.3,3.3,0.392,4.3,9.7,0.447,2.9,3.5,0.831,1.2,4.5,5.7,3.8,1.9,0.2,1.8,3.4,15.4
448,Mark Strickland,SF,29.0,MIA,58.0,5.0,663.0,6.6,12.2,0.545,0.0,0.0,0.0,6.6,12.2,0.545,2.2,3.0,0.714,2.4,5.2,7.6,1.2,0.8,1.0,1.3,3.7,15.4
449,Rod Strickland,PG,33.0,WAS,69.0,67.0,2188.0,5.4,12.5,0.429,0.0,0.3,0.048,5.4,12.2,0.44,3.5,5.0,0.702,1.2,3.1,4.3,8.5,1.5,0.3,3.1,2.4,14.3
450,Derek Strong,PF,31.0,ORL,20.0,0.0,148.0,5.1,11.7,0.438,0.2,1.0,0.25,4.9,10.7,0.455,2.7,3.4,0.786,2.7,8.0,10.7,1.0,1.2,0.5,2.9,3.6,13.1
451,Bruno Sundov,C,19.0,DAL,14.0,0.0,61.0,7.1,18.3,0.387,0.0,0.0,0.0,7.1,18.3,0.387,1.2,1.2,1.0,3.0,4.1,7.1,1.2,1.2,1.2,2.4,9.4,15.3
452,Bob Sura,SG,26.0,CLE,73.0,45.0,2216.0,5.8,13.2,0.437,2.0,5.4,0.367,3.8,7.8,0.484,2.8,4.1,0.697,0.8,3.9,4.7,4.6,1.5,0.3,2.4,3.3,16.4
453,Wally Szczerbiak,SF,22.0,MIN,73.0,53.0,2171.0,5.7,11.1,0.511,0.5,1.3,0.359,5.2,9.8,0.531,2.2,2.7,0.826,1.5,3.0,4.5,3.3,1.0,0.4,1.4,2.9,14.0
454,Zan Tabak,C,29.0,IND,18.0,0.0,114.0,5.1,10.7,0.471,0.0,0.0,0.0,5.1,10.7,0.471,1.6,2.5,0.625,5.1,5.1,10.1,1.3,0.9,2.8,3.5,4.1,11.7
455,Johnny Taylor,SF,25.0,TOT,6.0,0.0,34.0,5.3,14.8,0.357,1.1,1.1,1.0,4.2,13.8,0.308,0.0,0.0,0.0,2.1,4.2,6.4,1.1,1.1,1.1,2.1,5.3,11.6
456,Johnny Taylor,SF,25.0,DEN,1.0,0.0,5.0,0.0,14.4,0.0,0.0,0.0,0.0,0.0,14.4,0.0,0.0,0.0,0.0,0.0,7.2,7.2,0.0,0.0,0.0,0.0,7.2,0.0
457,Johnny Taylor,SF,25.0,ORL,5.0,0.0,29.0,6.2,14.9,0.417,1.2,1.2,1.0,5.0,13.7,0.364,0.0,0.0,0.0,2.5,3.7,6.2,1.2,1.2,1.2,2.5,5.0,13.7
458,Maurice Taylor,PF,23.0,LAC,62.0,60.0,2227.0,7.4,16.0,0.464,0.0,0.1,0.125,7.4,15.8,0.466,2.3,3.2,0.711,1.6,4.9,6.5,1.6,0.8,0.8,2.7,3.5,17.1
459,Jason Terry,PG,22.0,ATL,81.0,27.0,1888.0,4.7,11.4,0.415,0.9,3.0,0.293,3.9,8.4,0.458,2.2,2.7,0.807,0.5,2.7,3.2,6.6,1.7,0.2,3.0,2.5,12.5
460,Jamel Thomas,SF,26.0,TOT,7.0,0.0,46.0,6.3,14.1,0.444,0.0,2.3,0.0,6.3,11.7,0.533,0.8,0.8,1.0,0.8,3.1,3.9,4.7,0.8,0.0,3.9,1.6,13.3
461,Jamel Thomas,SF,26.0,BOS,3.0,0.0,19.0,9.5,18.9,0.5,0.0,1.9,0.0,9.5,17.1,0.556,1.9,1.9,1.0,0.0,3.8,3.8,3.8,0.0,0.0,1.9,0.0,20.8
462,Jamel Thomas,SF,26.0,GSW,4.0,0.0,27.0,4.0,10.7,0.375,0.0,2.7,0.0,4.0,8.0,0.5,0.0,0.0,0.0,1.3,2.7,4.0,5.3,1.3,0.0,5.3,2.7,8.0
463,John Thomas,C,24.0,TOR,55.0,6.0,477.0,3.7,8.1,0.458,0.0,0.1,0.0,3.7,8.0,0.462,1.2,3.1,0.39,2.8,2.9,5.7,0.7,0.9,1.1,1.1,8.0,8.6
464,Kenny Thomas,PF,22.0,HOU,72.0,29.0,1797.0,4.2,10.6,0.399,0.6,2.4,0.262,3.6,8.2,0.44,2.8,4.2,0.66,2.9,5.8,8.8,2.3,1.1,0.4,2.2,3.3,11.9
465,Kurt Thomas,PF,27.0,NYK,80.0,21.0,1971.0,4.9,9.8,0.505,0.0,0.1,0.333,4.9,9.7,0.506,1.8,2.3,0.781,2.6,6.6,9.2,1.5,0.9,0.8,1.9,5.1,11.7
466,Tim Thomas,SF,22.0,MIL,80.0,1.0,2093.0,6.0,13.0,0.461,1.1,3.1,0.346,4.9,9.8,0.497,3.2,4.2,0.774,1.7,4.0,5.7,1.9,1.0,0.5,2.2,3.9,16.3
467,Otis Thorpe,PF,37.0,MIA,51.0,1.0,777.0,5.8,11.3,0.514,0.0,0.1,0.0,5.8,11.1,0.521,1.3,2.2,0.604,2.6,5.1,7.7,1.5,1.2,0.4,2.7,6.3,12.9
468,Robert Traylor,PF,22.0,MIL,44.0,16.0,447.0,4.7,9.8,0.475,0.0,0.3,0.0,4.7,9.5,0.492,3.3,5.5,0.603,4.0,5.2,9.3,1.6,2.0,2.0,2.2,6.4,12.6
469,Gary Trent,SF,25.0,DAL,11.0,11.0,301.0,8.4,17.0,0.493,0.0,0.2,0.0,8.4,16.7,0.5,1.3,2.5,0.524,2.4,3.8,6.2,2.6,1.0,0.4,3.0,3.3,18.1
470,Mirsad Turkcan,PF,23.0,TOT,17.0,0.0,90.0,5.6,15.2,0.368,0.0,2.4,0.0,5.6,12.8,0.438,2.0,3.2,0.625,5.2,8.0,13.2,2.0,1.2,0.4,3.2,5.6,13.2
471,Mirsad Turkcan,PF,23.0,NYK,7.0,0.0,25.0,2.9,14.4,0.2,0.0,2.9,0.0,2.9,11.5,0.25,0.0,0.0,0.0,2.9,11.5,14.4,1.4,2.9,0.0,1.4,5.8,5.8
472,Mirsad Turkcan,PF,23.0,MIL,10.0,0.0,65.0,6.6,15.5,0.429,0.0,2.2,0.0,6.6,13.3,0.5,2.8,4.4,0.625,6.1,6.6,12.7,2.2,0.6,0.6,3.9,5.5,16.1
473,Wayne Turner,PG,23.0,BOS,3.0,0.0,41.0,0.9,5.3,0.167,0.0,0.0,0.0,0.9,5.3,0.167,1.8,5.3,0.333,0.9,1.8,2.6,4.4,0.0,0.0,2.6,3.5,3.5
475,Nick Van Exel,PG,28.0,DEN,79.0,79.0,2950.0,5.8,14.8,0.39,1.6,4.9,0.332,4.1,9.9,0.419,2.4,2.9,0.817,0.4,3.4,3.8,8.7,0.8,0.1,2.7,1.8,15.6
476,Keith Van Horn,PF,24.0,NJN,80.0,80.0,2782.0,7.2,16.3,0.445,1.1,3.0,0.368,6.1,13.3,0.462,4.3,5.1,0.847,2.6,6.2,8.7,2.0,0.8,0.8,3.2,3.3,19.9
477,Jacque Vaughn,PG,24.0,UTA,78.0,0.0,884.0,4.4,10.7,0.416,0.6,1.4,0.412,3.9,9.3,0.417,2.3,3.1,0.75,0.4,2.2,2.6,4.9,1.3,0.0,3.1,3.7,11.8
478,Loy Vaught,PF,31.0,DET,43.0,0.0,292.0,3.9,11.0,0.36,0.0,0.4,0.0,3.9,10.6,0.372,1.4,2.0,0.688,3.2,8.0,11.2,1.4,0.7,0.5,1.4,5.5,9.2
479,Fred Vinson,SG,29.0,SEA,8.0,0.0,40.0,4.5,15.3,0.294,1.8,6.3,0.286,2.7,9.0,0.3,0.9,1.8,0.5,0.0,0.9,0.9,0.0,2.7,0.0,3.6,1.8,11.7
480,Antoine Walker,PF,23.0,BOS,82.0,82.0,3003.0,7.8,18.1,0.43,0.9,3.4,0.256,6.9,14.6,0.471,3.7,5.3,0.699,2.4,5.4,7.8,3.7,1.4,0.4,3.1,3.2,20.1
481,Samaki Walker,PF,23.0,SAS,71.0,7.0,980.0,5.0,11.2,0.449,0.0,0.0,0.0,5.0,11.2,0.449,3.2,4.6,0.683,2.8,7.2,10.0,1.4,0.4,1.3,2.4,4.0,13.2
482,Ben Wallace,PF,25.0,ORL,81.0,81.0,1959.0,3.1,6.1,0.503,0.0,0.0,0.0,3.1,6.1,0.503,1.0,2.1,0.474,3.9,8.3,12.2,1.2,1.3,2.4,1.2,3.0,7.2
483,John Wallace,SF,25.0,NYK,60.0,0.0,798.0,7.0,15.0,0.467,0.0,0.1,0.0,7.0,14.8,0.471,3.7,4.6,0.804,1.9,4.2,6.1,1.0,0.5,0.6,2.8,4.6,17.7
484,Rasheed Wallace,PF,25.0,POR,81.0,77.0,2845.0,6.9,13.2,0.519,0.1,0.6,0.16,6.8,12.6,0.537,2.9,4.2,0.704,1.6,5.5,7.2,1.8,1.1,1.4,2.0,2.7,16.8
485,Rex Walters,PG,29.0,MIA,33.0,0.0,389.0,3.5,8.4,0.418,0.5,1.9,0.25,3.1,6.6,0.465,1.1,1.5,0.75,0.7,2.6,3.3,6.0,0.6,0.0,2.7,4.1,8.6
486,Charlie Ward,PG,29.0,NYK,72.0,69.0,1986.0,3.4,8.1,0.423,1.8,4.8,0.386,1.6,3.3,0.475,0.9,1.1,0.828,0.4,3.7,4.1,5.4,1.7,0.3,1.8,3.2,9.6
487,Clarence Weatherspoon,PF,29.0,MIA,78.0,2.0,1615.0,4.8,9.3,0.513,0.0,0.0,0.0,4.8,9.3,0.513,3.0,4.1,0.738,2.9,7.2,10.0,2.1,1.1,1.1,2.2,3.7,12.6
488,Chris Webber,PF,26.0,SAC,75.0,75.0,2880.0,9.3,19.4,0.483,0.3,1.2,0.284,9.0,18.2,0.496,3.9,5.2,0.751,2.4,7.5,9.8,4.3,1.5,1.6,2.7,3.3,22.9
489,Bonzi Wells,SF,23.0,POR,66.0,0.0,1162.0,7.3,14.9,0.492,0.6,1.6,0.377,6.7,13.2,0.506,2.7,4.0,0.682,2.4,3.2,5.6,3.0,2.1,0.4,3.0,4.7,18.0
490,Bill Wennington,C,36.0,SAC,7.0,0.0,57.0,3.8,12.0,0.316,0.0,0.0,0.0,3.8,12.0,0.316,1.3,1.3,1.0,3.2,8.8,12.0,0.6,1.3,1.3,0.6,8.2,8.8
491,David Wesley,PG,29.0,CHH,82.0,82.0,2760.0,5.3,12.5,0.426,1.1,3.2,0.355,4.2,9.2,0.451,2.8,3.6,0.778,0.5,2.4,2.9,6.0,1.4,0.1,2.1,2.4,14.6
492,Doug West,SG,32.0,VAN,38.0,0.0,581.0,3.7,9.0,0.407,0.0,0.2,0.0,3.7,8.8,0.415,2.1,2.5,0.85,1.1,3.3,4.4,2.7,0.7,0.5,1.2,5.0,9.4
493,Mark West,C,39.0,PHO,22.0,2.0,127.0,1.4,3.4,0.417,0.0,0.0,0.0,1.4,3.4,0.417,1.4,2.3,0.625,1.7,7.1,8.8,0.6,0.6,1.1,1.7,6.5,4.3
494,Jahidi White,C,23.0,WAS,80.0,59.0,1537.0,5.3,10.5,0.507,0.0,0.0,0.0,5.3,10.5,0.507,2.6,4.9,0.536,4.7,8.2,13.0,0.4,0.7,1.9,2.2,5.5,13.3
496,Chris Whitney,PG,28.0,WAS,82.0,15.0,1627.0,4.8,11.5,0.417,2.1,5.6,0.376,2.7,5.9,0.455,2.5,2.9,0.848,0.4,2.5,3.0,6.9,1.2,0.1,2.4,3.7,14.2
497,Aaron Williams,PF,28.0,WAS,81.0,0.0,1545.0,5.5,10.5,0.522,0.0,0.1,0.0,5.5,10.4,0.526,3.4,4.7,0.726,3.7,5.8,9.5,1.4,1.0,2.1,1.9,5.5,14.4
498,Alvin Williams,PG,25.0,TOR,55.0,28.0,779.0,5.3,13.3,0.397,0.7,2.5,0.291,4.5,10.7,0.422,2.2,3.0,0.738,1.2,2.7,3.9,5.8,1.6,0.5,2.2,3.6,13.5
499,Eric Williams,SF,27.0,BOS,68.0,17.0,1378.0,4.3,10.1,0.427,0.7,1.9,0.347,3.7,8.2,0.446,3.5,4.4,0.793,1.4,2.6,4.1,2.4,1.1,0.4,1.7,4.3,12.8
500,Jason Williams,PG,24.0,SAC,81.0,81.0,2760.0,4.7,12.7,0.373,1.9,6.6,0.287,2.8,6.1,0.466,1.7,2.2,0.753,0.3,2.7,3.0,7.7,1.5,0.1,3.9,1.8,13.0
501,Jerome Williams,PF,26.0,DET,82.0,1.0,2102.0,4.4,7.8,0.564,0.0,0.1,0.0,4.4,7.8,0.567,3.0,4.9,0.616,4.7,8.8,13.5,1.2,1.6,0.4,1.8,3.4,11.8
502,Lorenzo Williams,PF,30.0,WAS,8.0,0.0,76.0,3.3,4.3,0.778,0.0,0.0,0.0,3.3,4.3,0.778,0.0,0.0,0.0,5.7,6.2,11.8,0.5,1.4,2.8,1.4,6.2,6.6
503,Monty Williams,SF,28.0,ORL,75.0,23.0,1501.0,6.3,12.9,0.489,0.0,0.1,0.4,6.3,12.8,0.49,3.0,4.0,0.741,2.3,3.7,6.0,2.5,1.1,0.4,2.6,4.5,15.6
504,Scott Williams,C,31.0,MIL,68.0,46.0,1488.0,5.2,10.3,0.5,0.0,0.0,0.0,5.2,10.3,0.5,2.3,3.1,0.729,4.3,6.6,10.8,0.7,1.0,1.6,1.6,5.6,12.6
505,Shammond Williams,PG,24.0,SEA,43.0,5.0,517.0,5.8,15.7,0.373,1.7,5.6,0.296,4.2,10.0,0.417,2.3,3.6,0.647,0.8,2.8,3.6,5.4,1.3,0.0,2.8,2.7,15.7
506,Walt Williams,SF,29.0,HOU,76.0,66.0,1859.0,6.0,13.2,0.458,2.0,5.1,0.391,4.1,8.1,0.5,2.0,2.4,0.821,1.3,4.6,5.9,3.0,0.9,0.9,2.2,3.7,16.0
507,Corliss Williamson,SF,26.0,SAC,76.0,76.0,1707.0,6.6,13.1,0.5,0.0,0.0,0.0,6.6,13.1,0.5,3.4,4.5,0.769,2.6,3.5,6.1,1.7,0.8,0.4,2.3,4.0,16.6
508,Kevin Willis,PF,37.0,TOR,79.0,1.0,1679.0,5.1,12.2,0.415,0.0,0.1,0.333,5.0,12.1,0.415,2.8,3.5,0.799,4.3,6.0,10.3,1.1,0.8,1.0,2.1,5.5,13.0
509,Dedric Willoughby,PG,25.0,CHI,25.0,1.0,508.0,4.3,12.7,0.341,2.1,6.9,0.296,2.3,5.7,0.395,2.8,3.6,0.765,0.8,2.8,3.6,4.7,1.6,0.1,2.6,2.3,13.5
510,David Wingate,SG,36.0,NYK,7.0,0.0,32.0,1.1,10.1,0.111,0.0,0.0,0.0,1.1,10.1,0.111,0.0,0.0,0.0,1.1,1.1,2.3,3.4,1.1,2.3,2.3,7.9,2.3
511,Haywoode Workman,PG,34.0,TOT,36.0,2.0,350.0,3.2,9.3,0.344,1.4,4.4,0.326,1.7,4.8,0.362,1.0,1.5,0.667,0.1,2.6,2.7,6.3,2.1,0.0,1.9,3.8,8.8
512,Haywoode Workman,PG,34.0,MIL,23.0,1.0,248.0,3.3,9.0,0.371,1.6,4.2,0.379,1.7,4.8,0.364,1.3,1.9,0.692,0.1,2.3,2.5,6.4,1.6,0.0,2.0,3.3,9.6
513,Haywoode Workman,PG,34.0,TOR,13.0,1.0,102.0,2.8,9.9,0.286,1.1,4.9,0.214,1.8,4.9,0.357,0.4,0.7,0.5,0.0,3.2,3.2,6.0,3.2,0.0,1.4,4.9,7.1
514,Metta World Peace,SF,20.0,CHI,72.0,63.0,2238.0,5.0,12.2,0.407,1.0,3.1,0.314,4.0,9.1,0.438,3.0,4.5,0.674,1.0,4.0,5.0,3.2,1.9,0.6,2.7,2.6,13.9
515,Lorenzen Wright,C,24.0,ATL,75.0,0.0,1205.0,5.4,10.8,0.499,0.0,0.1,0.333,5.3,10.7,0.5,2.6,4.0,0.644,3.5,5.6,9.1,0.6,0.9,1.2,2.0,6.1,13.4
516,Tim Young,C,23.0,GSW,25.0,0.0,137.0,3.4,10.2,0.333,0.0,0.0,0.0,3.4,10.2,0.333,7.4,9.5,0.778,3.4,5.8,9.2,1.3,0.5,0.3,2.4,4.7,14.2
