,Player,Pos,Age,Tm,G,GS,MP,FG,FGA,FG%,3P,3PA,3P%,2P,2PA,2P%,FT,FTA,FT%,ORB,DRB,TRB,AST,STL,BLK,TOV,PF,PTS,,ORtg,DRtg
0,Steven Adams,C,26.0,OKC,48.0,48.0,1294.0,8.0,13.7,0.585,0.0,0.1,0.0,8.0,13.6,0.588,3.3,5.5,0.592,6.0,10.7,16.7,4.7,1.3,2.0,2.8,3.6,19.3,0.0,122.0,106.0
1,Bam Adebayo,PF,22.0,MIA,54.0,54.0,1865.0,8.8,15.2,0.579,0.0,0.3,0.091,8.8,14.9,0.588,4.9,7.2,0.681,3.7,11.1,14.8,7.0,1.8,1.7,3.8,3.4,22.5,0.0,119.0,105.0
2,LaMarcus Aldridge,C,34.0,SAS,50.0,50.0,1661.0,10.8,21.5,0.501,1.7,4.2,0.407,9.1,17.3,0.523,4.4,5.3,0.83,2.8,8.1,11.0,3.5,0.9,2.4,2.1,3.5,27.6,0.0,116.0,112.0
3,Nickeil Alexander-Walker,SG,21.0,NOP,41.0,0.0,501.0,7.1,21.0,0.339,3.7,10.8,0.342,3.4,10.2,0.336,1.6,2.6,0.607,0.7,6.7,7.4,6.8,1.0,0.6,3.7,4.3,19.5,0.0,91.0,114.0
4,Grayson Allen,SG,24.0,MEM,30.0,0.0,498.0,7.4,16.4,0.449,3.1,8.5,0.363,4.3,7.9,0.541,2.8,3.3,0.857,0.5,5.7,6.2,4.0,0.6,0.1,2.1,3.4,20.7,0.0,110.0,115.0
5,Jarrett Allen,C,21.0,BRK,53.0,49.0,1410.0,7.7,12.0,0.641,0.0,0.2,0.0,7.7,11.8,0.651,4.3,6.8,0.631,5.5,11.7,17.2,2.5,1.1,2.6,2.0,4.2,19.6,0.0,131.0,104.0
6,Kadeem Allen,SG,27.0,NYK,10.0,0.0,117.0,7.9,18.3,0.432,2.1,6.7,0.313,5.8,11.6,0.5,2.9,4.6,0.636,0.8,2.9,3.7,8.7,2.1,0.8,3.3,2.9,20.8,0.0,106.0,114.0
7,Al-Farouq Aminu,PF,29.0,ORL,18.0,2.0,380.0,3.2,11.1,0.291,1.2,4.7,0.25,2.1,6.5,0.32,2.5,3.7,0.655,3.1,8.1,11.2,2.7,2.3,1.0,2.2,3.5,10.1,0.0,88.0,106.0
8,Justin Anderson,SF,26.0,BRK,3.0,0.0,17.0,2.8,16.7,0.167,0.0,8.3,0.0,2.8,8.3,0.333,2.8,5.6,0.5,0.0,5.6,5.6,0.0,0.0,2.8,0.0,5.6,8.3,0.0,50.0,110.0
9,Kyle Anderson,PF,26.0,MEM,48.0,9.0,868.0,5.7,11.4,0.498,0.4,2.2,0.195,5.3,9.2,0.57,1.9,2.9,0.648,2.4,8.3,10.7,5.5,1.9,1.3,2.2,3.9,13.7,0.0,111.0,109.0
10,Ryan Anderson,PF,31.0,HOU,2.0,0.0,14.0,6.6,23.2,0.286,3.3,16.6,0.2,3.3,6.6,0.5,0.0,0.0,0.0,0.0,23.2,23.2,6.6,3.3,0.0,3.3,3.3,16.6,0.0,78.0,98.0
11,Giannis Antetokounmpo,PF,25.0,MIL,48.0,48.0,1482.0,16.3,29.7,0.549,2.2,7.2,0.313,14.0,22.5,0.625,9.5,15.4,0.614,3.6,16.3,19.9,8.6,1.6,1.6,5.4,4.6,44.3,0.0,117.0,97.0
12,Kostas Antetokounmpo,PF,22.0,LAL,3.0,0.0,5.0,0.0,0.0,0.0,0.0,0.0,0.0,0.0,0.0,0.0,0.0,0.0,0.0,0.0,9.5,9.5,9.5,0.0,0.0,0.0,0.0,0.0,0.0,226.0,111.0
13,Thanasis Antetokounmpo,SF,27.0,MIL,15.0,1.0,61.0,9.7,17.2,0.565,0.0,2.2,0.0,9.7,15.0,0.65,3.0,6.7,0.444,4.5,0.7,5.2,4.5,1.5,0.7,3.7,6.7,22.4,0.0,107.0,107.0
14,Carmelo Anthony,PF,35.0,POR,40.0,40.0,1299.0,8.4,20.4,0.414,2.0,5.7,0.35,6.4,14.6,0.439,3.2,3.8,0.837,1.9,7.8,9.7,2.2,1.2,0.7,2.6,4.3,22.0,0.0,100.0,114.0
15,OG Anunoby,SF,22.0,TOR,54.0,53.0,1574.0,6.7,13.5,0.499,2.1,5.6,0.372,4.6,7.9,0.588,1.3,2.0,0.662,1.8,7.0,8.8,2.5,1.9,1.1,2.0,3.9,16.8,0.0,111.0,105.0
16,Ryan Arcidiacono,PG,25.0,CHI,51.0,0.0,765.0,4.7,11.3,0.411,2.9,7.1,0.407,1.8,4.2,0.418,1.3,1.8,0.714,1.0,4.5,5.5,5.0,1.3,0.2,1.9,5.1,13.5,0.0,111.0,112.0
17,Trevor Ariza,SF,34.0,TOT,43.0,11.0,1138.0,4.5,10.5,0.427,2.5,6.8,0.363,2.0,3.7,0.547,1.5,1.8,0.833,1.2,7.2,8.4,2.9,2.3,0.5,1.6,3.7,12.9,0.0,113.0,111.0
18,Trevor Ariza,SF,34.0,SAC,32.0,0.0,791.0,4.0,10.2,0.388,2.7,7.5,0.352,1.3,2.7,0.488,1.3,1.7,0.778,1.3,7.7,9.0,3.1,2.2,0.4,1.7,3.9,11.9,0.0,107.0,110.0
19,Trevor Ariza,SF,34.0,POR,11.0,11.0,347.0,5.6,11.1,0.506,2.1,5.2,0.395,3.6,5.9,0.605,1.9,2.1,0.933,1.0,5.9,6.9,2.6,2.6,0.5,1.2,3.3,15.2,0.0,125.0,112.0
20,D.J. Augustin,PG,32.0,ORL,39.0,6.0,1013.0,6.2,15.8,0.393,2.3,6.6,0.346,3.9,9.2,0.426,5.5,6.3,0.877,0.7,3.9,4.6,8.9,1.3,0.0,2.6,2.1,20.2,0.0,114.0,112.0
21,Deandre Ayton,C,21.0,PHO,23.0,18.0,760.0,12.0,22.3,0.539,0.0,0.1,0.0,12.0,22.1,0.542,2.8,3.5,0.804,5.7,11.5,17.2,3.1,1.1,2.3,2.7,4.5,26.8,0.0,112.0,108.0
23,Dwayne Bacon,SG,24.0,CHO,39.0,11.0,687.0,6.2,17.7,0.348,1.4,4.9,0.284,4.8,12.8,0.373,2.5,3.8,0.66,1.1,6.2,7.2,3.8,1.7,0.1,2.7,3.8,16.2,0.0,86.0,114.0
24,Marvin Bagley,PF,20.0,SAC,13.0,6.0,334.0,11.4,24.5,0.467,0.6,3.2,0.182,10.8,21.2,0.51,3.7,4.5,0.806,4.2,10.0,14.2,1.5,0.9,1.8,2.6,6.3,27.1,0.0,102.0,110.0
25,Lonzo Ball,PG,22.0,NOP,46.0,37.0,1468.0,6.4,16.2,0.397,3.3,9.3,0.359,3.1,6.9,0.447,0.9,1.6,0.558,1.7,7.1,8.8,9.9,1.9,0.7,4.3,2.8,17.1,0.0,103.0,112.0
26,Mo Bamba,C,21.0,ORL,50.0,0.0,747.0,7.3,15.6,0.468,1.9,5.7,0.337,5.4,9.9,0.543,1.4,2.1,0.688,4.9,11.4,16.4,2.2,1.3,4.7,2.6,6.1,17.9,0.0,107.0,102.0
27,J.J. Barea,PG,35.0,DAL,17.0,4.0,263.0,10.8,23.7,0.453,4.3,9.3,0.46,6.5,14.5,0.449,2.6,2.6,1.0,1.5,4.8,6.3,11.7,0.6,0.2,3.9,2.2,28.4,0.0,119.0,116.0
28,Harrison Barnes,PF,27.0,SAC,54.0,54.0,1870.0,7.1,15.7,0.452,1.9,5.1,0.362,5.2,10.6,0.495,4.4,5.5,0.802,1.4,5.5,6.9,3.1,0.8,0.2,1.7,1.8,20.5,0.0,114.0,115.0
29,RJ Barrett,SG,19.0,NYK,45.0,44.0,1372.0,7.8,20.2,0.388,1.7,5.4,0.318,6.1,14.9,0.413,4.4,7.2,0.611,1.6,6.5,8.1,3.9,1.6,0.6,3.3,3.6,21.8,0.0,93.0,113.0
30,Will Barton,SF,29.0,DEN,48.0,48.0,1598.0,8.5,19.1,0.447,2.7,7.0,0.382,5.8,12.1,0.485,2.7,3.5,0.761,2.2,7.4,9.6,5.5,1.6,0.7,2.1,3.0,22.4,0.0,113.0,109.0
31,Keita Bates-Diop,SF,24.0,TOT,39.0,0.0,665.0,6.3,14.6,0.428,2.2,6.6,0.33,4.1,8.0,0.509,3.4,4.9,0.71,1.5,6.4,7.9,2.1,1.2,1.5,1.0,2.7,18.2,0.0,113.0,112.0
32,Keita Bates-Diop,SF,24.0,MIN,37.0,0.0,646.0,6.3,14.9,0.422,2.2,6.8,0.33,4.1,8.1,0.5,3.3,4.7,0.708,1.5,6.4,8.0,2.2,1.2,1.4,1.0,2.6,18.2,0.0,112.0,112.0
33,Keita Bates-Diop,SF,24.0,DEN,2.0,0.0,19.0,5.2,5.2,1.0,0.0,0.0,0.0,5.2,5.2,1.0,7.8,10.4,0.75,0.0,5.2,5.2,0.0,0.0,2.6,0.0,5.2,18.2,0.0,193.0,111.0
34,Nicolas Batum,SF,31.0,CHO,22.0,3.0,505.0,2.8,8.0,0.346,1.4,4.8,0.286,1.4,3.2,0.438,0.9,1.0,0.9,2.5,7.4,9.9,6.5,1.7,0.8,2.2,4.0,7.8,0.0,107.0,112.0
35,Aron Baynes,C,33.0,PHO,33.0,25.0,756.0,9.1,18.6,0.49,2.6,7.9,0.333,6.5,10.7,0.605,2.7,3.8,0.721,3.4,8.5,11.9,3.9,0.4,1.2,2.4,7.2,23.6,0.0,114.0,112.0
36,Kent Bazemore,SF-SG,30.0,TOT,54.0,21.0,1333.0,5.2,14.6,0.353,2.4,7.2,0.328,2.8,7.4,0.377,2.9,3.7,0.777,0.8,7.0,7.8,2.6,2.0,1.3,2.6,5.3,15.6,0.0,93.0,112.0
37,Kent Bazemore,SF,30.0,POR,43.0,21.0,1111.0,4.8,14.0,0.347,2.4,7.3,0.327,2.4,6.6,0.368,2.5,3.1,0.806,0.6,6.8,7.4,2.6,1.9,1.3,2.6,5.2,14.6,0.0,92.0,112.0
38,Kent Bazemore,SG,30.0,SAC,11.0,0.0,222.0,6.8,18.1,0.378,2.2,6.6,0.333,4.6,11.5,0.404,4.8,6.8,0.71,1.8,8.2,9.9,2.4,2.4,0.9,2.6,6.2,20.7,0.0,98.0,109.0
39,Darius Bazley,PF,19.0,OKC,53.0,8.0,909.0,4.7,12.3,0.383,1.6,5.4,0.3,3.1,7.0,0.446,1.7,2.5,0.681,1.1,9.4,10.5,1.6,1.1,1.9,2.1,2.4,12.8,0.0,90.0,107.0
40,Bradley Beal,SG,26.0,WAS,46.0,46.0,1635.0,13.1,28.8,0.454,3.3,10.4,0.322,9.8,18.5,0.528,8.7,10.3,0.843,1.3,4.5,5.8,8.1,1.4,0.5,4.2,2.8,38.2,0.0,113.0,118.0
41,Malik Beasley,SG,23.0,TOT,44.0,3.0,844.0,8.2,20.8,0.395,4.2,11.3,0.371,4.0,9.5,0.423,2.2,2.5,0.86,0.8,4.9,5.6,3.3,1.9,0.3,2.5,3.4,22.7,0.0,101.0,110.0
42,Malik Beasley,SG,23.0,DEN,41.0,0.0,746.0,7.7,19.9,0.389,3.8,10.7,0.36,3.9,9.3,0.421,2.2,2.5,0.868,0.6,4.5,5.1,3.2,2.1,0.4,2.4,3.3,21.5,0.0,100.0,110.0
43,Malik Beasley,SG,23.0,MIN,3.0,3.0,98.0,11.4,26.7,0.429,6.7,15.7,0.424,4.8,11.0,0.435,1.9,2.4,0.8,1.9,7.6,9.5,4.3,1.0,0.0,3.3,3.8,31.5,0.0,107.0,114.0
44,Marco Belinelli,SG,33.0,SAS,47.0,0.0,710.0,6.0,16.3,0.371,3.1,9.0,0.346,2.9,7.2,0.402,2.2,2.8,0.78,0.2,4.9,5.1,4.1,0.6,0.0,0.9,2.6,17.3,0.0,105.0,118.0
45,Jordan Bell,C,25.0,MIN,27.0,0.0,235.0,6.4,11.9,0.533,0.4,1.8,0.222,6.0,10.1,0.588,3.4,5.8,0.586,5.6,9.9,15.5,2.8,0.4,2.0,3.6,3.4,16.5,0.0,108.0,111.0
46,DeAndre' Bembry,SG,25.0,ATL,43.0,4.0,915.0,5.3,11.6,0.456,0.8,3.3,0.231,4.5,8.3,0.546,1.3,2.4,0.542,1.7,6.0,7.7,4.1,2.8,1.0,3.1,4.3,12.7,0.0,95.0,112.0
47,Dragan Bender,SF,22.0,MIL,7.0,0.0,91.0,5.0,10.5,0.476,2.0,4.5,0.444,3.0,6.0,0.5,1.0,1.5,0.667,0.0,10.0,10.0,4.5,0.0,2.5,2.5,8.0,13.0,0.0,105.0,102.0
48,Davis Bertans,PF,27.0,WAS,44.0,4.0,1291.0,7.7,17.6,0.436,5.6,13.3,0.424,2.1,4.3,0.475,2.8,3.2,0.867,1.1,6.2,7.3,2.9,1.2,1.0,1.5,3.9,23.8,0.0,122.0,117.0
50,Patrick Beverley,PG,31.0,LAC,40.0,40.0,1121.0,5.2,12.2,0.43,2.7,7.4,0.364,2.6,4.8,0.53,1.0,1.6,0.632,2.1,7.5,9.7,6.7,2.1,1.0,2.3,5.3,14.2,0.0,115.0,106.0
51,Khem Birch,C,27.0,ORL,38.0,24.0,773.0,3.6,7.2,0.496,0.0,0.1,0.0,3.6,7.1,0.5,2.6,4.3,0.612,4.4,7.0,11.4,2.2,1.0,1.3,1.5,4.6,9.7,0.0,117.0,109.0
52,Goga Bitadze,C,20.0,IND,42.0,2.0,362.0,7.0,14.6,0.481,0.5,3.4,0.16,6.5,11.2,0.578,2.7,3.9,0.69,3.0,8.8,11.7,2.6,0.4,3.6,2.8,6.7,17.3,0.0,101.0,107.0
53,Bismack Biyombo,C,27.0,CHO,45.0,26.0,866.0,7.5,13.8,0.542,0.0,0.0,0.0,7.5,13.8,0.542,4.5,7.3,0.614,6.2,9.0,15.1,2.2,0.5,2.1,2.3,5.6,19.4,0.0,117.0,112.0
54,Nemanja Bjelica,PF,31.0,SAC,54.0,51.0,1535.0,8.0,16.5,0.485,3.5,7.9,0.449,4.5,8.6,0.517,1.7,1.9,0.852,2.9,8.1,11.0,4.7,1.5,1.0,2.5,5.3,21.2,0.0,119.0,111.0
55,Eric Bledsoe,PG,30.0,MIL,46.0,46.0,1246.0,9.7,20.2,0.48,2.1,6.0,0.339,7.7,14.2,0.54,4.9,6.0,0.828,1.3,6.7,8.0,9.0,1.6,0.8,4.0,3.7,26.4,0.0,114.0,103.0
56,Bogdan Bogdanovic,SG,27.0,SAC,43.0,10.0,1213.0,9.1,21.1,0.429,4.5,12.3,0.366,4.6,8.8,0.518,2.3,3.3,0.699,0.6,4.9,5.5,5.4,1.6,0.4,3.1,3.7,25.0,0.0,106.0,113.0
57,Bojan Bogdanovic,SF,30.0,UTA,53.0,53.0,1763.0,10.1,22.3,0.454,4.7,11.0,0.425,5.5,11.3,0.483,5.8,6.4,0.897,0.8,5.2,6.0,3.1,0.8,0.2,3.7,2.6,30.6,0.0,112.0,111.0
58,Jonah Bolden,PF,24.0,TOT,5.0,0.0,40.0,4.8,10.7,0.444,0.0,2.4,0.0,4.8,8.3,0.571,2.4,4.8,0.5,3.6,6.0,9.5,0.0,2.4,2.4,2.4,9.5,11.9,0.0,89.0,106.0
59,Jonah Bolden,PF,24.0,PHI,4.0,0.0,14.0,6.9,10.4,0.667,0.0,3.5,0.0,6.9,6.9,1.0,0.0,6.9,0.0,0.0,3.5,3.5,0.0,3.5,0.0,6.9,13.8,13.8,0.0,56.0,105.0
60,Jonah Bolden,PF,24.0,PHO,1.0,0.0,26.0,3.6,10.9,0.333,0.0,1.8,0.0,3.6,9.1,0.4,3.6,3.6,1.0,5.5,7.3,12.7,0.0,1.8,3.6,0.0,7.3,10.9,0.0,114.0,106.0
61,Marques Bolden,C,21.0,CLE,1.0,0.0,3.0,0.0,0.0,0.0,0.0,0.0,0.0,0.0,0.0,0.0,0.0,0.0,0.0,0.0,32.4,32.4,0.0,16.2,0.0,0.0,16.2,0.0,0.0,0.0,69.0
62,Jordan Bone,PG,22.0,DET,9.0,0.0,48.0,3.1,17.3,0.176,0.0,8.2,0.0,3.1,9.2,0.333,0.0,0.0,0.0,0.0,1.0,1.0,8.2,1.0,0.0,2.0,6.1,6.1,0.0,58.0,117.0
63,Isaac Bonga,SF,20.0,WAS,48.0,33.0,850.0,4.6,8.6,0.535,1.0,2.4,0.419,3.6,6.3,0.579,2.5,3.1,0.789,2.8,5.8,8.6,2.9,1.8,1.0,1.8,6.2,12.7,0.0,123.0,115.0
64,Devin Booker,SG,23.0,PHO,52.0,52.0,1866.0,11.7,23.6,0.496,2.6,7.1,0.358,9.2,16.5,0.556,8.8,9.5,0.92,0.7,4.9,5.5,8.3,1.0,0.3,5.1,3.9,34.8,0.0,115.0,114.0
65,Chris Boucher,PF,27.0,TOR,47.0,0.0,607.0,8.1,17.6,0.462,1.7,6.4,0.272,6.4,11.2,0.57,5.4,7.0,0.775,6.4,9.4,15.8,1.6,1.3,3.2,1.6,6.9,23.4,0.0,122.0,102.0
66,Brian Bowen,SG,21.0,IND,3.0,0.0,10.0,4.9,19.5,0.25,0.0,4.9,0.0,4.9,14.7,0.333,0.0,0.0,0.0,0.0,4.9,4.9,0.0,0.0,4.9,0.0,0.0,9.8,0.0,53.0,109.0
67,Ky Bowman,PG,22.0,GSW,40.0,12.0,875.0,6.0,15.0,0.4,1.7,5.2,0.326,4.3,9.8,0.439,1.6,1.9,0.829,1.1,4.3,5.4,6.4,2.0,0.3,3.0,4.9,15.3,0.0,96.0,115.0
68,Avery Bradley,SG,29.0,LAL,39.0,34.0,911.0,7.1,15.5,0.459,2.3,6.2,0.37,4.8,9.3,0.52,0.8,1.0,0.8,0.9,3.7,4.6,2.4,1.6,0.2,1.9,4.8,17.4,0.0,104.0,110.0
69,Tony Bradley,C,22.0,UTA,41.0,2.0,420.0,9.3,14.2,0.65,0.0,0.0,0.0,9.3,14.2,0.65,2.4,3.9,0.618,8.2,12.0,20.2,1.3,1.2,1.9,2.4,9.6,20.9,0.0,130.0,104.0
70,Jarrell Brantley,PF,23.0,UTA,3.0,0.0,11.0,0.0,0.0,0.0,0.0,0.0,0.0,0.0,0.0,0.0,0.0,0.0,0.0,0.0,22.1,22.1,4.4,0.0,8.8,4.4,4.4,0.0,0.0,48.0,93.0
71,Ignas Brazdeikis,SF,21.0,NYK,9.0,0.0,53.0,5.5,20.2,0.273,0.9,8.3,0.111,4.6,11.9,0.385,3.7,4.6,0.8,1.8,2.8,4.6,3.7,0.0,0.9,1.8,2.8,15.6,0.0,82.0,118.0
73,Mikal Bridges,SF,23.0,PHO,55.0,14.0,1413.0,5.5,10.9,0.506,1.4,4.0,0.345,4.1,6.9,0.599,2.4,3.0,0.82,1.6,5.7,7.2,2.9,2.7,1.0,1.8,4.0,14.8,0.0,116.0,109.0
74,Miles Bridges,SF,21.0,CHO,54.0,53.0,1657.0,8.1,18.3,0.441,2.5,7.4,0.341,5.6,10.9,0.508,2.5,3.1,0.796,2.3,6.7,9.0,2.7,1.0,1.2,2.5,3.5,21.2,0.0,104.0,114.0
75,Oshae Brissett,SF,21.0,TOR,17.0,0.0,128.0,4.5,12.7,0.353,1.1,5.6,0.2,3.4,7.1,0.474,2.2,3.0,0.75,3.4,5.2,8.6,1.9,1.5,0.4,2.6,6.7,12.3,0.0,91.0,108.0
76,Ryan Broekhoff,SG,29.0,DAL,17.0,1.0,180.0,6.0,16.0,0.373,5.4,13.8,0.392,0.5,2.2,0.25,1.9,2.2,0.875,1.4,10.3,11.6,3.0,1.4,1.1,1.6,4.1,19.2,0.0,115.0,109.0
77,Malcolm Brogdon,PG,27.0,IND,41.0,41.0,1262.0,9.6,22.0,0.438,2.2,6.7,0.324,7.5,15.3,0.489,4.9,5.4,0.906,1.3,6.2,7.4,11.7,1.0,0.3,4.0,2.9,26.3,0.0,110.0,111.0
78,Dillon Brooks,SG,24.0,MEM,54.0,54.0,1528.0,9.4,22.7,0.413,3.4,8.8,0.385,6.0,13.9,0.43,3.7,4.4,0.834,1.6,4.0,5.6,3.3,1.6,0.7,2.7,6.1,25.8,0.0,102.0,113.0
79,Bruce Brown,SG,23.0,DET,54.0,42.0,1507.0,5.8,13.2,0.44,1.0,2.9,0.337,4.8,10.3,0.469,2.7,3.7,0.73,1.8,6.2,8.0,6.8,2.0,0.9,3.1,4.9,15.3,0.0,105.0,111.0
80,Charlie Brown,SG,22.0,ATL,10.0,0.0,40.0,7.0,22.1,0.316,3.5,10.5,0.333,3.5,11.6,0.3,5.8,5.8,1.0,2.3,2.3,4.7,2.3,2.3,2.3,3.5,3.5,23.3,0.0,93.0,114.0
81,Jaylen Brown,SF,23.0,BOS,44.0,44.0,1480.0,10.7,21.6,0.495,3.0,7.8,0.381,7.7,13.8,0.56,4.6,6.2,0.743,1.5,7.6,9.2,3.2,1.6,0.4,3.5,4.2,29.0,0.0,111.0,107.0
82,Moses Brown,C,20.0,POR,9.0,0.0,33.0,5.8,14.4,0.4,0.0,0.0,0.0,5.8,14.4,0.4,4.3,11.5,0.375,4.3,15.9,20.2,1.4,1.4,1.4,4.3,10.1,15.9,0.0,81.0,107.0
83,Sterling Brown,SF,24.0,MIL,37.0,0.0,556.0,5.7,14.9,0.387,2.5,7.6,0.337,3.2,7.3,0.438,2.1,2.7,0.788,2.1,9.9,12.1,3.0,1.7,0.4,2.5,3.3,16.2,0.0,100.0,102.0
84,Troy Brown,SG,20.0,WAS,50.0,14.0,1292.0,7.1,15.6,0.458,1.4,4.3,0.333,5.7,11.3,0.506,2.7,3.6,0.758,2.0,8.2,10.2,4.2,2.4,0.2,1.9,3.4,18.4,0.0,111.0,114.0
85,Jalen Brunson,PG,23.0,DAL,55.0,15.0,1002.0,8.7,18.6,0.466,2.1,5.8,0.361,6.6,12.8,0.513,3.0,3.6,0.824,1.1,5.4,6.5,8.9,1.0,0.2,3.2,3.5,22.4,0.0,115.0,114.0
86,Thomas Bryant,C,22.0,WAS,29.0,23.0,738.0,9.5,16.2,0.588,0.9,2.8,0.341,8.6,13.5,0.638,3.5,4.7,0.747,3.7,9.9,13.6,4.0,0.6,1.6,2.6,4.2,23.6,0.0,124.0,115.0
87,Reggie Bullock,SG,28.0,NYK,21.0,18.0,545.0,7.1,17.8,0.4,2.9,8.9,0.33,4.2,8.9,0.47,1.2,1.3,0.867,1.1,3.6,4.6,2.8,2.1,0.0,1.2,4.3,18.4,0.0,105.0,114.0
88,Trey Burke,PG,27.0,PHI,25.0,0.0,329.0,8.7,18.7,0.465,2.4,5.6,0.421,6.3,13.1,0.483,1.9,2.6,0.722,2.2,2.9,5.1,7.8,1.0,0.1,1.8,3.1,21.6,0.0,118.0,112.0
89,Alec Burks,SG,28.0,TOT,49.0,18.0,1404.0,8.3,20.6,0.405,2.9,7.7,0.372,5.5,12.9,0.425,6.8,7.6,0.897,1.3,6.4,7.7,5.2,1.7,0.6,2.6,3.7,26.4,0.0,110.0,114.0
90,Alec Burks,SG,28.0,GSW,48.0,18.0,1390.0,8.4,20.7,0.406,2.9,7.7,0.375,5.5,13.0,0.424,6.9,7.7,0.897,1.3,6.5,7.8,5.2,1.7,0.6,2.6,3.7,26.6,0.0,110.0,114.0
91,Alec Burks,SG,28.0,PHI,1.0,0.0,14.0,3.5,13.8,0.25,0.0,6.9,0.0,3.5,6.9,0.5,0.0,0.0,0.0,0.0,0.0,0.0,6.9,0.0,0.0,0.0,3.5,6.9,0.0,79.0,115.0
92,Deonte Burton,SG,26.0,OKC,30.0,0.0,254.0,6.5,17.9,0.366,1.3,7.5,0.179,5.2,10.4,0.5,1.2,2.3,0.5,1.0,6.5,7.5,1.9,0.8,1.7,1.7,5.0,15.5,0.0,83.0,110.0
93,Jimmy Butler,SF,30.0,MIA,46.0,46.0,1582.0,8.8,19.3,0.457,0.9,3.5,0.248,7.9,15.8,0.503,10.9,13.1,0.836,2.6,7.1,9.8,8.7,2.5,0.8,3.3,2.0,29.4,0.0,123.0,107.0
94,Bruno Caboclo,SF,24.0,MEM,22.0,0.0,192.0,6.8,16.7,0.406,1.0,6.1,0.16,5.8,10.7,0.545,0.5,0.7,0.667,4.1,6.5,10.7,2.4,2.4,2.9,1.7,5.6,15.0,0.0,97.0,107.0
96,Kentavious Caldwell-Pope,SG,26.0,LAL,53.0,20.0,1343.0,6.4,13.6,0.47,2.7,6.5,0.415,3.7,7.1,0.52,2.4,2.9,0.819,1.2,2.7,3.9,3.3,1.5,0.4,1.6,3.3,17.9,0.0,119.0,111.0
97,Vlatko Cancar,SF,22.0,DEN,11.0,0.0,38.0,6.5,14.3,0.455,1.3,6.5,0.2,5.2,7.8,0.667,5.2,5.2,1.0,3.9,6.5,10.4,3.9,1.3,1.3,3.9,7.8,19.5,0.0,111.0,109.0
98,Clint Capela,C,25.0,HOU,39.0,39.0,1279.0,8.8,14.1,0.629,0.0,0.0,0.0,8.8,14.1,0.629,2.0,3.8,0.529,6.1,13.4,19.5,1.7,1.2,2.6,2.3,3.7,19.7,0.0,124.0,105.0
99,DeMarre Carroll,SF,33.0,SAS,15.0,0.0,135.0,3.2,10.3,0.31,1.1,4.6,0.231,2.1,5.7,0.375,4.3,7.1,0.6,2.5,8.6,11.0,3.9,0.7,0.7,3.6,7.1,11.8,0.0,88.0,115.0
100,Jevon Carter,PG,24.0,PHO,40.0,2.0,578.0,5.1,12.4,0.408,2.9,6.8,0.422,2.2,5.6,0.391,1.1,1.3,0.813,1.7,4.5,6.2,4.5,2.5,0.9,2.3,4.6,14.1,0.0,106.0,110.0
101,Vince Carter,SF,43.0,ATL,49.0,0.0,749.0,5.7,16.1,0.354,3.2,10.8,0.293,2.5,5.3,0.477,1.4,1.8,0.793,0.9,5.8,6.6,2.7,1.2,1.5,1.9,4.8,16.0,0.0,94.0,115.0
102,Wendell Carter,C,20.0,CHI,37.0,37.0,1109.0,7.2,13.4,0.537,0.3,1.2,0.214,6.9,12.2,0.569,4.1,5.6,0.736,5.6,10.2,15.9,1.9,1.3,1.4,2.7,6.2,18.8,0.0,116.0,108.0
103,Michael Carter-Williams,SG,28.0,ORL,32.0,0.0,566.0,6.3,15.4,0.412,1.0,4.0,0.261,5.3,11.4,0.466,4.2,5.4,0.774,2.6,6.2,8.8,7.5,3.0,1.4,2.9,4.7,17.9,0.0,107.0,105.0
104,Alex Caruso,PG,25.0,LAL,50.0,0.0,908.0,4.9,11.8,0.42,1.8,4.9,0.362,3.2,6.8,0.462,2.7,3.4,0.785,0.6,4.4,4.9,4.6,2.7,0.7,2.2,4.2,14.4,0.0,108.0,106.0
105,Willie Cauley-Stein,C,26.0,TOT,50.0,39.0,1051.0,7.6,13.3,0.574,0.0,0.0,0.0,7.6,13.2,0.576,1.8,2.9,0.619,3.6,9.8,13.5,3.1,2.2,2.6,1.8,5.4,17.0,0.0,117.0,108.0
106,Willie Cauley-Stein,C,26.0,GSW,41.0,37.0,940.0,7.3,13.1,0.56,0.0,0.0,0.0,7.3,13.1,0.56,1.8,2.9,0.614,3.6,9.4,13.0,3.0,2.3,2.5,1.8,5.2,16.4,0.0,114.0,108.0
107,Willie Cauley-Stein,C,26.0,DAL,9.0,2.0,111.0,10.1,14.9,0.676,0.0,0.4,0.0,10.1,14.5,0.697,1.8,2.6,0.667,4.0,14.1,18.0,3.1,1.8,3.5,1.8,7.0,22.0,0.0,134.0,103.0
108,Tyson Chandler,C,37.0,HOU,26.0,5.0,219.0,3.0,3.8,0.778,0.0,0.0,0.0,3.0,3.8,0.778,1.3,2.8,0.462,5.3,8.7,14.0,1.3,1.3,1.7,1.7,6.8,7.2,0.0,135.0,109.0
109,Wilson Chandler,SF,32.0,BRK,25.0,0.0,517.0,5.2,12.2,0.429,2.3,7.6,0.301,2.9,4.6,0.64,1.6,1.7,0.895,0.7,9.2,10.0,2.8,1.4,0.7,2.5,4.9,14.3,0.0,101.0,107.0
110,Zylan Cheatham,SF,24.0,NOP,3.0,0.0,31.0,3.0,7.5,0.4,0.0,1.5,0.0,3.0,6.0,0.5,0.0,0.0,0.0,1.5,7.5,9.0,3.0,0.0,1.5,4.5,7.5,6.0,0.0,67.0,114.0
111,Chris Chiozza,PG,24.0,TOT,14.0,0.0,146.0,4.2,13.8,0.302,2.6,6.7,0.381,1.6,7.0,0.227,0.0,0.0,0.0,0.0,5.8,5.8,10.9,3.8,0.6,3.2,3.8,10.9,0.0,93.0,110.0
112,Chris Chiozza,PG,24.0,WAS,10.0,0.0,123.0,3.8,12.9,0.294,2.7,6.1,0.438,1.1,6.8,0.167,0.0,0.0,0.0,0.0,5.7,5.7,10.6,3.8,0.8,3.4,4.5,10.2,0.0,91.0,111.0
113,Chris Chiozza,PG,24.0,BRK,4.0,0.0,23.0,6.2,18.5,0.333,2.1,10.3,0.2,4.1,8.2,0.5,0.0,0.0,0.0,0.0,6.2,6.2,12.3,4.1,0.0,2.1,0.0,14.4,0.0,99.0,104.0
114,Marquese Chriss,PF,22.0,GSW,50.0,12.0,959.0,8.2,15.3,0.536,0.4,1.7,0.229,7.8,13.6,0.575,4.8,6.3,0.756,4.7,9.5,14.1,4.2,1.6,2.6,3.2,4.9,21.6,0.0,115.0,110.0
115,Gary Clark,PF,25.0,TOT,30.0,0.0,370.0,4.6,11.9,0.387,3.5,10.3,0.338,1.2,1.7,0.692,1.0,1.2,0.889,3.2,6.5,9.8,1.7,0.5,1.7,0.5,3.6,13.7,0.0,123.0,111.0
116,Gary Clark,PF,25.0,HOU,18.0,0.0,212.0,5.0,12.9,0.39,3.9,11.1,0.353,1.1,1.7,0.625,1.3,1.5,0.857,2.4,6.3,8.7,2.6,0.4,1.5,0.4,4.6,15.3,0.0,127.0,112.0
117,Gary Clark,PF,25.0,ORL,12.0,0.0,158.0,4.0,10.6,0.382,2.8,9.0,0.31,1.2,1.6,0.8,0.6,0.6,1.0,4.4,6.8,11.2,0.3,0.6,1.9,0.6,2.2,11.5,0.0,117.0,110.0
118,Brandon Clarke,PF,23.0,MEM,47.0,2.0,1025.0,11.0,17.7,0.623,1.0,2.3,0.42,10.1,15.4,0.653,3.3,4.2,0.793,3.0,9.3,12.3,3.0,1.1,1.8,2.0,3.5,26.3,0.0,128.0,110.0
119,Jordan Clarkson,SG,27.0,TOT,53.0,0.0,1277.0,11.2,24.1,0.464,4.4,11.6,0.378,6.8,12.6,0.542,4.1,4.9,0.838,1.4,3.8,5.1,4.2,1.2,0.5,2.4,2.8,30.9,0.0,116.0,114.0
120,Jordan Clarkson,SG,27.0,CLE,29.0,0.0,666.0,10.5,23.8,0.442,4.3,11.6,0.371,6.2,12.2,0.509,5.5,6.3,0.884,1.5,3.5,5.0,5.1,1.2,0.6,2.8,2.4,30.8,0.0,116.0,118.0
121,Jordan Clarkson,SG,27.0,UTA,24.0,0.0,611.0,11.9,24.5,0.487,4.5,11.5,0.386,7.5,13.0,0.577,2.6,3.5,0.75,1.2,4.1,5.2,3.3,1.2,0.5,2.0,3.3,30.9,0.0,115.0,111.0
122,Nicolas Claxton,PF,20.0,BRK,14.0,0.0,183.0,6.7,11.9,0.565,0.3,1.8,0.143,6.5,10.1,0.641,2.3,4.9,0.474,4.9,6.2,11.1,4.1,0.3,2.1,2.3,3.6,16.0,0.0,117.0,110.0
123,Chris Clemons,SG,22.0,HOU,28.0,0.0,246.0,9.4,23.4,0.403,6.2,17.5,0.355,3.2,5.8,0.548,1.1,1.3,0.857,0.6,3.8,4.3,4.0,1.1,0.9,3.2,3.8,26.2,0.0,104.0,113.0
125,Antonius Cleveland,SG,25.0,DAL,6.0,0.0,22.0,4.4,13.3,0.333,0.0,2.2,0.0,4.4,11.1,0.4,2.2,4.4,0.5,0.0,6.6,6.6,0.0,2.2,2.2,2.2,4.4,11.1,0.0,67.0,108.0
126,Amir Coffey,SG,22.0,LAC,5.0,0.0,41.0,10.3,18.3,0.563,1.1,4.6,0.25,9.2,13.7,0.667,0.0,1.1,0.0,2.3,4.6,6.9,3.4,1.1,1.1,2.3,3.4,21.8,0.0,111.0,110.0
127,John Collins,PF,22.0,ATL,30.0,30.0,967.0,12.1,21.1,0.572,1.8,5.1,0.355,10.2,16.0,0.642,3.8,4.7,0.814,3.8,11.0,14.7,2.0,0.9,2.4,2.5,5.3,29.8,0.0,121.0,111.0
128,Zach Collins,PF,22.0,POR,3.0,3.0,86.0,5.0,10.5,0.474,1.7,3.9,0.429,3.3,6.6,0.5,3.3,3.3,1.0,2.2,4.4,6.6,3.3,0.0,1.1,3.3,6.1,14.9,0.0,112.0,118.0
129,Mike Conley,PG,32.0,UTA,32.0,26.0,893.0,8.1,20.7,0.392,3.1,8.6,0.361,5.0,12.1,0.414,4.2,5.4,0.78,1.0,4.6,5.6,7.2,1.2,0.2,3.2,3.9,23.5,0.0,105.0,111.0
130,Pat Connaughton,SG,27.0,MIL,50.0,0.0,914.0,4.8,10.7,0.453,1.7,5.5,0.318,3.1,5.2,0.596,0.9,1.2,0.72,2.2,8.8,11.0,3.9,0.7,1.3,2.0,2.4,12.3,0.0,111.0,103.0
131,Quinn Cook,PG,26.0,LAL,34.0,0.0,387.0,8.8,19.7,0.444,2.8,7.4,0.383,5.9,12.3,0.48,0.7,1.1,0.667,0.9,3.9,4.8,4.7,1.2,0.1,2.8,2.5,21.1,0.0,102.0,111.0
132,Tyler Cook,PF,22.0,CLE,11.0,0.0,35.0,9.7,13.9,0.7,0.0,0.0,0.0,9.7,13.9,0.7,6.9,8.3,0.833,5.6,8.3,13.9,1.4,1.4,0.0,1.4,5.6,26.4,0.0,150.0,116.0
133,Robert Covington,PF,29.0,TOT,52.0,50.0,1538.0,7.1,16.3,0.433,3.6,10.4,0.346,3.5,5.9,0.588,2.4,3.0,0.798,1.3,8.2,9.5,1.9,2.6,1.6,2.4,5.0,20.2,0.0,106.0,108.0
134,Robert Covington,PF,29.0,MIN,48.0,47.0,1411.0,7.2,16.4,0.435,3.6,10.3,0.346,3.6,6.1,0.587,2.5,3.1,0.798,1.2,8.3,9.5,1.9,2.6,1.5,2.4,4.9,20.4,0.0,106.0,108.0
135,Robert Covington,PF,29.0,HOU,4.0,3.0,127.0,6.2,15.3,0.405,4.0,11.7,0.344,2.2,3.6,0.6,1.5,1.8,0.8,2.2,6.9,9.1,2.6,2.6,2.6,2.2,5.8,17.9,0.0,110.0,106.0
136,Allen Crabbe,SG,27.0,TOT,36.0,1.0,642.0,4.6,12.7,0.36,2.6,8.5,0.308,2.0,4.2,0.466,0.7,1.0,0.714,0.8,4.8,5.6,2.4,1.1,0.3,1.2,3.3,12.5,0.0,98.0,117.0
137,Allen Crabbe,SG,27.0,ATL,28.0,1.0,522.0,4.6,12.7,0.364,2.7,8.3,0.323,2.0,4.5,0.44,0.8,1.1,0.75,0.9,4.9,5.8,2.5,1.3,0.4,1.1,3.2,12.7,0.0,100.0,117.0
138,Allen Crabbe,SG,27.0,MIN,8.0,0.0,120.0,4.3,12.5,0.344,2.3,9.3,0.25,1.9,3.1,0.625,0.4,0.8,0.5,0.4,4.3,4.7,1.9,0.0,0.0,1.6,3.9,11.3,0.0,87.0,118.0
139,Torrey Craig,SF,29.0,DEN,42.0,19.0,760.0,5.1,11.4,0.451,1.9,5.9,0.319,3.2,5.5,0.595,1.3,2.0,0.645,2.7,6.5,9.2,1.8,1.0,1.8,1.2,6.2,13.5,0.0,114.0,109.0
140,Jae Crowder,SF,29.0,TOT,48.0,45.0,1413.0,5.4,14.1,0.383,3.0,9.5,0.315,2.4,4.7,0.521,2.7,3.4,0.798,1.4,8.5,9.9,4.3,1.8,0.5,1.9,3.0,16.6,0.0,108.0,110.0
141,Jae Crowder,SF,29.0,MEM,45.0,45.0,1322.0,5.2,14.0,0.368,2.7,9.4,0.293,2.4,4.7,0.519,2.6,3.3,0.789,1.4,8.3,9.8,4.4,1.7,0.5,1.9,3.0,15.7,0.0,105.0,111.0
142,Jae Crowder,SF,29.0,MIA,3.0,0.0,91.0,9.2,15.6,0.586,6.5,10.8,0.6,2.7,4.8,0.556,4.3,4.8,0.889,1.6,10.2,11.8,2.2,3.2,0.5,1.1,3.8,29.1,0.0,152.0,104.0
143,Jarrett Culver,SG,20.0,MIN,52.0,35.0,1268.0,6.9,17.8,0.388,1.9,6.9,0.277,5.0,10.8,0.459,1.7,3.6,0.465,2.2,4.3,6.5,3.5,1.9,1.3,2.6,3.8,17.4,0.0,92.0,112.0
144,Seth Curry,SG,29.0,DAL,51.0,13.0,1203.0,8.4,17.6,0.479,4.3,10.0,0.435,4.1,7.6,0.537,2.6,3.0,0.89,0.9,3.7,4.7,4.0,1.2,0.3,1.9,3.4,23.8,0.0,124.0,115.0
145,Stephen Curry,PG,31.0,GSW,4.0,4.0,112.0,11.5,28.1,0.409,3.8,15.8,0.243,7.7,12.4,0.621,7.7,7.7,1.0,1.7,6.8,8.5,11.1,2.1,0.9,6.4,4.3,34.5,0.0,104.0,112.0
146,Troy Daniels,SG,28.0,LAL,39.0,0.0,446.0,6.4,16.4,0.392,4.2,11.6,0.361,2.2,4.8,0.467,1.1,1.6,0.667,1.3,3.4,4.7,1.5,0.9,0.3,1.0,3.2,18.1,0.0,109.0,112.0
147,Anthony Davis,PF,26.0,LAL,46.0,46.0,1595.0,12.8,24.7,0.519,1.5,4.6,0.316,11.3,20.1,0.566,9.6,11.2,0.853,2.8,9.9,12.7,4.5,2.2,3.3,3.3,3.4,36.7,0.0,122.0,101.0
148,Ed Davis,C,30.0,UTA,25.0,0.0,268.0,2.5,6.2,0.412,0.0,0.0,0.0,2.5,6.2,0.412,0.9,2.0,0.455,5.3,12.0,17.2,1.4,1.8,1.6,2.4,10.0,6.0,0.0,98.0,103.0
149,Terence Davis,SG,22.0,TOR,55.0,2.0,954.0,8.0,16.9,0.475,4.0,9.6,0.419,4.0,7.3,0.548,1.9,2.1,0.881,2.2,7.5,9.7,4.8,1.5,0.6,2.7,4.6,21.9,0.0,117.0,106.0
150,Dewayne Dedmon,C,30.0,TOT,37.0,11.0,619.0,6.4,15.5,0.411,1.4,6.4,0.22,4.9,9.0,0.548,2.0,2.4,0.839,3.7,11.1,14.8,1.3,1.4,2.8,4.1,8.2,16.2,0.0,89.0,107.0
151,Dewayne Dedmon,C,30.0,SAC,34.0,10.0,541.0,6.2,15.5,0.404,1.3,6.4,0.197,5.0,9.0,0.55,2.1,2.5,0.821,4.2,10.9,15.1,1.4,1.4,2.4,4.2,8.4,15.8,0.0,88.0,108.0
152,Dewayne Dedmon,C,30.0,ATL,3.0,1.0,78.0,7.2,15.5,0.462,2.4,6.6,0.364,4.8,8.9,0.533,1.8,1.8,1.0,0.6,11.9,12.5,1.2,1.8,6.0,3.0,7.2,18.5,0.0,97.0,104.0
154,Matthew Dellavedova,PG,29.0,CLE,46.0,0.0,565.0,3.6,11.0,0.328,0.9,5.8,0.164,2.7,5.2,0.508,2.1,2.4,0.893,1.0,3.4,4.5,10.3,1.3,0.1,3.5,5.3,10.3,0.0,98.0,118.0
155,DeMar DeRozan,SF,30.0,SAS,52.0,52.0,1783.0,12.0,22.5,0.534,0.2,0.8,0.276,11.8,21.7,0.543,8.0,9.5,0.844,0.9,7.0,7.9,7.3,1.5,0.3,3.5,3.9,32.3,0.0,118.0,114.0
156,Cheick Diallo,C,23.0,PHO,38.0,2.0,420.0,9.1,13.6,0.669,0.1,0.2,0.5,9.0,13.4,0.672,3.4,3.9,0.857,2.7,10.0,12.7,2.2,1.1,1.2,2.9,5.7,21.7,0.0,122.0,110.0
157,Hamidou Diallo,SF,21.0,OKC,32.0,2.0,606.0,7.0,15.5,0.451,0.4,2.3,0.172,6.6,13.2,0.5,2.1,3.1,0.667,2.0,6.8,8.8,1.5,2.0,0.5,2.7,5.5,16.5,0.0,93.0,109.0
158,Gorgui Dieng,C,30.0,TOT,47.0,17.0,791.0,7.5,16.7,0.449,2.8,7.3,0.382,4.7,9.5,0.5,2.8,3.5,0.797,4.4,10.9,15.3,3.5,2.3,2.5,2.7,5.4,20.6,0.0,113.0,106.0
159,Gorgui Dieng,C,30.0,MIN,46.0,17.0,778.0,7.4,16.6,0.448,2.8,7.2,0.383,4.7,9.4,0.497,2.8,3.5,0.797,4.4,11.0,15.4,3.5,2.2,2.5,2.6,5.3,20.5,0.0,113.0,106.0
160,Gorgui Dieng,C,30.0,MEM,1.0,0.0,13.0,10.7,21.5,0.5,3.6,10.7,0.333,7.2,10.7,0.667,0.0,0.0,0.0,3.6,7.2,10.7,7.2,7.2,3.6,3.6,7.2,25.1,0.0,112.0,95.0
161,Spencer Dinwiddie,SG,26.0,BRK,53.0,38.0,1654.0,10.4,24.9,0.417,2.9,9.4,0.309,7.5,15.5,0.482,8.1,10.4,0.775,0.8,4.5,5.3,10.0,1.0,0.5,4.1,4.3,31.8,0.0,110.0,111.0
162,Donte DiVincenzo,SG,23.0,MIL,49.0,20.0,1124.0,7.0,15.3,0.456,2.5,7.3,0.344,4.5,8.0,0.558,1.8,2.4,0.776,2.0,7.4,9.4,4.4,3.0,0.6,2.4,3.3,18.3,0.0,110.0,100.0
163,Luka Doncic,PG,20.0,DAL,44.0,44.0,1443.0,14.1,30.3,0.465,4.4,13.5,0.323,9.8,16.9,0.579,10.3,13.5,0.765,2.1,12.1,14.2,12.9,1.5,0.2,6.2,3.6,42.9,0.0,118.0,109.0
164,Luguentz Dort,SG,20.0,OKC,19.0,11.0,393.0,4.8,12.0,0.402,1.7,5.8,0.298,3.1,6.2,0.5,2.0,2.7,0.727,1.2,2.1,3.3,1.5,1.7,0.1,1.5,6.6,13.4,0.0,100.0,112.0
165,Damyean Dotson,SG,25.0,NYK,45.0,0.0,783.0,7.0,16.6,0.423,3.4,9.4,0.358,3.7,7.2,0.509,1.4,2.0,0.688,0.5,4.5,5.0,3.3,1.3,0.2,1.2,2.5,18.8,0.0,110.0,115.0
166,Sekou Doumbouya,SF,19.0,DET,29.0,17.0,571.0,6.3,15.9,0.395,2.0,6.4,0.307,4.3,9.4,0.455,2.3,3.3,0.711,1.4,6.9,8.3,0.9,1.5,0.6,2.7,5.2,16.8,0.0,90.0,112.0
167,PJ Dozier,PG,23.0,DEN,15.0,0.0,221.0,7.6,18.6,0.41,1.6,5.8,0.269,6.0,12.7,0.474,1.6,2.5,0.636,1.1,5.6,6.7,5.8,1.6,1.1,2.5,6.0,18.3,0.0,98.0,109.0
168,Goran Dragic,PG,33.0,MIA,43.0,1.0,1217.0,9.5,21.2,0.447,3.9,10.1,0.384,5.6,11.1,0.504,5.0,6.7,0.749,0.8,4.4,5.2,8.7,1.0,0.3,4.4,3.2,27.8,0.0,110.0,112.0
169,Andre Drummond,C,26.0,TOT,51.0,50.0,1705.0,10.7,20.3,0.528,0.1,0.7,0.12,10.6,19.6,0.543,4.4,7.6,0.581,6.8,16.3,23.1,4.1,2.8,2.4,5.3,5.1,25.9,0.0,104.0,102.0
170,Andre Drummond,C,26.0,DET,49.0,48.0,1654.0,10.7,20.1,0.53,0.0,0.6,0.048,10.6,19.5,0.546,4.4,7.5,0.584,6.7,16.3,22.9,4.1,2.9,2.4,5.2,5.2,25.8,0.0,105.0,102.0
171,Andre Drummond,C,26.0,CLE,2.0,2.0,51.0,12.4,25.7,0.481,1.9,3.8,0.5,10.5,21.9,0.478,4.8,9.5,0.5,11.4,16.2,27.6,3.8,1.9,2.9,8.6,2.9,31.4,0.0,96.0,107.0
172,Jared Dudley,SF,34.0,LAL,36.0,1.0,297.0,3.2,7.7,0.417,2.6,5.3,0.485,0.6,2.4,0.267,0.3,0.3,1.0,0.8,5.6,6.4,2.9,1.8,0.5,1.0,5.8,9.3,0.0,121.0,108.0
173,Kris Dunn,PG,25.0,CHI,51.0,32.0,1269.0,5.8,13.0,0.444,1.1,4.2,0.259,4.7,8.7,0.535,1.5,2.0,0.741,0.9,6.2,7.1,6.6,3.8,0.6,2.6,6.0,14.1,0.0,104.0,105.0
174,Carsen Edwards,SG,21.0,BOS,32.0,0.0,296.0,5.4,16.8,0.32,3.1,10.1,0.306,2.3,6.7,0.341,1.8,2.1,0.846,0.8,5.9,6.7,3.6,1.6,0.5,2.4,4.4,15.7,0.0,91.0,108.0
175,Henry Ellenson,PF,23.0,BRK,5.0,0.0,15.0,3.2,22.1,0.143,0.0,12.6,0.0,3.2,9.5,0.333,0.0,0.0,0.0,6.3,12.6,18.9,3.2,0.0,0.0,0.0,3.2,6.3,0.0,59.0,109.0
176,Wayne Ellington,SG,32.0,NYK,28.0,1.0,429.0,5.4,15.2,0.358,4.2,12.1,0.346,1.2,3.1,0.407,1.2,1.5,0.846,0.5,4.8,5.2,3.2,1.2,0.2,1.7,3.2,16.3,0.0,104.0,115.0
177,Joel Embiid,C,25.0,PHI,39.0,39.0,1188.0,11.8,25.3,0.466,2.1,6.2,0.336,9.7,19.1,0.509,10.7,13.2,0.806,4.2,14.7,18.9,5.1,1.3,2.2,4.8,5.5,36.4,0.0,113.0,102.0
179,James Ennis,SF,29.0,TOT,51.0,0.0,806.0,6.2,14.1,0.443,2.3,6.5,0.349,4.0,7.6,0.524,3.1,4.0,0.776,3.1,6.3,9.4,2.5,1.4,0.8,2.0,5.2,17.9,0.0,113.0,108.0
180,James Ennis,SF,29.0,PHI,49.0,0.0,776.0,6.2,14.1,0.442,2.3,6.6,0.349,3.9,7.5,0.525,3.0,3.8,0.787,3.0,6.4,9.4,2.6,1.4,0.9,1.9,5.3,17.8,0.0,113.0,108.0
181,James Ennis,SF,29.0,ORL,2.0,0.0,30.0,6.5,14.7,0.444,1.6,4.9,0.333,4.9,9.8,0.5,6.5,9.8,0.667,4.9,4.9,9.8,1.6,0.0,0.0,3.3,3.3,21.3,0.0,108.0,114.0
182,Drew Eubanks,PF,22.0,SAS,8.0,0.0,42.0,11.5,17.2,0.667,0.0,0.0,0.0,11.5,17.2,0.667,3.4,3.4,1.0,6.9,12.6,19.5,2.3,0.0,1.1,5.7,5.7,26.3,0.0,116.0,114.0
183,Jacob Evans,SG,22.0,TOT,28.0,1.0,415.0,5.2,15.3,0.338,1.5,4.4,0.342,3.7,10.9,0.337,2.9,3.3,0.862,1.0,3.7,4.7,3.6,1.3,1.4,2.9,4.7,14.7,0.0,86.0,115.0
184,Jacob Evans,SG,22.0,GSW,27.0,1.0,414.0,5.2,15.3,0.338,1.5,4.4,0.342,3.7,11.0,0.337,2.9,3.3,0.862,1.0,3.7,4.7,3.6,1.3,1.4,2.9,4.7,14.8,0.0,86.0,115.0
185,Jacob Evans,SG,22.0,MIN,1.0,0.0,1.0,0.0,0.0,0.0,0.0,0.0,0.0,0.0,0.0,0.0,0.0,0.0,0.0,0.0,0.0,0.0,0.0,0.0,0.0,0.0,0.0,0.0,0.0,0.0,120.0
186,Dante Exum,SG,24.0,TOT,32.0,1.0,430.0,5.5,12.2,0.454,1.2,4.1,0.306,4.3,8.1,0.528,2.9,4.1,0.722,1.0,5.4,6.4,4.4,1.5,0.6,3.3,3.8,15.2,0.0,102.0,115.0
187,Dante Exum,SG,24.0,UTA,11.0,0.0,83.0,5.9,13.5,0.435,1.2,3.5,0.333,4.7,9.9,0.471,1.2,1.2,1.0,1.8,5.3,7.0,4.1,0.6,1.2,5.9,4.7,14.0,0.0,83.0,110.0
188,Dante Exum,SG,24.0,CLE,21.0,1.0,347.0,5.5,11.9,0.459,1.3,4.2,0.3,4.2,7.7,0.545,3.4,4.8,0.706,0.8,5.5,6.3,4.5,1.7,0.4,2.7,3.6,15.5,0.0,107.0,116.0
189,Tacko Fall,C,24.0,BOS,6.0,0.0,24.0,18.1,24.2,0.75,0.0,0.0,0.0,18.1,24.2,0.75,2.0,6.0,0.333,0.0,22.1,22.1,0.0,0.0,4.0,6.0,10.1,38.2,0.0,98.0,97.0
190,Derrick Favors,C,28.0,NOP,35.0,33.0,839.0,8.3,13.2,0.628,0.1,0.3,0.2,8.2,12.9,0.637,1.8,2.9,0.604,6.2,13.0,19.2,3.5,1.1,2.0,2.6,4.4,18.4,0.0,125.0,108.0
191,Cristiano Felicio,PF,27.0,CHI,15.0,0.0,267.0,4.3,7.0,0.615,0.0,0.4,0.0,4.3,6.7,0.649,2.5,3.2,0.778,6.8,5.9,12.8,1.8,1.1,0.2,2.2,4.5,11.2,0.0,130.0,112.0
192,Terrance Ferguson,SF,21.0,OKC,40.0,36.0,1004.0,3.2,8.3,0.386,2.0,6.4,0.311,1.2,1.9,0.641,0.5,0.6,0.769,1.0,2.1,3.2,1.8,1.1,0.6,1.3,6.2,8.9,0.0,101.0,113.0
193,Bruno Fernando,C,21.0,ATL,45.0,11.0,550.0,6.5,12.9,0.507,0.3,2.6,0.129,6.2,10.2,0.603,2.0,3.3,0.615,4.7,8.1,12.8,3.2,1.3,1.4,3.4,7.4,15.4,0.0,103.0,113.0
194,Yogi Ferrell,PG,26.0,SAC,42.0,0.0,467.0,7.0,17.2,0.409,2.0,6.9,0.288,5.0,10.3,0.49,3.1,3.7,0.857,0.6,4.2,4.8,6.0,1.5,0.4,2.4,2.9,19.2,0.0,105.0,114.0
195,Dorian Finney-Smith,PF,26.0,DAL,55.0,52.0,1635.0,5.5,11.9,0.461,2.7,6.9,0.382,2.8,5.0,0.572,1.8,2.5,0.723,3.3,5.8,9.2,2.5,1.1,0.9,1.6,3.8,15.4,0.0,122.0,113.0
196,Bryn Forbes,SG,26.0,SAS,54.0,53.0,1367.0,7.3,17.9,0.407,4.4,11.6,0.376,2.9,6.3,0.464,2.1,2.5,0.831,0.4,3.5,3.9,3.6,1.0,0.0,1.7,3.5,21.0,0.0,108.0,118.0
197,Evan Fournier,SG,27.0,ORL,54.0,54.0,1713.0,10.2,22.0,0.462,4.1,10.1,0.408,6.0,11.9,0.507,4.4,5.3,0.828,0.3,3.8,4.1,4.9,1.7,0.3,3.2,3.8,28.9,0.0,111.0,111.0
198,De'Aaron Fox,PG,22.0,SAC,36.0,34.0,1135.0,11.0,23.6,0.468,1.5,5.0,0.304,9.5,18.6,0.512,7.0,10.3,0.681,1.1,5.4,6.5,10.9,2.3,0.9,5.1,4.4,30.5,0.0,108.0,111.0
199,Melvin Frazier,SG,23.0,ORL,14.0,0.0,48.0,6.1,17.4,0.353,4.1,7.2,0.571,2.0,10.2,0.2,2.0,4.1,0.5,1.0,3.1,4.1,1.0,4.1,2.0,2.0,8.2,18.4,0.0,91.0,103.0
200,Michael Frazier,SG,25.0,HOU,7.0,0.0,60.0,2.3,7.0,0.333,1.5,5.4,0.286,0.8,1.5,0.5,3.1,4.6,0.667,0.8,1.5,2.3,0.8,1.5,0.0,1.5,8.5,9.3,0.0,98.0,114.0
201,Tim Frazier,PG,29.0,DET,27.0,11.0,355.0,4.7,13.0,0.362,1.4,4.1,0.333,3.3,8.8,0.375,2.6,3.3,0.792,1.2,3.3,4.6,12.8,1.9,0.6,5.0,5.8,13.4,0.0,99.0,113.0
202,Markelle Fultz,PG,21.0,ORL,54.0,49.0,1523.0,8.5,18.2,0.465,0.9,3.2,0.27,7.6,15.0,0.508,2.9,3.9,0.75,0.8,5.3,6.1,8.6,2.3,0.3,3.5,3.3,20.7,0.0,104.0,109.0
203,Wenyen Gabriel,PF,22.0,TOT,18.0,1.0,118.0,4.9,12.7,0.387,0.8,4.9,0.167,4.1,7.8,0.526,2.9,4.9,0.583,2.9,4.9,7.8,1.6,2.0,1.6,2.9,7.0,13.5,0.0,90.0,112.0
204,Wenyen Gabriel,PF,22.0,SAC,11.0,0.0,61.0,4.8,13.6,0.353,0.8,6.4,0.125,4.0,7.2,0.556,4.8,8.0,0.6,3.2,4.8,8.0,2.4,2.4,1.6,4.0,5.6,15.2,0.0,87.0,110.0
205,Wenyen Gabriel,PF,22.0,POR,7.0,1.0,57.0,5.0,11.7,0.429,0.8,3.3,0.25,4.2,8.3,0.5,0.8,1.7,0.5,2.5,5.0,7.5,0.8,1.7,1.7,1.7,8.3,11.7,0.0,96.0,113.0
206,Daniel Gafford,C,21.0,CHI,33.0,4.0,420.0,7.7,11.5,0.67,0.0,0.0,0.0,7.7,11.5,0.67,2.3,4.4,0.526,4.5,4.5,8.9,1.6,1.0,4.8,2.1,6.9,17.6,0.0,124.0,107.0
208,Danilo Gallinari,PF,31.0,OKC,46.0,46.0,1410.0,9.3,21.4,0.437,4.7,11.7,0.404,4.6,9.6,0.477,7.0,7.8,0.898,1.1,8.1,9.2,3.7,1.0,0.1,2.1,1.9,30.4,0.0,120.0,110.0
209,Langston Galloway,SG,28.0,DET,57.0,6.0,1480.0,6.6,15.3,0.432,3.7,9.5,0.395,2.8,5.8,0.491,2.2,2.5,0.857,0.9,3.2,4.1,2.9,1.4,0.3,1.1,2.6,19.1,0.0,118.0,115.0
210,Darius Garland,PG,20.0,CLE,53.0,53.0,1616.0,7.4,18.8,0.394,2.9,8.2,0.352,4.5,10.6,0.426,1.8,2.1,0.87,0.7,2.3,3.0,6.1,1.1,0.1,4.2,2.5,19.5,0.0,95.0,120.0
211,Marc Gasol,C,35.0,TOR,35.0,35.0,974.0,4.8,11.3,0.424,2.5,6.1,0.403,2.4,5.3,0.449,1.3,1.8,0.722,1.4,9.7,11.1,6.0,1.4,1.6,2.1,5.0,13.3,0.0,113.0,104.0
212,Rudy Gay,PF,33.0,SAS,51.0,5.0,1072.0,7.9,18.1,0.439,2.2,6.8,0.318,5.8,11.3,0.512,3.8,4.4,0.866,1.9,10.2,12.2,3.9,0.9,1.0,3.1,3.2,21.8,0.0,104.0,113.0
213,Paul George,SF,29.0,LAC,33.0,33.0,986.0,11.5,26.8,0.428,5.3,13.3,0.396,6.2,13.5,0.459,6.8,7.5,0.899,0.7,9.1,9.8,6.3,2.1,0.8,4.8,3.9,35.0,0.0,109.0,105.0
214,Taj Gibson,C,34.0,NYK,52.0,46.0,857.0,7.7,13.4,0.572,0.2,0.6,0.273,7.5,12.8,0.587,1.6,2.3,0.7,5.3,7.4,12.7,2.7,1.3,1.3,2.3,6.1,17.1,0.0,118.0,112.0
215,Harry Giles,PF,21.0,SAC,28.0,7.0,349.0,9.8,17.9,0.547,0.0,0.0,0.0,9.8,17.9,0.547,2.4,2.9,0.81,3.4,10.2,13.6,4.6,2.0,1.3,3.5,9.0,22.0,0.0,109.0,108.0
216,Shai Gilgeous-Alexander,SG,21.0,OKC,54.0,54.0,1918.0,9.7,20.8,0.466,1.7,4.9,0.351,8.0,15.9,0.501,5.7,7.1,0.809,1.0,7.4,8.4,4.3,1.6,0.9,2.6,2.3,26.8,0.0,110.0,109.0
217,Rudy Gobert,C,27.0,UTA,52.0,52.0,1797.0,8.4,12.2,0.689,0.0,0.0,0.0,8.4,12.2,0.689,5.1,8.4,0.613,5.2,15.3,20.5,2.1,0.9,2.7,2.8,4.3,21.9,0.0,130.0,102.0
218,Brandon Goodwin,PG,24.0,ATL,26.0,1.0,355.0,8.3,20.8,0.396,3.0,9.6,0.315,5.2,11.3,0.465,3.1,3.1,1.0,1.3,6.9,8.3,5.2,1.4,0.5,3.3,4.7,22.7,0.0,100.0,115.0
219,Aaron Gordon,PF,24.0,ORL,49.0,49.0,1580.0,8.1,19.1,0.424,1.9,6.1,0.308,6.2,13.1,0.479,3.5,5.2,0.675,2.6,8.5,11.2,4.8,1.2,0.7,2.4,3.0,21.6,0.0,104.0,109.0
220,Eric Gordon,SG,31.0,HOU,28.0,12.0,823.0,7.9,21.1,0.374,4.6,13.9,0.332,3.3,7.2,0.457,3.7,5.0,0.73,0.4,2.8,3.2,2.3,1.0,0.6,1.6,3.1,24.0,0.0,105.0,115.0
221,Devonte' Graham,PG,24.0,CHO,54.0,44.0,1901.0,8.2,21.6,0.379,5.0,13.3,0.374,3.2,8.3,0.388,4.3,5.3,0.811,1.1,4.1,5.1,11.0,1.3,0.4,4.1,2.7,25.6,0.0,109.0,116.0
222,Treveon Graham,SG,26.0,TOT,45.0,20.0,784.0,4.2,12.0,0.347,1.5,6.0,0.25,2.7,6.1,0.441,2.0,2.7,0.733,2.0,5.2,7.2,1.8,1.2,0.3,1.4,4.8,11.8,0.0,96.0,115.0
223,Treveon Graham,SG,26.0,MIN,33.0,20.0,663.0,4.4,12.3,0.354,1.4,5.9,0.241,3.0,6.5,0.457,1.9,2.6,0.73,2.0,5.0,7.0,2.1,1.2,0.1,1.3,4.7,12.1,0.0,97.0,115.0
224,Treveon Graham,SG,26.0,ATL,12.0,0.0,121.0,3.1,10.4,0.296,1.9,6.5,0.294,1.2,3.8,0.3,2.3,3.1,0.75,1.9,6.2,8.1,0.4,1.2,1.2,1.5,5.8,10.4,0.0,90.0,115.0
225,Jerami Grant,PF,25.0,DEN,54.0,21.0,1424.0,7.5,16.1,0.468,2.5,6.4,0.397,5.0,9.7,0.514,3.6,4.9,0.73,1.7,5.2,6.9,2.1,1.2,1.7,1.6,4.0,21.2,0.0,115.0,110.0
226,Josh Gray,PG,26.0,NOP,2.0,0.0,23.0,2.0,4.0,0.5,0.0,0.0,0.0,2.0,4.0,0.5,0.0,0.0,0.0,2.0,2.0,4.0,4.0,0.0,0.0,10.1,2.0,4.0,0.0,47.0,120.0
227,Danny Green,SG,32.0,LAL,52.0,52.0,1299.0,5.8,13.9,0.422,3.6,9.6,0.378,2.2,4.2,0.522,1.2,1.6,0.727,1.4,5.2,6.6,2.5,2.4,0.9,1.7,4.1,16.5,0.0,111.0,107.0
228,Draymond Green,PF,29.0,GSW,41.0,41.0,1194.0,4.8,12.4,0.388,1.4,5.0,0.288,3.4,7.4,0.457,2.5,3.3,0.759,0.9,9.5,10.4,10.2,2.3,1.3,3.8,4.2,13.6,0.0,100.0,110.0
229,JaMychal Green,PF,29.0,LAC,45.0,0.0,932.0,5.1,12.6,0.402,3.1,8.6,0.359,2.0,4.1,0.494,1.5,2.0,0.725,3.2,11.2,14.4,1.7,1.1,0.9,2.0,5.9,14.7,0.0,109.0,106.0
231,Javonte Green,SF,26.0,BOS,41.0,1.0,375.0,6.2,12.1,0.511,0.8,3.0,0.261,5.4,9.1,0.592,3.0,4.6,0.639,2.1,6.8,8.9,2.7,2.8,0.6,2.1,4.6,16.1,0.0,112.0,104.0
232,Jeff Green,PF,33.0,UTA,30.0,2.0,553.0,6.6,17.1,0.385,3.0,9.1,0.327,3.6,8.0,0.451,4.3,5.5,0.778,1.2,5.9,7.1,1.8,1.1,0.9,2.4,4.0,20.5,0.0,101.0,109.0
233,Blake Griffin,PF,30.0,DET,18.0,18.0,512.0,8.4,23.9,0.352,2.6,10.6,0.243,5.8,13.3,0.439,7.3,9.4,0.776,1.6,6.4,8.0,5.6,0.7,0.7,3.8,2.6,26.7,0.0,97.0,114.0
234,Marko Guduric,SG,24.0,MEM,33.0,0.0,434.0,5.7,14.8,0.384,2.3,7.6,0.296,3.4,7.2,0.478,2.3,2.5,0.913,1.3,5.4,6.6,4.3,1.2,0.8,3.6,3.3,15.9,0.0,93.0,113.0
235,Kyle Guy,SG,22.0,SAC,2.0,0.0,4.0,12.2,24.5,0.5,0.0,12.2,0.0,12.2,12.2,1.0,0.0,0.0,0.0,0.0,0.0,0.0,0.0,0.0,0.0,0.0,0.0,24.5,0.0,99.0,120.0
236,Rui Hachimura,PF,21.0,WAS,30.0,30.0,864.0,9.3,19.2,0.487,0.7,3.0,0.236,8.6,16.2,0.533,3.1,3.7,0.826,2.5,7.2,9.7,2.5,1.2,0.3,1.5,3.6,22.4,0.0,111.0,117.0
237,Devon Hall,SG,24.0,OKC,5.0,0.0,20.0,2.4,12.2,0.2,0.0,4.9,0.0,2.4,7.3,0.333,7.3,9.8,0.75,0.0,2.4,2.4,7.3,0.0,0.0,2.4,2.4,12.2,0.0,86.0,116.0
238,Tim Hardaway,SG,27.0,DAL,52.0,39.0,1424.0,9.1,21.1,0.433,4.9,12.2,0.403,4.2,9.0,0.473,3.1,3.8,0.811,0.7,4.6,5.3,3.5,1.1,0.1,1.6,3.1,26.3,0.0,116.0,115.0
239,James Harden,SG,30.0,HOU,51.0,51.0,1891.0,12.7,29.0,0.437,5.7,16.0,0.358,6.9,13.0,0.535,13.0,15.0,0.869,1.3,6.8,8.2,9.2,2.0,1.2,5.6,4.3,44.1,0.0,121.0,109.0
240,Maurice Harkless,SF,26.0,TOT,51.0,38.0,1166.0,4.6,9.0,0.509,1.1,3.1,0.355,3.5,6.0,0.588,1.0,1.7,0.571,1.9,6.3,8.3,2.0,2.0,1.2,1.9,4.9,11.2,0.0,109.0,106.0
241,Maurice Harkless,SF,26.0,LAC,50.0,38.0,1141.0,4.6,8.9,0.516,1.1,3.0,0.37,3.5,5.9,0.59,1.0,1.7,0.571,1.9,6.3,8.2,2.0,2.0,1.2,1.9,4.9,11.3,0.0,109.0,106.0
242,Maurice Harkless,SF,26.0,NYK,1.0,0.0,25.0,3.9,13.6,0.286,0.0,5.8,0.0,3.9,7.8,0.5,0.0,0.0,0.0,1.9,7.8,9.7,3.9,1.9,0.0,0.0,3.9,7.8,0.0,84.0,112.0
243,Jared Harper,PG,22.0,PHO,3.0,0.0,8.0,5.9,23.6,0.25,0.0,11.8,0.0,5.9,11.8,0.5,0.0,0.0,0.0,0.0,0.0,0.0,0.0,0.0,0.0,0.0,0.0,11.8,0.0,54.0,119.0
244,Montrezl Harrell,C,26.0,LAC,53.0,2.0,1489.0,12.9,22.4,0.576,0.0,0.5,0.0,12.9,21.9,0.589,5.5,8.7,0.63,4.4,7.2,11.6,2.9,1.0,1.8,3.0,3.9,31.3,0.0,117.0,107.0
245,Gary Harris,SG,25.0,DEN,46.0,45.0,1476.0,5.9,14.7,0.4,1.8,6.2,0.299,4.0,8.6,0.473,2.1,2.5,0.829,0.7,3.7,4.5,3.3,2.0,0.4,1.6,3.3,15.7,0.0,102.0,111.0
246,Joe Harris,SF,28.0,BRK,52.0,52.0,1634.0,7.8,16.8,0.468,3.6,8.9,0.408,4.2,7.8,0.537,1.5,2.0,0.743,1.4,5.1,6.5,3.2,1.0,0.4,2.1,3.4,20.8,0.0,112.0,111.0
247,Tobias Harris,PF,27.0,PHI,55.0,55.0,1884.0,10.5,22.2,0.472,2.5,6.9,0.363,8.0,15.3,0.522,3.3,4.2,0.802,1.0,8.6,9.5,4.3,1.0,0.8,2.1,3.2,26.9,0.0,111.0,108.0
248,Shaquille Harrison,SF,26.0,CHI,33.0,4.0,253.0,7.8,17.7,0.441,1.3,4.0,0.333,6.5,13.7,0.472,4.4,5.9,0.742,1.5,7.0,8.6,5.9,3.2,1.3,2.3,5.3,21.3,0.0,109.0,105.0
249,Josh Hart,SF,24.0,NOP,47.0,13.0,1324.0,6.1,14.4,0.424,3.4,9.7,0.355,2.7,4.7,0.567,2.0,2.6,0.76,1.6,8.9,10.5,2.6,1.8,0.7,1.9,4.3,17.6,0.0,111.0,111.0
250,Isaiah Hartenstein,C,21.0,HOU,23.0,2.0,266.0,7.7,11.7,0.657,0.0,0.9,0.0,7.7,10.8,0.71,3.3,4.9,0.679,5.1,10.6,15.7,3.1,1.6,2.1,2.8,7.1,18.6,0.0,128.0,106.0
251,Udonis Haslem,PF,39.0,MIA,2.0,0.0,11.0,4.5,4.5,1.0,0.0,0.0,0.0,4.5,4.5,1.0,13.4,17.8,0.75,0.0,13.4,13.4,0.0,0.0,0.0,0.0,13.4,22.3,0.0,191.0,110.0
252,Jaxson Hayes,C,19.0,NOP,51.0,12.0,919.0,7.6,11.5,0.661,0.1,0.2,0.25,7.5,11.2,0.668,5.4,8.6,0.629,4.1,7.0,11.1,2.4,1.1,2.6,2.0,6.8,20.6,0.0,131.0,111.0
254,Gordon Hayward,SF,29.0,BOS,36.0,36.0,1179.0,10.0,19.4,0.514,2.3,5.9,0.393,7.6,13.4,0.567,3.1,3.5,0.872,1.6,8.1,9.7,6.0,1.1,0.7,2.6,2.6,25.3,0.0,120.0,108.0
255,John Henson,PF,29.0,TOT,32.0,2.0,453.0,7.5,13.9,0.538,0.6,3.3,0.194,6.9,10.6,0.646,1.9,3.6,0.529,3.8,9.9,13.6,4.7,1.8,3.9,2.6,6.1,17.6,0.0,113.0,109.0
256,John Henson,PF,29.0,CLE,29.0,2.0,412.0,7.2,14.1,0.508,0.7,3.7,0.194,6.5,10.5,0.618,2.0,3.9,0.515,3.8,9.7,13.4,5.1,1.9,3.8,2.5,6.5,17.1,0.0,112.0,109.0
257,John Henson,PF,29.0,DET,3.0,0.0,41.0,10.7,11.9,0.9,0.0,0.0,0.0,10.7,11.9,0.9,1.2,1.2,1.0,3.6,11.9,15.5,1.2,1.2,4.8,3.6,2.4,22.7,0.0,135.0,105.0
258,Dewan Hernandez,C,23.0,TOR,4.0,0.0,11.0,4.3,21.7,0.2,0.0,4.3,0.0,4.3,17.4,0.25,8.7,8.7,1.0,8.7,21.7,30.4,0.0,4.3,0.0,4.3,26.1,17.4,0.0,80.0,90.0
259,Juan Hernangomez,PF,24.0,TOT,37.0,3.0,512.0,5.1,13.9,0.366,2.0,7.1,0.284,3.1,6.8,0.451,2.4,3.6,0.658,2.9,7.9,10.8,2.5,0.7,0.6,1.8,3.5,14.5,0.0,100.0,111.0
260,Juan Hernangomez,PF,24.0,DEN,34.0,0.0,422.0,4.4,12.9,0.345,1.8,7.0,0.25,2.7,5.9,0.46,1.9,2.9,0.64,2.8,8.3,11.1,2.6,0.6,0.6,2.1,3.4,12.5,0.0,95.0,111.0
261,Juan Hernangomez,PF,24.0,MIN,3.0,3.0,90.0,7.8,18.2,0.429,3.1,7.3,0.429,4.7,10.9,0.429,4.7,6.8,0.692,3.1,6.2,9.3,2.1,1.0,0.5,0.5,4.2,23.4,0.0,120.0,114.0
262,Willy Hernangomez,C,25.0,CHO,24.0,0.0,254.0,10.4,19.8,0.525,1.0,3.9,0.25,9.4,15.9,0.593,5.1,9.0,0.565,5.9,11.0,16.9,3.1,1.2,1.0,4.3,5.5,26.9,0.0,106.0,111.0
263,Tyler Herro,SG,20.0,MIA,46.0,6.0,1273.0,8.4,20.4,0.414,3.8,9.7,0.393,4.6,10.7,0.433,2.5,3.0,0.835,0.5,6.6,7.2,3.5,1.1,0.3,2.8,2.2,23.2,0.0,100.0,111.0
264,Kevin Hervey,PF,23.0,OKC,6.0,0.0,13.0,0.0,18.8,0.0,0.0,15.0,0.0,0.0,3.8,0.0,0.0,0.0,0.0,0.0,7.5,7.5,3.8,0.0,0.0,0.0,3.8,0.0,0.0,13.0,113.0
265,Mario Hezonja,PF,24.0,POR,39.0,4.0,633.0,4.5,11.7,0.385,1.1,4.0,0.283,3.4,7.7,0.437,3.0,3.7,0.816,1.7,8.9,10.6,2.3,1.8,0.5,2.2,6.5,13.2,0.0,99.0,112.0
266,Buddy Hield,SG,27.0,SAC,54.0,44.0,1805.0,10.9,25.2,0.431,5.6,14.5,0.385,5.3,10.6,0.494,2.5,3.0,0.83,1.4,5.9,7.3,4.7,1.2,0.4,3.6,3.7,29.9,0.0,106.0,113.0
267,George Hill,PG,33.0,MIL,44.0,0.0,928.0,7.5,13.9,0.541,3.3,6.4,0.511,4.2,7.5,0.566,2.7,3.3,0.821,2.0,4.6,6.5,6.5,1.6,0.2,2.1,3.1,21.1,0.0,134.0,105.0
268,Solomon Hill,SF,28.0,MEM,48.0,3.0,901.0,5.0,12.0,0.412,2.9,7.6,0.381,2.1,4.4,0.465,1.3,2.0,0.684,1.2,6.2,7.4,4.9,1.6,0.4,2.1,3.8,14.2,0.0,109.0,112.0
269,Jaylen Hoard,SF,20.0,POR,13.0,0.0,103.0,6.9,14.8,0.469,0.0,1.4,0.0,6.9,13.4,0.517,3.7,6.0,0.615,6.5,8.3,14.8,1.8,2.3,0.0,1.8,5.5,17.5,0.0,112.0,112.0
270,Aaron Holiday,PG,23.0,IND,49.0,19.0,1117.0,7.9,19.1,0.415,3.2,7.8,0.413,4.7,11.2,0.416,2.1,2.4,0.87,0.8,3.9,4.7,7.3,1.5,0.5,2.7,3.8,21.1,0.0,105.0,111.0
271,Jrue Holiday,SG,29.0,NOP,45.0,45.0,1557.0,10.2,23.2,0.441,2.7,7.8,0.347,7.5,15.4,0.488,2.8,3.9,0.72,1.7,4.6,6.3,8.6,2.3,1.2,3.9,2.8,26.0,0.0,106.0,111.0
272,Justin Holiday,SG,30.0,IND,55.0,2.0,1395.0,5.5,12.7,0.434,3.5,8.4,0.417,2.0,4.3,0.467,1.4,1.8,0.788,1.0,5.5,6.5,2.8,2.0,1.2,1.0,3.5,15.9,0.0,117.0,108.0
273,Rondae Hollis-Jefferson,SF,25.0,TOR,43.0,3.0,841.0,6.9,14.4,0.476,0.1,0.9,0.125,6.8,13.5,0.5,4.7,6.4,0.726,4.8,7.2,12.0,4.3,2.3,1.0,2.3,5.2,18.5,0.0,115.0,104.0
274,Richaun Holmes,C,26.0,SAC,37.0,33.0,1087.0,9.2,13.9,0.66,0.0,0.0,0.0,9.2,13.9,0.66,3.4,4.2,0.817,5.1,9.0,14.1,1.7,1.8,2.3,2.1,6.5,21.8,0.0,133.0,108.0
275,Rodney Hood,SF,27.0,POR,21.0,21.0,619.0,6.7,13.2,0.506,2.7,5.5,0.493,4.0,7.8,0.515,1.6,2.1,0.778,0.8,4.8,5.5,2.5,1.3,0.3,1.5,3.5,17.7,0.0,121.0,116.0
276,Al Horford,C,33.0,PHI,50.0,49.0,1543.0,7.7,17.4,0.44,2.3,6.9,0.327,5.4,10.5,0.515,1.3,1.8,0.732,2.4,8.1,10.5,6.1,1.4,1.4,1.6,3.3,18.9,0.0,113.0,107.0
277,Talen Horton-Tucker,SG,19.0,LAL,2.0,0.0,5.0,0.0,9.5,0.0,0.0,9.5,0.0,0.0,0.0,0.0,0.0,0.0,0.0,0.0,0.0,0.0,19.1,9.5,0.0,0.0,0.0,0.0,0.0,93.0,95.0
279,Danuel House,SF,26.0,HOU,48.0,37.0,1487.0,5.4,12.9,0.421,3.1,8.4,0.375,2.3,4.5,0.507,1.9,2.4,0.789,1.6,5.1,6.7,1.9,1.7,0.8,1.3,3.1,15.9,0.0,115.0,111.0
280,Dwight Howard,C,34.0,LAL,53.0,2.0,1049.0,7.7,10.4,0.738,0.1,0.2,0.6,7.6,10.2,0.741,3.3,7.1,0.468,6.4,12.4,18.8,1.6,1.0,3.1,3.0,7.8,18.8,0.0,125.0,103.0
281,William Howard,SG,26.0,HOU,2.0,0.0,13.0,0.0,14.3,0.0,0.0,14.3,0.0,0.0,0.0,0.0,0.0,0.0,0.0,0.0,7.1,7.1,3.6,0.0,0.0,3.6,3.6,0.0,0.0,14.0,115.0
282,Kevin Huerter,SG,21.0,ATL,45.0,37.0,1364.0,6.9,16.4,0.418,3.5,9.0,0.392,3.3,7.4,0.45,1.6,1.9,0.825,0.9,5.4,6.3,5.2,1.3,0.7,2.5,3.7,18.8,0.0,106.0,116.0
283,De'Andre Hunter,SF,22.0,ATL,53.0,52.0,1674.0,6.6,16.0,0.41,2.4,7.0,0.345,4.1,9.0,0.46,2.4,3.2,0.759,0.8,5.0,5.8,2.7,1.1,0.4,2.4,4.1,18.0,0.0,98.0,117.0
284,Chandler Hutchison,SF,23.0,CHI,28.0,10.0,527.0,7.3,16.0,0.457,1.1,3.5,0.316,6.2,12.5,0.496,4.2,7.1,0.59,1.6,8.2,9.9,2.4,2.5,0.6,2.5,4.3,19.9,0.0,101.0,107.0
285,Serge Ibaka,C,30.0,TOR,44.0,21.0,1197.0,11.5,21.9,0.526,2.2,5.4,0.404,9.3,16.5,0.566,3.2,4.3,0.738,3.6,10.5,14.1,2.4,1.0,1.5,3.4,4.8,28.4,0.0,110.0,104.0
286,Andre Iguodala,SG,36.0,MIA,3.0,0.0,63.0,3.9,7.0,0.556,2.3,5.4,0.429,1.6,1.6,1.0,0.0,0.0,0.0,3.9,8.6,12.4,5.4,0.8,0.8,3.1,5.4,10.1,0.0,124.0,110.0
287,Ersan Ilyasova,PF,32.0,MIL,50.0,7.0,810.0,7.5,15.9,0.472,2.5,6.6,0.373,5.0,9.2,0.543,3.4,4.1,0.836,3.2,11.0,14.2,2.5,1.1,0.8,1.6,4.4,20.9,0.0,120.0,102.0
288,Joe Ingles,SF,32.0,UTA,54.0,34.0,1628.0,5.6,13.0,0.433,3.2,8.1,0.396,2.4,4.9,0.497,1.7,2.1,0.789,0.6,5.9,6.5,8.4,1.5,0.2,3.0,3.4,16.2,0.0,114.0,109.0
289,Brandon Ingram,PF,22.0,NOP,47.0,47.0,1601.0,11.6,24.5,0.473,3.4,8.5,0.4,8.2,16.0,0.513,7.2,8.4,0.862,1.2,7.5,8.7,5.8,1.3,1.0,4.1,3.9,33.9,0.0,114.0,112.0
290,Kyrie Irving,PG,27.0,BRK,20.0,20.0,658.0,14.3,29.9,0.478,4.0,10.2,0.394,10.3,19.7,0.522,6.8,7.3,0.922,1.6,5.8,7.4,9.2,1.9,0.7,3.7,3.8,39.4,0.0,119.0,108.0
291,Jonathan Isaac,SF,22.0,ORL,32.0,32.0,949.0,7.7,16.7,0.463,1.6,4.7,0.33,6.2,12.0,0.515,2.9,3.8,0.767,2.9,8.5,11.5,2.3,2.6,4.0,2.4,4.1,19.9,0.0,105.0,101.0
292,Wesley Iwundu,SF,25.0,ORL,41.0,15.0,749.0,4.5,11.7,0.382,1.3,4.1,0.323,3.1,7.6,0.414,3.5,4.3,0.818,1.4,5.5,6.9,2.9,1.6,0.7,1.1,3.9,13.8,0.0,109.0,110.0
293,Frank Jackson,PG,21.0,NOP,43.0,1.0,576.0,7.2,17.8,0.403,2.6,8.2,0.314,4.6,9.6,0.479,3.5,4.6,0.772,1.2,3.3,4.5,2.9,1.2,0.3,3.1,4.9,20.4,0.0,98.0,116.0
294,Jaren Jackson,C,20.0,MEM,52.0,52.0,1463.0,10.2,21.8,0.468,4.2,10.5,0.397,6.0,11.3,0.534,3.8,5.0,0.747,1.7,6.2,7.9,2.3,1.1,2.8,2.9,6.7,28.3,0.0,109.0,110.0
295,Josh Jackson,SG,22.0,MEM,7.0,0.0,123.0,5.7,15.5,0.366,1.1,6.8,0.167,4.5,8.7,0.522,3.4,4.9,0.692,1.9,8.3,10.2,2.3,2.3,0.4,3.8,3.8,15.9,0.0,84.0,109.0
296,Justin Jackson,PF,24.0,DAL,49.0,2.0,788.0,6.7,17.0,0.394,2.5,8.2,0.301,4.2,8.7,0.482,1.8,2.1,0.853,1.4,5.9,7.2,2.0,0.6,0.4,0.7,3.3,17.6,0.0,107.0,115.0
297,Reggie Jackson,PG,29.0,DET,14.0,10.0,381.0,9.8,25.4,0.384,4.0,10.5,0.378,5.8,14.9,0.388,3.3,4.2,0.788,1.4,3.9,5.3,9.3,1.0,0.1,3.0,2.7,26.9,0.0,106.0,116.0
298,Justin James,SG,23.0,SAC,31.0,0.0,216.0,7.5,17.7,0.423,2.0,5.9,0.346,5.4,11.8,0.462,2.3,4.8,0.476,1.4,5.4,6.8,3.6,1.4,2.0,1.8,3.6,19.2,0.0,100.0,111.0
300,LeBron James,PG,35.0,LAL,51.0,51.0,1779.0,13.1,26.8,0.489,2.9,8.5,0.345,10.2,18.3,0.556,5.1,7.4,0.687,1.4,9.3,10.7,14.8,1.8,0.6,5.5,2.4,34.2,0.0,115.0,106.0
301,Amile Jefferson,PF,26.0,ORL,18.0,0.0,74.0,3.3,9.3,0.357,0.0,0.0,0.0,3.3,9.3,0.357,3.3,9.3,0.357,6.6,8.6,15.3,2.7,0.7,2.0,2.0,4.6,10.0,0.0,94.0,108.0
302,DaQuan Jeffries,SG,22.0,SAC,6.0,0.0,19.0,7.7,18.0,0.429,2.6,10.3,0.25,5.1,7.7,0.667,0.0,0.0,0.0,2.6,0.0,2.6,2.6,2.6,0.0,0.0,7.7,18.0,0.0,114.0,114.0
303,Ty Jerome,PG,22.0,PHO,21.0,0.0,247.0,6.1,16.3,0.376,2.1,6.7,0.314,4.0,9.6,0.42,1.7,2.3,0.75,1.1,5.5,6.7,7.1,2.7,0.6,2.7,4.4,16.1,0.0,98.0,110.0
304,Alize Johnson,SF,23.0,IND,11.0,0.0,46.0,7.4,14.9,0.5,0.0,0.0,0.0,7.4,14.9,0.5,4.2,6.4,0.667,6.4,9.6,15.9,2.1,0.0,0.0,1.1,6.4,19.1,0.0,121.0,112.0
305,B.J. Johnson,SF,24.0,ORL,8.0,0.0,46.0,5.3,19.2,0.278,1.1,6.4,0.167,4.3,12.8,0.333,2.1,2.1,1.0,1.1,5.3,6.4,2.1,2.1,0.0,3.2,0.0,13.9,0.0,69.0,110.0
306,Cameron Johnson,PF,23.0,PHO,42.0,1.0,832.0,6.3,15.3,0.411,4.1,10.6,0.39,2.2,4.7,0.458,1.7,2.3,0.75,2.0,4.9,6.9,2.6,1.4,0.7,1.5,3.3,18.5,0.0,112.0,113.0
307,James Johnson,PF,32.0,TOT,21.0,1.0,361.0,6.6,14.6,0.45,2.8,7.4,0.382,3.8,7.3,0.519,1.5,2.7,0.55,1.6,7.4,9.0,4.6,1.5,2.3,3.2,5.9,17.5,0.0,102.0,108.0
308,James Johnson,PF,32.0,MIA,18.0,0.0,281.0,6.8,15.2,0.448,2.8,7.8,0.356,4.0,7.3,0.548,1.4,2.4,0.571,1.4,7.7,9.1,3.7,1.0,2.3,2.6,5.9,17.8,0.0,103.0,108.0
309,James Johnson,PF,32.0,MIN,3.0,1.0,80.0,5.8,12.9,0.455,2.9,5.8,0.5,2.9,7.0,0.417,1.8,3.5,0.5,2.3,6.4,8.8,7.6,2.9,2.3,5.3,5.8,16.4,0.0,101.0,107.0
310,Keldon Johnson,SF,20.0,SAS,4.0,0.0,12.0,8.0,20.0,0.4,0.0,0.0,0.0,8.0,20.0,0.4,0.0,0.0,0.0,0.0,12.0,12.0,0.0,0.0,0.0,0.0,0.0,16.0,0.0,81.0,116.0
311,Stanley Johnson,PF,23.0,TOR,17.0,0.0,84.0,4.6,15.9,0.286,1.1,6.8,0.167,3.4,9.1,0.375,1.7,2.3,0.75,1.7,8.5,10.2,3.4,1.7,1.1,4.6,4.6,11.9,0.0,70.0,104.0
312,Tyler Johnson,SG,27.0,PHO,31.0,3.0,515.0,6.0,15.7,0.38,2.2,7.6,0.289,3.8,8.1,0.466,2.2,2.9,0.75,0.9,3.9,4.8,4.6,1.1,0.7,2.2,3.9,16.3,0.0,98.0,114.0
313,Nikola Jokic,C,24.0,DEN,55.0,55.0,1789.0,12.1,23.4,0.518,1.9,5.7,0.329,10.3,17.7,0.579,5.2,6.4,0.81,3.7,11.8,15.5,10.5,1.8,1.0,4.6,4.7,31.3,0.0,119.0,105.0
314,Damian Jones,C,24.0,ATL,51.0,27.0,850.0,6.5,9.4,0.686,0.1,0.4,0.25,6.3,9.0,0.707,3.4,4.6,0.738,3.9,6.7,10.6,1.8,1.4,2.1,1.5,7.6,16.4,0.0,138.0,113.0
315,Derrick Jones,SF,22.0,MIA,40.0,6.0,988.0,6.1,12.4,0.494,1.4,4.9,0.286,4.7,7.5,0.629,3.7,4.7,0.779,2.0,6.3,8.3,1.8,2.0,1.4,1.2,4.4,17.3,0.0,120.0,108.0
316,Tyus Jones,PG,23.0,MEM,54.0,6.0,1018.0,7.1,15.2,0.468,1.6,4.0,0.386,5.6,11.2,0.498,1.3,1.6,0.778,0.3,3.6,3.9,11.1,2.1,0.3,2.1,1.6,17.1,0.0,117.0,113.0
317,DeAndre Jordan,C,31.0,BRK,45.0,4.0,958.0,7.4,11.1,0.67,0.0,0.0,0.0,7.4,11.1,0.67,3.2,4.5,0.696,5.3,16.7,22.0,4.3,0.8,2.3,3.1,4.3,18.0,0.0,127.0,102.0
318,Cory Joseph,PG,28.0,SAC,54.0,21.0,1338.0,4.9,11.9,0.409,1.5,4.3,0.342,3.4,7.6,0.447,1.4,1.8,0.813,1.2,4.1,5.2,6.8,1.4,0.7,2.2,3.7,12.6,0.0,107.0,114.0
319,Mfiondu Kabengele,C,22.0,LAC,12.0,0.0,64.0,10.3,23.5,0.438,6.6,14.7,0.45,3.7,8.8,0.417,3.7,3.7,1.0,0.7,7.3,8.1,1.5,1.5,1.5,1.5,6.6,30.8,0.0,119.0,106.0
320,Frank Kaminsky,C,26.0,PHO,32.0,13.0,718.0,8.4,18.4,0.455,2.6,7.4,0.348,5.8,11.0,0.527,3.9,5.8,0.67,2.0,8.4,10.4,4.7,0.9,0.7,2.2,4.5,23.2,0.0,111.0,112.0
321,Enes Kanter,C,27.0,BOS,41.0,6.0,763.0,10.2,17.3,0.588,0.1,0.4,0.143,10.1,16.9,0.599,3.4,4.9,0.692,7.7,13.7,21.3,2.6,1.1,2.2,2.7,4.7,23.9,0.0,124.0,102.0
323,Luke Kennard,SG,23.0,DET,28.0,25.0,922.0,8.0,18.2,0.442,3.9,9.7,0.399,4.1,8.4,0.491,3.6,4.0,0.893,0.5,4.7,5.2,6.1,0.6,0.3,2.3,3.5,23.5,0.0,117.0,116.0
324,Stanton Kidd,SF,27.0,UTA,4.0,0.0,15.0,0.0,9.7,0.0,0.0,3.2,0.0,0.0,6.5,0.0,0.0,0.0,0.0,0.0,9.7,9.7,3.2,0.0,0.0,6.5,9.7,0.0,0.0,13.0,111.0
325,Michael Kidd-Gilchrist,PF,26.0,CHO,12.0,0.0,160.0,5.6,16.5,0.34,1.6,5.3,0.294,4.0,11.2,0.361,2.2,2.8,0.778,2.8,8.1,10.9,3.1,0.0,0.9,2.2,5.6,14.9,0.0,91.0,116.0
326,Louis King,SF,20.0,DET,10.0,0.0,62.0,6.3,16.6,0.381,3.2,8.7,0.364,3.2,7.9,0.4,0.0,2.4,0.0,0.8,7.1,7.9,3.9,1.6,0.0,1.6,7.9,15.8,0.0,93.0,113.0
327,Maxi Kleber,C,28.0,DAL,54.0,15.0,1347.0,6.1,13.3,0.458,3.1,8.2,0.379,3.0,5.1,0.586,2.2,2.5,0.897,3.1,7.1,10.2,2.0,0.5,2.1,1.4,4.3,17.5,0.0,125.0,112.0
328,Brandon Knight,PG,28.0,TOT,17.0,0.0,254.0,5.5,17.2,0.322,3.8,13.0,0.294,1.7,4.2,0.409,0.8,2.5,0.308,0.6,3.3,3.8,5.9,1.1,0.4,3.8,4.0,15.7,0.0,86.0,118.0
329,Brandon Knight,PG,28.0,CLE,16.0,0.0,241.0,5.6,17.3,0.326,3.8,12.9,0.297,1.8,4.4,0.409,0.8,2.6,0.308,0.6,3.4,4.0,6.2,1.0,0.4,3.2,4.0,15.9,0.0,89.0,119.0
330,Brandon Knight,PG,28.0,DET,1.0,0.0,13.0,3.8,15.1,0.25,3.8,15.1,0.25,0.0,0.0,0.0,0.0,0.0,0.0,0.0,0.0,0.0,0.0,3.8,0.0,15.1,3.8,11.3,0.0,35.0,112.0
331,Kevin Knox,SF,20.0,NYK,54.0,4.0,988.0,6.2,16.8,0.368,2.8,8.6,0.326,3.4,8.2,0.413,2.8,4.2,0.651,1.0,6.7,7.7,2.5,1.0,1.0,1.7,4.1,18.0,0.0,99.0,114.0
332,John Konchar,SG,23.0,MEM,6.0,0.0,34.0,4.1,6.8,0.6,0.0,2.7,0.0,4.1,4.1,1.0,1.4,1.4,1.0,0.0,2.7,2.7,4.1,0.0,0.0,0.0,1.4,9.6,0.0,146.0,118.0
333,Furkan Korkmaz,SG,22.0,PHI,54.0,12.0,1151.0,7.9,18.0,0.437,4.4,11.3,0.392,3.4,6.7,0.513,1.6,2.2,0.712,0.6,4.5,5.1,2.2,1.2,0.5,1.6,3.1,21.7,0.0,109.0,110.0
334,Luke Kornet,C,24.0,CHI,35.0,13.0,544.0,7.1,16.2,0.437,2.7,9.3,0.286,4.4,6.9,0.641,1.8,2.5,0.714,1.9,5.5,7.4,2.7,0.9,2.3,1.1,4.5,18.6,0.0,111.0,110.0
335,Kyle Korver,SF,38.0,MIL,47.0,0.0,782.0,5.8,13.8,0.418,4.5,11.0,0.407,1.3,2.8,0.458,1.5,1.8,0.839,0.7,5.0,5.7,3.2,1.2,0.6,2.3,3.6,17.6,0.0,110.0,105.0
336,Rodions Kurucs,PF,21.0,BRK,32.0,4.0,424.0,6.4,12.9,0.491,2.8,6.0,0.463,3.6,6.9,0.516,1.6,2.5,0.636,1.8,6.8,8.6,3.2,1.4,0.2,3.6,6.4,17.1,0.0,104.0,109.0
337,Kyle Kuzma,PF,24.0,LAL,44.0,6.0,1086.0,9.0,20.5,0.437,2.8,8.5,0.332,6.2,12.0,0.511,3.6,4.8,0.743,1.8,6.7,8.5,2.5,0.7,0.8,3.1,3.5,24.3,0.0,103.0,110.0
338,Skal Labissiere,C,23.0,POR,33.0,1.0,567.0,6.8,12.3,0.551,0.3,1.1,0.231,6.5,11.2,0.582,2.1,2.8,0.758,5.5,8.7,14.2,3.5,0.6,2.6,2.5,7.5,15.9,0.0,120.0,112.0
339,Jeremy Lamb,SG,27.0,IND,44.0,42.0,1261.0,8.3,18.0,0.46,2.1,6.0,0.344,6.2,12.1,0.518,3.3,3.9,0.842,0.9,6.7,7.6,3.6,2.0,0.8,1.9,4.0,21.9,0.0,109.0,108.0
340,Romeo Langford,SG,20.0,BOS,18.0,1.0,184.0,5.0,10.2,0.487,1.1,3.9,0.267,3.9,6.3,0.625,3.2,4.2,0.75,1.6,3.2,4.7,0.8,1.3,1.6,1.3,4.5,14.2,0.0,115.0,109.0
341,Zach LaVine,SG,24.0,CHI,55.0,55.0,1898.0,12.2,27.3,0.448,4.3,11.1,0.385,8.0,16.2,0.491,6.5,7.9,0.824,1.0,5.8,6.7,5.8,2.0,0.6,4.6,3.0,35.3,0.0,108.0,110.0
342,Vic Law,SF,24.0,ORL,3.0,0.0,4.0,0.0,24.5,0.0,0.0,12.3,0.0,0.0,12.3,0.0,0.0,24.5,0.0,0.0,0.0,0.0,0.0,0.0,0.0,0.0,0.0,0.0,0.0,0.0,117.0
343,Jake Layman,PF,25.0,MIN,14.0,2.0,369.0,7.7,16.7,0.462,2.4,6.8,0.352,5.3,9.9,0.538,0.8,1.3,0.6,1.5,3.7,5.2,1.4,1.5,1.3,2.3,3.9,18.6,0.0,99.0,113.0
344,T.J. Leaf,PF,22.0,IND,22.0,1.0,180.0,7.6,17.9,0.424,1.4,3.8,0.357,6.2,14.1,0.442,1.6,2.7,0.6,5.4,10.9,16.3,1.6,1.9,0.8,1.6,4.6,18.2,0.0,103.0,106.0
346,Jalen Lecque,PG,19.0,PHO,4.0,0.0,26.0,7.3,18.2,0.4,0.0,7.3,0.0,7.3,10.9,0.667,3.6,3.6,1.0,0.0,0.0,0.0,3.6,0.0,0.0,1.8,3.6,18.2,0.0,94.0,119.0
347,Courtney Lee,SG,34.0,DAL,14.0,4.0,142.0,7.6,13.4,0.564,4.5,8.2,0.542,3.1,5.2,0.6,0.0,0.0,0.0,0.7,2.4,3.1,1.7,1.4,1.0,1.0,4.5,19.6,0.0,135.0,114.0
348,Damion Lee,SG,27.0,GSW,39.0,26.0,1090.0,7.0,17.0,0.413,2.5,7.1,0.356,4.5,9.8,0.455,3.9,4.5,0.882,1.3,7.0,8.3,4.2,1.7,0.1,2.3,4.0,20.5,0.0,107.0,114.0
349,Alex Len,C,26.0,ATL,40.0,9.0,745.0,8.9,16.2,0.546,0.9,3.5,0.25,8.0,12.7,0.627,3.2,5.1,0.63,4.3,10.1,14.4,2.6,1.2,2.1,2.4,5.8,21.8,0.0,115.0,112.0
350,Kawhi Leonard,SF,28.0,LAC,41.0,41.0,1318.0,13.8,29.7,0.466,3.1,8.3,0.379,10.7,21.4,0.499,8.9,9.9,0.892,1.5,9.4,10.8,7.8,2.7,1.0,4.5,2.7,39.6,0.0,115.0,103.0
351,Meyers Leonard,C,27.0,MIA,49.0,49.0,987.0,5.8,11.1,0.52,2.5,5.9,0.429,3.2,5.2,0.625,0.8,1.3,0.654,1.3,11.0,12.3,2.6,0.6,0.7,1.7,5.1,14.9,0.0,117.0,109.0
352,Caris LeVert,SG,25.0,BRK,28.0,14.0,763.0,9.8,24.2,0.404,2.5,6.8,0.376,7.2,17.5,0.415,4.3,6.1,0.707,1.5,4.7,6.3,6.2,1.6,0.3,4.6,3.1,26.5,0.0,96.0,110.0
353,Damian Lillard,PG,29.0,POR,54.0,54.0,1996.0,12.1,26.3,0.46,5.1,12.8,0.393,7.0,13.4,0.524,8.8,9.9,0.889,0.7,4.9,5.6,10.2,1.2,0.4,3.8,2.2,38.0,0.0,125.0,116.0
354,Nassir Little,PF,19.0,POR,39.0,5.0,496.0,5.3,12.3,0.43,1.2,4.9,0.255,4.0,7.4,0.545,2.5,3.7,0.667,2.8,6.7,9.5,1.7,1.0,1.3,1.4,5.9,14.3,0.0,108.0,114.0
355,Kevon Looney,C,23.0,GSW,15.0,3.0,176.0,4.9,13.8,0.353,0.3,1.9,0.143,4.6,11.9,0.386,1.6,2.4,0.667,6.0,6.5,12.5,3.0,1.9,1.1,1.9,6.8,11.7,0.0,95.0,112.0
356,Brook Lopez,C,31.0,MIL,52.0,51.0,1391.0,6.7,15.6,0.429,2.4,7.9,0.298,4.3,7.7,0.564,2.4,2.9,0.828,1.1,6.6,7.6,2.8,1.2,4.4,1.7,4.0,18.1,0.0,107.0,99.0
357,Robin Lopez,C,31.0,MIL,50.0,2.0,684.0,7.2,14.4,0.5,1.3,4.7,0.282,5.9,9.7,0.607,1.5,2.9,0.535,3.0,5.5,8.5,2.2,0.5,2.3,2.7,3.8,17.3,0.0,104.0,104.0
358,Kevin Love,PF,31.0,CLE,46.0,46.0,1439.0,9.2,20.3,0.457,4.0,10.6,0.38,5.2,9.7,0.54,4.9,5.7,0.853,1.4,13.8,15.2,4.7,0.9,0.5,3.8,2.5,27.4,0.0,112.0,113.0
359,Kyle Lowry,PG,33.0,TOR,43.0,43.0,1569.0,7.8,18.6,0.42,3.7,10.5,0.357,4.1,8.1,0.502,6.3,7.4,0.855,0.8,5.4,6.2,10.0,1.6,0.5,3.8,4.2,25.7,0.0,117.0,107.0
360,Timothe Luwawu-Cabarrot,SG,24.0,BRK,28.0,0.0,423.0,5.1,12.5,0.411,2.7,6.8,0.393,2.5,5.7,0.431,3.4,4.2,0.789,1.3,5.3,6.6,1.6,1.5,0.3,2.3,5.4,16.3,0.0,105.0,110.0
361,Trey Lyles,PF,24.0,SAS,54.0,44.0,993.0,5.4,12.5,0.434,2.2,6.2,0.354,3.2,6.3,0.511,1.1,1.6,0.688,3.1,11.7,14.7,2.7,0.9,1.1,1.6,3.9,14.1,0.0,111.0,112.0
362,Daryl Macon,SG,24.0,MIA,4.0,0.0,14.0,3.5,10.5,0.333,3.5,7.0,0.5,0.0,3.5,0.0,0.0,0.0,0.0,0.0,0.0,0.0,3.5,0.0,0.0,7.0,3.5,10.5,0.0,65.0,118.0
363,J.P. Macura,SG,24.0,CLE,1.0,0.0,1.0,0.0,0.0,0.0,0.0,0.0,0.0,0.0,0.0,0.0,0.0,0.0,0.0,0.0,0.0,0.0,0.0,0.0,0.0,0.0,0.0,0.0,0.0,0.0,124.0
364,Josh Magette,PG,30.0,ORL,8.0,0.0,38.0,6.5,19.4,0.333,1.3,5.2,0.25,5.2,14.2,0.364,1.3,2.6,0.5,1.3,6.5,7.8,6.5,3.9,1.3,6.5,5.2,15.5,0.0,71.0,103.0
365,Ian Mahinmi,C,33.0,WAS,33.0,30.0,725.0,6.2,12.3,0.503,0.3,1.5,0.208,5.9,10.7,0.545,4.1,6.5,0.634,4.6,8.3,12.9,2.8,1.5,2.8,2.8,6.4,16.8,0.0,111.0,112.0
367,Thon Maker,C,22.0,DET,52.0,11.0,662.0,5.8,11.4,0.513,1.3,3.8,0.333,4.6,7.6,0.602,5.0,7.5,0.667,3.6,6.7,10.2,2.4,1.5,2.4,3.0,6.4,18.0,0.0,114.0,110.0
368,Terance Mann,SG,23.0,LAC,33.0,6.0,270.0,3.8,9.2,0.415,0.5,2.1,0.25,3.3,7.1,0.463,1.6,2.1,0.75,0.7,5.0,5.7,6.6,1.4,0.9,2.4,6.3,9.7,0.0,102.0,109.0
369,Boban Marjanovic,C,31.0,DAL,28.0,1.0,255.0,12.6,23.1,0.545,0.6,1.7,0.333,12.0,21.4,0.563,5.2,7.1,0.73,6.9,14.7,21.6,2.1,0.8,1.0,3.8,7.5,31.0,0.0,115.0,108.0
370,Lauri Markkanen,PF,22.0,CHI,46.0,46.0,1395.0,8.0,19.0,0.424,3.5,10.1,0.344,4.6,8.8,0.516,4.2,5.1,0.826,2.0,8.3,10.3,2.4,1.3,0.8,2.7,3.2,23.8,0.0,107.0,110.0
371,Caleb Martin,SF,24.0,CHO,8.0,1.0,99.0,4.0,12.6,0.32,1.0,4.0,0.25,3.0,8.6,0.353,2.0,3.5,0.571,1.0,5.5,6.5,2.5,1.5,1.0,2.0,6.5,11.1,0.0,82.0,114.0
372,Cody Martin,SF,24.0,CHO,37.0,1.0,591.0,5.1,11.9,0.433,1.2,4.5,0.259,4.0,7.3,0.54,2.5,3.8,0.667,2.4,6.4,8.8,4.2,2.3,0.5,2.1,4.8,14.0,0.0,107.0,112.0
373,Jeremiah Martin,PG,23.0,BRK,2.0,0.0,11.0,4.3,17.2,0.25,0.0,0.0,0.0,4.3,17.2,0.25,0.0,0.0,0.0,0.0,4.3,4.3,4.3,4.3,0.0,0.0,0.0,8.6,0.0,68.0,105.0
374,Kelan Martin,SF,24.0,MIN,22.0,4.0,370.0,6.3,16.5,0.382,2.3,8.6,0.265,4.0,8.0,0.508,1.5,1.5,1.0,0.9,8.2,9.1,1.3,0.8,0.9,1.5,5.1,16.4,0.0,94.0,113.0
375,Frank Mason,PG,25.0,MIL,4.0,0.0,18.0,2.5,17.7,0.143,2.5,10.1,0.25,0.0,7.6,0.0,5.1,10.1,0.5,2.5,2.5,5.1,12.7,2.5,0.0,2.5,5.1,12.7,0.0,86.0,104.0
376,Garrison Mathews,SG,23.0,WAS,16.0,0.0,202.0,5.3,11.5,0.46,4.2,9.7,0.429,1.2,1.8,0.625,6.7,7.4,0.906,1.4,3.9,5.3,2.3,0.7,0.2,1.6,6.0,21.5,0.0,139.0,120.0
377,Wesley Matthews,SG,33.0,MIL,51.0,51.0,1253.0,4.7,11.7,0.406,3.0,8.1,0.371,1.7,3.6,0.485,1.5,1.9,0.774,0.4,4.2,4.6,2.6,1.1,0.3,1.3,2.8,14.0,0.0,109.0,106.0
378,Patrick McCaw,SF,24.0,TOR,31.0,11.0,747.0,3.8,8.8,0.438,1.3,3.7,0.362,2.5,5.1,0.494,0.8,1.0,0.75,1.0,3.3,4.3,4.5,2.1,0.3,1.6,3.1,9.8,0.0,110.0,108.0
379,CJ McCollum,SG,28.0,POR,52.0,52.0,1856.0,11.3,25.3,0.446,3.6,9.4,0.383,7.7,15.9,0.484,2.2,3.0,0.75,0.8,4.4,5.2,5.0,1.0,0.8,2.3,3.4,28.4,0.0,108.0,117.0
380,T.J. McConnell,PG,27.0,IND,53.0,3.0,1016.0,7.9,15.1,0.524,0.2,0.6,0.308,7.7,14.5,0.533,1.4,1.7,0.829,1.3,5.5,6.8,13.3,1.9,0.5,3.6,2.7,17.5,0.0,115.0,109.0
381,Jalen McDaniels,PF,22.0,CHO,5.0,0.0,65.0,7.7,12.3,0.625,3.1,5.4,0.571,4.6,6.9,0.667,2.3,2.3,1.0,1.5,7.7,9.2,0.8,2.3,0.0,0.0,3.8,20.7,0.0,158.0,112.0
382,Doug McDermott,PF,28.0,IND,55.0,0.0,1134.0,9.3,19.1,0.485,4.6,10.3,0.442,4.7,8.7,0.537,1.6,1.9,0.8,0.9,5.2,6.1,2.6,0.3,0.2,1.4,4.1,24.6,0.0,117.0,114.0
383,JaVale McGee,C,32.0,LAL,51.0,51.0,858.0,8.8,13.7,0.644,0.2,0.3,0.5,8.7,13.4,0.647,2.4,3.7,0.642,5.4,11.0,16.4,1.8,1.4,4.5,2.2,6.7,20.2,0.0,127.0,101.0
384,Rodney McGruder,SG,28.0,LAC,42.0,3.0,701.0,3.7,9.7,0.379,1.3,4.9,0.26,2.4,4.8,0.5,0.9,1.7,0.5,1.7,6.5,8.2,1.9,1.5,0.5,1.3,4.4,9.5,0.0,97.0,108.0
385,Alfonzo McKinnie,SF,27.0,CLE,37.0,1.0,531.0,5.8,13.9,0.414,1.1,5.4,0.203,4.7,8.5,0.548,1.8,2.7,0.69,2.8,6.5,9.3,1.2,1.9,0.5,2.1,5.9,14.5,0.0,97.0,115.0
386,Jordan McLaughlin,PG,23.0,MIN,19.0,1.0,362.0,6.5,14.2,0.455,2.2,6.5,0.34,4.3,7.7,0.55,1.3,1.9,0.667,0.4,3.7,4.1,9.4,2.5,0.3,1.8,2.2,16.4,0.0,119.0,112.0
388,Ben McLemore,SG,26.0,HOU,54.0,18.0,1276.0,6.8,15.5,0.436,4.9,12.9,0.381,1.9,2.7,0.699,1.6,2.1,0.759,0.6,3.7,4.3,1.8,1.2,0.4,1.5,4.0,20.0,0.0,116.0,114.0
389,Jordan McRae,SG,28.0,TOT,31.0,4.0,679.0,9.3,22.2,0.419,2.9,7.6,0.382,6.4,14.6,0.439,4.6,6.0,0.77,1.2,6.3,7.5,5.9,1.4,1.1,2.6,4.3,26.1,0.0,107.0,116.0
390,Jordan McRae,SG,28.0,WAS,29.0,4.0,654.0,9.5,22.6,0.42,2.9,7.6,0.377,6.6,15.0,0.441,4.6,5.9,0.771,1.2,6.2,7.4,5.8,1.4,1.1,2.7,4.3,26.4,0.0,106.0,116.0
391,Jordan McRae,SG,28.0,DEN,2.0,0.0,25.0,4.0,9.9,0.4,4.0,7.9,0.5,0.0,2.0,0.0,5.9,7.9,0.75,2.0,7.9,9.9,7.9,2.0,2.0,0.0,4.0,17.8,0.0,159.0,106.0
392,Nicolo Melli,C,29.0,NOP,42.0,6.0,656.0,6.4,14.0,0.455,3.3,8.9,0.373,3.0,5.1,0.597,2.1,2.8,0.769,1.7,6.6,8.3,3.3,1.7,0.8,2.1,5.8,18.2,0.0,115.0,112.0
393,De'Anthony Melton,PG,21.0,MEM,41.0,0.0,755.0,7.3,16.6,0.439,1.3,4.7,0.273,6.0,11.8,0.505,4.3,5.1,0.831,1.7,7.5,9.2,7.5,3.3,0.8,3.7,4.5,20.1,0.0,106.0,107.0
394,Chimezie Metu,PF,22.0,SAS,15.0,0.0,64.0,12.0,21.8,0.552,0.0,0.0,0.0,12.0,21.8,0.552,4.5,6.0,0.75,6.8,10.5,17.3,3.8,0.8,3.0,2.3,2.3,28.6,0.0,121.0,111.0
395,Khris Middleton,SF,28.0,MIL,47.0,44.0,1389.0,11.5,22.9,0.501,3.7,8.5,0.438,7.8,14.4,0.539,4.8,5.4,0.902,1.2,8.3,9.5,6.6,1.5,0.2,3.1,3.3,31.6,0.0,120.0,103.0
396,Eric Mika,PF,25.0,SAC,1.0,0.0,19.0,5.1,7.7,0.667,0.0,0.0,0.0,5.1,7.7,0.667,5.1,5.1,1.0,5.1,12.9,18.0,0.0,0.0,0.0,0.0,12.9,15.4,0.0,173.0,113.0
397,C.J. Miles,SG,32.0,WAS,10.0,0.0,161.0,5.5,17.1,0.322,3.2,10.1,0.314,2.3,6.9,0.333,4.3,5.8,0.75,1.2,2.3,3.5,3.5,2.9,1.2,1.2,4.1,18.5,0.0,103.0,115.0
398,Malcolm Miller,SF,26.0,TOR,22.0,1.0,117.0,2.9,8.6,0.333,2.0,6.5,0.313,0.8,2.0,0.4,0.4,2.5,0.167,0.4,5.3,5.7,3.3,1.6,0.8,1.2,4.5,8.2,0.0,90.0,107.0
399,Patty Mills,PG,31.0,SAS,54.0,1.0,1245.0,8.3,19.2,0.435,5.0,12.9,0.39,3.3,6.3,0.524,2.7,3.3,0.826,0.7,2.6,3.3,4.0,1.7,0.2,1.8,3.0,24.5,0.0,115.0,116.0
400,Paul Millsap,PF,34.0,DEN,35.0,32.0,855.0,8.5,17.9,0.476,2.1,4.9,0.44,6.4,13.0,0.489,5.4,6.3,0.853,4.0,8.0,12.0,3.2,1.8,1.3,2.4,5.6,24.5,0.0,120.0,107.0
401,Shake Milton,SG,23.0,PHI,22.0,8.0,328.0,7.1,16.5,0.429,2.8,8.4,0.333,4.3,8.1,0.527,3.4,4.4,0.767,0.9,5.8,6.6,4.9,1.3,0.1,3.4,6.1,20.4,0.0,103.0,109.0
402,Donovan Mitchell,SG,23.0,UTA,53.0,53.0,1825.0,12.7,27.8,0.457,3.4,9.4,0.363,9.3,18.3,0.505,5.5,6.3,0.861,1.0,5.1,6.1,6.0,1.6,0.3,3.8,3.4,34.3,0.0,110.0,109.0
403,Naz Mitrou-Long,SG,26.0,IND,3.0,0.0,43.0,6.8,18.2,0.375,2.3,12.5,0.182,4.5,5.7,0.8,0.0,0.0,0.0,0.0,6.8,6.8,8.0,1.1,1.1,2.3,1.1,15.9,0.0,94.0,110.0
404,Adam Mokoka,SG,21.0,CHI,6.0,0.0,22.0,13.1,32.8,0.4,6.6,15.3,0.429,6.6,17.5,0.375,0.0,4.4,0.0,8.7,0.0,8.7,0.0,2.2,0.0,0.0,2.2,32.8,0.0,103.0,114.0
405,Malik Monk,SG,21.0,CHO,52.0,0.0,1086.0,9.0,20.5,0.438,2.4,8.5,0.285,6.6,12.0,0.548,3.3,4.0,0.816,1.1,5.6,6.7,4.9,1.1,0.7,3.3,3.1,23.7,0.0,102.0,115.0
406,Matt Mooney,SG,22.0,CLE,2.0,0.0,5.0,9.7,19.4,0.5,0.0,9.7,0.0,9.7,9.7,1.0,0.0,0.0,0.0,0.0,9.7,9.7,9.7,0.0,9.7,0.0,9.7,19.4,0.0,122.0,105.0
407,E'Twaun Moore,SG,30.0,NOP,41.0,5.0,821.0,9.0,21.0,0.427,3.1,8.2,0.377,5.9,12.8,0.46,1.4,2.2,0.641,1.5,4.4,5.9,3.5,1.2,0.4,1.7,3.6,22.5,0.0,105.0,115.0
408,Ja Morant,PG,20.0,MEM,48.0,48.0,1435.0,10.4,21.1,0.493,1.2,3.4,0.358,9.2,17.7,0.519,5.4,6.9,0.783,1.0,4.5,5.5,11.0,1.6,0.4,5.0,2.5,27.4,0.0,110.0,113.0
409,Juwan Morgan,PF,22.0,UTA,13.0,0.0,53.0,6.4,11.9,0.538,0.9,3.7,0.25,5.5,8.2,0.667,0.0,0.0,0.0,4.6,8.2,12.8,0.9,0.0,0.9,2.7,5.5,13.7,0.0,107.0,110.0
411,Marcus Morris,SF-PF,30.0,TOT,45.0,45.0,1444.0,9.8,22.2,0.441,4.0,9.2,0.434,5.8,13.0,0.446,5.5,6.7,0.823,1.6,6.5,8.1,2.1,1.2,0.6,2.5,4.5,29.1,0.0,113.0,114.0
412,Marcus Morris,SF,30.0,NYK,43.0,43.0,1387.0,9.9,22.3,0.442,4.1,9.3,0.439,5.8,13.0,0.444,5.7,6.9,0.823,1.7,6.5,8.2,2.1,1.2,0.6,2.6,4.5,29.5,0.0,113.0,114.0
413,Marcus Morris,PF,30.0,LAC,2.0,2.0,57.0,8.2,19.8,0.417,2.5,8.2,0.3,5.8,11.5,0.5,0.0,0.0,0.0,0.8,6.6,7.4,2.5,2.5,0.8,1.6,4.1,18.9,0.0,96.0,106.0
414,Markieff Morris,PF,30.0,DET,44.0,16.0,988.0,8.7,19.3,0.45,3.7,9.4,0.397,5.0,9.9,0.5,3.0,3.9,0.772,1.2,7.4,8.6,3.4,1.3,0.5,3.5,5.2,24.1,0.0,104.0,112.0
415,Monte Morris,PG,24.0,DEN,55.0,8.0,1163.0,8.0,17.4,0.459,2.0,5.0,0.402,6.0,12.4,0.481,1.9,2.3,0.8,0.8,3.3,4.1,8.5,1.7,0.5,1.5,2.2,19.8,0.0,118.0,111.0
416,Johnathan Motley,PF,24.0,LAC,12.0,0.0,41.0,12.6,17.2,0.733,1.1,1.1,1.0,11.5,16.0,0.714,4.6,5.7,0.8,2.3,8.0,10.3,9.2,3.4,0.0,5.7,6.9,30.9,0.0,130.0,103.0
417,Emmanuel Mudiay,PG,23.0,UTA,45.0,1.0,724.0,8.6,18.4,0.467,1.7,4.8,0.361,6.8,13.6,0.505,3.0,4.2,0.726,1.1,6.2,7.3,7.0,1.2,0.6,4.2,4.0,21.9,0.0,104.0,109.0
418,Dejounte Murray,PG,23.0,SAS,50.0,42.0,1228.0,8.3,17.0,0.485,1.1,2.9,0.378,7.2,14.1,0.507,2.7,3.4,0.791,2.3,9.0,11.4,7.8,3.2,0.5,3.7,4.2,20.3,0.0,108.0,109.0
419,Jamal Murray,PG,22.0,DEN,45.0,45.0,1455.0,10.7,23.6,0.454,2.8,8.1,0.345,7.9,15.5,0.511,4.6,5.1,0.894,1.2,4.9,6.0,7.3,1.9,0.4,3.4,2.7,28.8,0.0,111.0,110.0
420,Dzanan Musa,SF,20.0,BRK,35.0,0.0,404.0,5.9,16.3,0.36,1.8,7.6,0.231,4.1,8.7,0.473,3.9,5.1,0.75,2.2,6.1,8.3,3.6,1.5,0.1,3.4,2.9,17.3,0.0,93.0,110.0
421,Mike Muscala,C,28.0,OKC,36.0,0.0,454.0,5.9,15.4,0.385,4.1,11.8,0.345,1.8,3.5,0.515,1.9,2.4,0.818,1.3,7.9,9.2,3.3,0.8,0.9,1.4,4.9,17.8,0.0,111.0,110.0
422,Sviatoslav Mykhailiuk,SF,22.0,DET,47.0,18.0,1037.0,6.5,15.0,0.431,4.5,10.6,0.422,2.0,4.4,0.452,2.3,2.7,0.86,0.6,3.1,3.7,3.6,1.4,0.2,2.2,3.3,19.7,0.0,114.0,115.0
423,Abdel Nader,SF,26.0,OKC,38.0,5.0,574.0,6.5,14.0,0.461,2.5,7.1,0.345,4.0,6.9,0.58,2.9,3.6,0.81,0.8,4.0,4.8,2.0,1.2,1.0,2.6,4.1,18.3,0.0,105.0,111.0
424,Larry Nance,C,27.0,CLE,45.0,7.0,1128.0,7.4,14.0,0.528,1.9,5.6,0.349,5.5,8.5,0.645,1.6,2.4,0.679,3.5,10.6,14.1,3.8,1.6,0.9,2.0,3.0,18.4,0.0,122.0,113.0
425,Shabazz Napier,PG,28.0,TOT,40.0,22.0,934.0,6.3,15.5,0.406,2.7,8.8,0.309,3.6,6.8,0.533,4.1,4.9,0.827,1.0,5.0,6.0,10.1,2.2,0.4,4.3,3.4,19.4,0.0,108.0,112.0
426,Shabazz Napier,PG,28.0,MIN,36.0,22.0,856.0,6.2,15.5,0.403,2.6,8.7,0.296,3.7,6.8,0.54,3.9,4.8,0.818,0.9,5.1,6.0,10.2,2.2,0.4,4.1,3.4,18.9,0.0,108.0,112.0
427,Shabazz Napier,PG,28.0,WAS,4.0,0.0,78.0,7.2,16.1,0.444,4.2,9.6,0.438,3.0,6.6,0.455,5.4,6.0,0.9,1.8,4.2,6.0,9.0,2.4,0.6,5.4,3.6,23.9,0.0,114.0,116.0
428,Raul Neto,PG,27.0,PHI,44.0,2.0,480.0,6.8,15.4,0.438,2.4,6.4,0.381,4.3,9.1,0.478,1.4,1.8,0.778,1.1,3.7,4.8,6.5,2.0,0.5,3.5,3.7,17.3,0.0,102.0,108.0
429,Malik Newman,SG,22.0,CLE,1.0,0.0,4.0,0.0,24.3,0.0,0.0,12.1,0.0,0.0,12.1,0.0,24.3,24.3,1.0,0.0,0.0,0.0,0.0,0.0,0.0,12.1,0.0,24.3,0.0,58.0,124.0
430,Georges Niang,PF,26.0,UTA,48.0,0.0,652.0,7.4,16.2,0.459,4.6,11.1,0.416,2.8,5.1,0.551,1.4,1.6,0.864,0.8,5.7,6.6,2.4,0.9,0.4,1.6,4.2,20.9,0.0,117.0,110.0
431,Nerlens Noel,C,25.0,OKC,45.0,6.0,849.0,8.3,12.2,0.681,0.1,0.2,0.333,8.3,12.1,0.686,3.9,4.9,0.791,4.2,9.2,13.4,2.9,2.8,3.8,2.6,6.5,20.6,0.0,132.0,101.0
432,Zach Norvell,SG,22.0,TOT,5.0,0.0,41.0,3.5,14.0,0.25,3.5,9.3,0.375,0.0,4.7,0.0,1.2,1.2,1.0,0.0,7.0,7.0,3.5,2.3,0.0,3.5,4.7,11.6,0.0,74.0,112.0
433,Zach Norvell,SG,22.0,LAL,2.0,0.0,5.0,0.0,9.5,0.0,0.0,0.0,0.0,0.0,9.5,0.0,0.0,0.0,0.0,0.0,9.5,9.5,0.0,0.0,0.0,0.0,0.0,0.0,0.0,0.0,111.0
434,Zach Norvell,SG,22.0,GSW,3.0,0.0,36.0,4.0,14.6,0.273,4.0,10.6,0.375,0.0,4.0,0.0,1.3,1.3,1.0,0.0,6.6,6.6,4.0,2.7,0.0,4.0,5.3,13.3,0.0,78.0,112.0
435,Jaylen Nowell,SG,20.0,MIN,9.0,0.0,102.0,6.4,17.9,0.359,1.4,9.2,0.15,5.0,8.7,0.579,4.1,4.6,0.9,0.9,3.2,4.1,5.0,0.0,0.5,1.4,2.7,18.3,0.0,103.0,118.0
436,Frank Ntilikina,PG,21.0,NYK,49.0,25.0,1009.0,5.1,13.3,0.382,1.6,5.4,0.304,3.4,7.9,0.436,1.8,2.1,0.864,1.0,4.2,5.2,7.1,2.2,0.8,3.1,5.9,13.6,0.0,99.0,113.0
438,Kendrick Nunn,SG,24.0,MIA,51.0,51.0,1532.0,9.9,22.6,0.439,3.2,9.3,0.341,6.7,13.3,0.507,2.0,2.4,0.829,0.4,4.0,4.4,5.7,1.4,0.3,2.8,3.6,25.0,0.0,103.0,112.0
439,David Nwaba,SF,27.0,BRK,20.0,0.0,268.0,6.5,12.5,0.521,2.1,4.9,0.429,4.4,7.6,0.581,3.2,4.8,0.667,1.4,6.5,7.9,1.4,1.9,2.1,1.4,5.6,18.3,0.0,120.0,106.0
440,Royce O'Neale,PF,26.0,UTA,54.0,47.0,1579.0,3.5,7.9,0.445,2.0,5.0,0.407,1.5,2.9,0.511,0.7,0.9,0.828,0.6,8.0,8.6,4.2,1.2,0.6,1.4,4.8,9.8,0.0,118.0,108.0
441,Kyle O'Quinn,C,29.0,PHI,22.0,1.0,221.0,7.0,14.0,0.5,1.5,4.6,0.333,5.5,9.4,0.581,1.1,2.4,0.455,5.9,11.8,17.7,7.0,0.9,3.7,3.9,6.4,16.6,0.0,111.0,102.0
442,Semi Ojeleye,PF,25.0,BOS,50.0,4.0,745.0,3.3,8.4,0.395,1.8,5.2,0.35,1.5,3.2,0.469,1.4,1.6,0.88,1.3,4.9,6.2,1.8,1.2,0.3,0.6,3.6,9.9,0.0,117.0,110.0
443,Jahlil Okafor,C,24.0,NOP,27.0,9.0,420.0,9.7,15.9,0.611,0.1,0.2,0.5,9.6,15.7,0.613,4.1,6.4,0.638,5.1,7.8,12.9,4.0,0.8,2.1,4.0,6.8,23.6,0.0,116.0,112.0
444,Elie Okobo,PG,22.0,PHO,45.0,3.0,608.0,4.9,12.2,0.401,1.8,5.0,0.359,3.1,7.2,0.43,3.2,4.7,0.672,1.1,4.6,5.7,7.6,1.7,0.3,2.3,3.5,14.8,0.0,110.0,113.0
445,Josh Okogie,SG,21.0,MIN,51.0,17.0,1246.0,5.2,12.6,0.412,1.2,5.0,0.25,4.0,7.7,0.517,4.8,6.1,0.791,2.6,5.7,8.3,3.0,2.2,0.8,2.8,4.1,16.5,0.0,106.0,111.0
446,KZ Okpala,SF,20.0,MIA,5.0,0.0,26.0,5.7,9.4,0.6,0.0,1.9,0.0,5.7,7.5,0.75,1.9,3.8,0.5,1.9,7.5,9.4,1.9,3.8,1.9,1.9,3.8,13.2,0.0,110.0,102.0
447,Victor Oladipo,SG,27.0,IND,7.0,4.0,175.0,7.8,23.7,0.329,2.8,11.4,0.244,5.0,12.3,0.409,3.4,4.2,0.8,1.7,2.2,3.9,5.6,1.1,0.3,3.4,2.5,21.8,0.0,88.0,113.0
448,Kelly Olynyk,C,28.0,MIA,48.0,3.0,934.0,6.3,14.0,0.453,3.1,8.1,0.387,3.2,5.9,0.545,3.1,3.6,0.87,1.7,9.8,11.5,3.7,1.6,0.8,2.7,6.1,19.0,0.0,113.0,107.0
449,Miye Oni,SG,22.0,UTA,3.0,0.0,8.0,0.0,0.0,0.0,0.0,0.0,0.0,0.0,0.0,0.0,0.0,0.0,0.0,0.0,6.1,6.1,0.0,0.0,0.0,6.1,0.0,0.0,0.0,0.0,113.0
450,Cedi Osman,SF,24.0,CLE,54.0,54.0,1560.0,6.8,15.4,0.442,3.1,8.1,0.382,3.7,7.3,0.508,1.4,2.2,0.643,0.8,5.0,5.8,3.9,1.4,0.5,2.4,4.1,18.1,0.0,107.0,117.0
451,Kelly Oubre,SF,24.0,PHO,53.0,52.0,1825.0,9.2,20.2,0.455,2.7,7.6,0.359,6.4,12.6,0.512,4.8,6.1,0.789,1.6,7.4,9.0,2.0,1.7,1.0,2.1,4.7,26.0,0.0,110.0,110.0
452,Tariq Owens,PF,24.0,PHO,3.0,0.0,15.0,3.1,15.7,0.2,0.0,6.3,0.0,3.1,9.4,0.333,6.3,6.3,1.0,6.3,3.1,9.4,0.0,3.1,0.0,0.0,3.1,12.6,0.0,95.0,111.0
453,Jeremy Pargo,PG,33.0,GSW,3.0,0.0,44.0,11.9,23.9,0.5,3.3,7.6,0.429,8.7,16.3,0.533,0.0,1.1,0.0,1.1,2.2,3.3,8.7,1.1,0.0,4.3,8.7,27.1,0.0,103.0,118.0
454,Jabari Parker,PF,24.0,ATL,32.0,23.0,837.0,11.0,21.8,0.504,1.7,6.4,0.27,9.3,15.5,0.601,2.9,4.0,0.736,3.0,7.6,10.6,3.2,2.3,0.8,3.3,5.2,26.7,0.0,106.0,112.0
455,Chandler Parsons,SF,31.0,ATL,5.0,0.0,54.0,4.3,15.5,0.278,3.4,12.1,0.286,0.9,3.4,0.25,0.0,0.0,0.0,0.9,5.2,6.0,2.6,3.4,0.9,2.6,2.6,12.1,0.0,77.0,111.0
456,Eric Paschall,PF,23.0,GSW,50.0,24.0,1334.0,9.1,18.8,0.482,1.0,3.7,0.282,8.0,15.1,0.531,4.5,5.9,0.774,2.5,5.9,8.4,3.0,1.0,0.4,2.7,3.8,23.7,0.0,107.0,116.0
457,Anzejs Pasecniks,C,24.0,WAS,20.0,0.0,370.0,6.8,12.9,0.529,0.0,0.3,0.0,6.8,12.6,0.54,3.9,6.3,0.62,4.7,7.2,11.8,2.1,1.0,1.3,2.8,7.3,17.5,0.0,110.0,116.0
459,Patrick Patterson,PF,30.0,LAC,45.0,18.0,578.0,5.8,14.5,0.399,4.1,10.9,0.373,1.7,3.6,0.477,2.2,2.8,0.794,2.4,7.1,9.5,2.4,0.5,0.2,1.2,3.2,17.8,0.0,118.0,111.0
460,Justin Patton,C,22.0,OKC,5.0,0.0,24.0,8.1,20.3,0.4,2.0,8.1,0.25,6.1,12.2,0.5,0.0,0.0,0.0,2.0,8.1,10.2,4.1,0.0,0.0,4.1,8.1,18.3,0.0,86.0,113.0
461,Chris Paul,PG,34.0,OKC,53.0,53.0,1681.0,9.4,19.3,0.486,2.5,7.0,0.358,6.9,12.4,0.557,5.6,6.2,0.897,0.6,7.1,7.7,10.1,2.4,0.2,3.2,3.6,26.9,0.0,121.0,108.0
462,Elfrid Payton,PG,25.0,NYK,36.0,27.0,988.0,7.5,17.5,0.43,0.7,2.9,0.237,6.8,14.6,0.468,1.5,2.8,0.536,2.1,6.2,8.3,12.2,3.0,0.8,3.5,3.6,17.2,0.0,104.0,110.0
463,Gary Payton,PG,27.0,WAS,23.0,17.0,406.0,5.1,12.3,0.411,1.4,4.6,0.3,3.7,7.7,0.478,0.5,0.9,0.5,2.9,5.5,8.4,5.2,3.7,0.8,2.2,5.5,11.9,0.0,103.0,112.0
464,Norvel Pelle,C,26.0,PHI,16.0,0.0,164.0,5.0,8.6,0.586,0.0,0.0,0.0,5.0,8.6,0.586,1.8,3.5,0.5,4.1,11.8,15.9,2.1,0.3,6.8,3.5,10.3,11.8,0.0,101.0,99.0
465,Theo Pinson,SG,24.0,BRK,28.0,0.0,342.0,6.1,20.7,0.293,2.1,10.6,0.195,4.0,10.1,0.397,2.1,2.2,0.938,1.4,5.3,6.6,7.2,2.1,0.3,4.4,4.6,16.3,0.0,81.0,109.0
466,Mason Plumlee,C,29.0,DEN,43.0,1.0,750.0,8.4,13.8,0.605,0.0,0.3,0.0,8.4,13.6,0.617,4.1,7.5,0.553,5.2,10.5,15.7,6.9,1.5,1.8,4.1,6.3,20.9,0.0,116.0,106.0
467,Vincent Poirier,C,26.0,BOS,18.0,0.0,108.0,6.3,13.4,0.467,0.4,0.9,0.5,5.8,12.5,0.464,2.7,3.1,0.857,4.0,10.7,14.8,3.1,0.9,2.7,2.7,9.8,15.7,0.0,108.0,104.0
468,Jakob Poltl,C,24.0,SAS,54.0,9.0,922.0,6.7,10.7,0.626,0.0,0.0,0.0,6.7,10.7,0.626,1.8,3.5,0.5,5.1,10.3,15.4,5.1,1.4,4.2,2.3,4.9,15.2,0.0,125.0,108.0
469,Shamorie Ponds,PG,21.0,TOR,4.0,0.0,11.0,13.0,21.7,0.6,4.3,8.7,0.5,8.7,13.0,0.667,8.7,8.7,1.0,0.0,4.3,4.3,8.7,0.0,4.3,0.0,8.7,39.1,0.0,164.0,107.0
470,Jordan Poole,SG,20.0,GSW,48.0,10.0,1033.0,5.5,18.8,0.295,2.7,10.1,0.265,2.9,8.7,0.33,3.6,4.3,0.839,0.3,4.3,4.5,4.4,1.4,0.4,2.3,3.5,17.4,0.0,87.0,116.0
471,Kevin Porter,SF,19.0,CLE,42.0,2.0,952.0,8.0,17.4,0.459,2.2,6.3,0.347,5.8,11.1,0.523,2.8,3.9,0.711,0.9,5.9,6.8,4.2,1.9,0.4,4.0,5.8,21.0,0.0,99.0,115.0
472,Michael Porter,PF,21.0,DEN,39.0,1.0,556.0,10.8,21.1,0.508,3.4,7.8,0.432,7.4,13.3,0.553,2.8,3.5,0.795,3.8,11.4,15.2,2.6,1.5,1.6,2.7,5.9,27.6,0.0,116.0,106.0
473,Otto Porter,SF,26.0,CHI,9.0,9.0,226.0,7.5,17.9,0.417,3.4,8.5,0.4,4.0,9.4,0.432,3.2,4.3,0.75,1.7,4.9,6.6,3.0,1.9,0.6,1.5,4.3,21.5,0.0,111.0,110.0
474,Bobby Portis,C,24.0,NYK,55.0,4.0,1142.0,8.7,20.1,0.431,2.3,6.7,0.348,6.3,13.4,0.473,2.4,3.2,0.747,3.2,9.2,12.4,3.7,1.2,0.4,2.5,4.1,22.1,0.0,105.0,113.0
475,Kristaps Porzingis,PF,24.0,DAL,42.0,42.0,1283.0,10.1,24.3,0.416,3.7,10.5,0.35,6.4,13.8,0.467,5.5,7.1,0.775,2.6,12.0,14.6,2.4,1.1,3.0,2.7,5.0,29.4,0.0,108.0,106.0
476,Dwight Powell,C,28.0,DAL,40.0,37.0,1061.0,6.7,10.5,0.638,0.5,1.8,0.256,6.2,8.7,0.716,3.4,5.1,0.667,3.4,7.0,10.4,2.7,1.6,1.0,1.7,4.7,17.3,0.0,134.0,111.0
477,Norman Powell,SG,26.0,TOR,38.0,17.0,1072.0,9.4,18.8,0.498,3.4,8.6,0.401,5.9,10.3,0.578,3.7,4.5,0.84,1.0,5.6,6.6,2.9,2.1,0.6,2.5,3.4,25.9,0.0,115.0,106.0
478,Julius Randle,PF,25.0,NYK,53.0,53.0,1741.0,10.7,23.6,0.455,1.5,5.8,0.264,9.2,17.8,0.517,5.6,7.8,0.712,3.4,10.9,14.3,4.7,1.2,0.5,4.6,4.1,28.6,0.0,103.0,112.0
480,Josh Reaves,SG,22.0,DAL,2.0,0.0,1.0,0.0,48.8,0.0,0.0,0.0,0.0,0.0,48.8,0.0,0.0,0.0,0.0,0.0,0.0,0.0,0.0,0.0,0.0,0.0,0.0,0.0,0.0,0.0,120.0
481,Cam Reddish,SF,20.0,ATL,48.0,31.0,1247.0,5.7,16.2,0.353,2.3,7.3,0.316,3.4,8.9,0.382,2.9,3.7,0.788,1.1,5.6,6.7,2.8,1.8,0.8,2.9,4.1,16.6,0.0,90.0,115.0
482,J.J. Redick,SG,35.0,NOP,49.0,35.0,1328.0,8.2,18.1,0.456,5.2,11.2,0.461,3.1,6.9,0.447,4.9,5.4,0.897,0.3,4.2,4.5,3.4,0.6,0.3,2.1,2.7,26.5,0.0,124.0,117.0
483,Naz Reid,C,20.0,MIN,19.0,0.0,216.0,11.0,26.4,0.418,4.8,13.2,0.361,6.3,13.2,0.475,3.5,4.5,0.762,3.0,8.2,11.3,3.0,1.3,2.2,2.6,9.5,30.3,0.0,106.0,110.0
484,Josh Richardson,SG,26.0,PHI,41.0,39.0,1264.0,8.4,19.3,0.437,2.5,7.2,0.339,6.0,12.0,0.497,3.6,4.5,0.795,1.2,3.8,5.1,5.1,1.5,1.0,3.3,4.1,22.9,0.0,104.0,109.0
485,Austin Rivers,SG,27.0,HOU,50.0,4.0,1181.0,6.0,14.5,0.412,2.6,7.8,0.337,3.3,6.7,0.5,2.1,3.0,0.688,0.7,4.0,4.8,3.0,1.3,0.4,1.2,3.6,16.6,0.0,110.0,113.0
486,Duncan Robinson,SF,25.0,MIA,54.0,49.0,1573.0,7.0,15.3,0.457,6.0,13.6,0.438,1.1,1.7,0.607,1.2,1.4,0.889,0.2,5.2,5.5,2.3,0.9,0.4,1.3,4.9,21.2,0.0,122.0,112.0
487,Glenn Robinson,SF,26.0,TOT,50.0,48.0,1541.0,7.8,16.1,0.486,2.1,5.3,0.395,5.7,10.8,0.53,2.0,2.3,0.851,2.1,5.0,7.1,2.7,1.4,0.5,1.6,2.6,19.7,0.0,113.0,115.0
488,Glenn Robinson,SF,26.0,GSW,48.0,48.0,1516.0,7.7,16.0,0.481,2.1,5.4,0.4,5.5,10.6,0.522,2.0,2.3,0.851,2.1,5.0,7.1,2.7,1.4,0.4,1.6,2.6,19.5,0.0,112.0,115.0
489,Glenn Robinson,SF,26.0,PHI,2.0,0.0,25.0,15.5,23.2,0.667,0.0,3.9,0.0,15.5,19.4,0.8,0.0,0.0,0.0,1.9,1.9,3.9,1.9,0.0,1.9,1.9,3.9,31.0,0.0,119.0,112.0
490,Jerome Robinson,SG,22.0,TOT,45.0,1.0,531.0,4.5,13.3,0.338,1.9,6.6,0.293,2.6,6.7,0.382,1.1,1.9,0.571,0.4,6.0,6.4,4.4,1.2,0.7,2.5,5.5,12.0,0.0,87.0,110.0
491,Jerome Robinson,SG,22.0,LAC,42.0,1.0,476.0,4.5,13.4,0.338,1.9,6.6,0.284,2.7,6.8,0.391,1.1,1.9,0.579,0.5,5.4,5.9,4.5,1.3,0.8,2.6,5.4,12.0,0.0,87.0,109.0
492,Jerome Robinson,SG,22.0,WAS,3.0,0.0,55.0,4.2,12.7,0.333,2.5,6.8,0.375,1.7,5.9,0.286,0.8,1.7,0.5,0.0,11.0,11.0,3.4,0.8,0.0,1.7,5.9,11.9,0.0,89.0,116.0
493,Justin Robinson,PG,22.0,WAS,9.0,0.0,49.0,4.8,11.4,0.417,2.9,4.8,0.6,1.9,6.7,0.286,0.0,0.0,0.0,1.0,3.8,4.8,6.7,0.0,1.0,2.9,1.9,12.4,0.0,105.0,121.0
494,Mitchell Robinson,C,21.0,NYK,51.0,7.0,1154.0,8.4,11.5,0.73,0.0,0.0,0.0,8.4,11.5,0.73,2.9,4.9,0.581,6.2,8.2,14.4,1.2,1.9,4.0,1.4,7.1,19.7,0.0,141.0,107.0
495,Isaiah Roby,SF,21.0,OKC,1.0,0.0,2.0,0.0,24.4,0.0,0.0,0.0,0.0,0.0,24.4,0.0,0.0,0.0,0.0,0.0,0.0,0.0,0.0,0.0,0.0,0.0,0.0,0.0,0.0,0.0,118.0
496,Rajon Rondo,PG,33.0,LAL,38.0,2.0,797.0,7.0,16.3,0.429,2.2,6.3,0.352,4.8,10.1,0.476,1.4,2.0,0.727,1.1,6.5,7.6,12.0,1.8,0.1,4.6,2.9,17.7,0.0,105.0,108.0
497,Derrick Rose,PG,31.0,DET,45.0,10.0,1180.0,13.8,28.2,0.49,1.7,5.6,0.306,12.1,22.6,0.536,4.6,5.3,0.859,1.0,3.6,4.6,10.8,1.5,0.6,4.6,1.9,33.9,0.0,110.0,114.0
498,Terrence Ross,SG,28.0,ORL,53.0,0.0,1419.0,8.3,21.6,0.387,4.1,12.7,0.322,4.3,8.9,0.48,3.7,4.5,0.837,0.4,5.2,5.6,2.0,2.0,0.7,1.8,2.6,24.5,0.0,101.0,109.0
499,Terry Rozier,PG,25.0,CHO,53.0,53.0,1814.0,9.1,21.7,0.418,3.8,9.8,0.385,5.3,11.9,0.445,4.0,4.6,0.868,1.2,5.4,6.6,6.0,1.5,0.3,3.5,3.0,25.9,0.0,106.0,115.0
500,Ricky Rubio,PG,29.0,PHO,47.0,47.0,1472.0,6.5,16.2,0.401,1.6,4.8,0.338,4.8,11.3,0.428,3.9,4.7,0.829,1.1,5.5,6.6,12.9,2.1,0.3,4.0,3.8,18.5,0.0,108.0,111.0
501,D'Angelo Russell,PG,23.0,TOT,35.0,35.0,1127.0,12.2,28.4,0.431,5.4,14.3,0.379,6.8,14.1,0.485,5.1,6.4,0.796,0.6,4.8,5.4,9.4,1.4,0.4,4.7,2.9,35.0,0.0,107.0,115.0
502,D'Angelo Russell,PG,23.0,GSW,33.0,33.0,1060.0,12.3,28.6,0.43,5.4,14.5,0.374,6.9,14.2,0.487,5.1,6.5,0.785,0.6,4.9,5.5,9.3,1.4,0.4,4.6,2.9,35.1,0.0,106.0,116.0
503,D'Angelo Russell,PG,23.0,MIN,2.0,2.0,67.0,11.2,24.4,0.457,5.6,11.9,0.471,5.6,12.6,0.444,5.6,5.6,1.0,0.7,3.5,4.2,11.2,2.1,0.7,6.3,3.5,33.5,0.0,114.0,113.0
504,Domantas Sabonis,C,23.0,IND,52.0,52.0,1799.0,10.3,19.0,0.541,0.4,1.6,0.224,9.9,17.5,0.569,4.8,6.7,0.727,4.3,13.3,17.6,6.8,1.0,0.7,3.9,4.7,25.8,0.0,115.0,106.0
505,JaKarr Sampson,SF,26.0,IND,18.0,10.0,248.0,6.9,11.6,0.593,0.4,2.2,0.182,6.5,9.5,0.688,0.8,2.0,0.4,2.2,6.3,8.5,0.8,1.2,1.6,1.2,5.9,15.0,0.0,114.0,109.0
507,Dario Saric,PF,25.0,PHO,48.0,43.0,1189.0,6.9,15.5,0.442,2.3,7.4,0.314,4.6,8.2,0.558,2.3,2.7,0.853,2.9,8.5,11.4,3.6,1.2,0.5,2.3,4.3,18.4,0.0,109.0,111.0
508,Tomas Satoransky,PG,28.0,CHI,55.0,55.0,1575.0,6.3,14.1,0.445,1.8,5.3,0.341,4.5,8.9,0.507,2.9,3.2,0.887,1.7,4.4,6.1,9.0,2.2,0.2,3.2,3.4,17.3,0.0,113.0,111.0
509,Admiral Schofield,SF,22.0,WAS,26.0,2.0,292.0,4.8,12.0,0.4,2.2,7.5,0.298,2.6,4.5,0.571,1.4,2.1,0.692,1.0,4.5,5.4,2.2,1.3,0.5,1.1,6.5,13.3,0.0,105.0,118.0
510,Dennis Schroder,PG,26.0,OKC,53.0,1.0,1655.0,11.2,23.7,0.473,3.2,8.2,0.388,8.0,15.6,0.517,4.4,5.3,0.838,0.5,5.5,6.0,6.3,1.0,0.4,4.1,3.4,30.1,0.0,108.0,112.0
511,Mike Scott,PF,31.0,PHI,55.0,7.0,947.0,5.6,14.1,0.396,3.1,9.1,0.341,2.5,4.9,0.5,1.2,1.4,0.889,2.2,7.3,9.5,1.6,0.9,0.2,1.0,3.4,15.5,0.0,110.0,110.0
512,Thabo Sefolosha,PF,35.0,HOU,38.0,0.0,409.0,4.2,9.6,0.435,1.7,5.8,0.294,2.5,3.9,0.647,0.1,0.7,0.167,2.4,7.8,10.2,2.7,2.3,1.4,1.6,4.8,10.2,0.0,108.0,108.0
513,Collin Sexton,SG,21.0,CLE,54.0,54.0,1737.0,11.5,24.9,0.46,2.0,5.5,0.365,9.5,19.4,0.487,4.9,5.8,0.859,1.5,3.3,4.8,4.1,1.5,0.2,3.3,3.2,29.9,0.0,107.0,118.0
514,Landry Shamet,SG,22.0,LAC,37.0,25.0,1063.0,5.6,12.9,0.435,4.0,9.8,0.407,1.6,3.1,0.521,1.8,1.9,0.909,0.2,3.2,3.4,3.1,0.7,0.4,1.2,4.8,17.0,0.0,122.0,112.0
515,Marial Shayok,SG,24.0,PHI,2.0,0.0,10.0,4.8,24.2,0.2,4.8,14.5,0.333,0.0,9.7,0.0,0.0,0.0,0.0,0.0,14.5,14.5,4.8,0.0,0.0,4.8,0.0,14.5,0.0,61.0,109.0
516,Iman Shumpert,SG,29.0,BRK,13.0,0.0,241.0,4.1,12.6,0.328,1.6,6.5,0.242,2.6,6.1,0.419,0.8,1.4,0.571,1.8,4.9,6.7,2.4,2.4,0.4,2.0,4.1,10.6,0.0,85.0,108.0
517,Pascal Siakam,PF,25.0,TOR,44.0,44.0,1538.0,12.0,26.1,0.458,2.9,8.0,0.362,9.1,18.1,0.5,5.3,6.6,0.802,1.6,8.7,10.3,4.7,1.4,1.2,3.3,3.8,32.1,0.0,108.0,105.0
518,Chris Silva,PF,23.0,MIA,37.0,0.0,289.0,7.0,11.0,0.631,0.0,0.3,0.0,7.0,10.7,0.651,5.3,7.6,0.689,8.6,9.0,17.6,3.1,1.5,2.9,5.1,12.7,19.2,0.0,119.0,105.0
519,Ben Simmons,PG,23.0,PHI,53.0,53.0,1926.0,9.0,15.5,0.584,0.1,0.2,0.333,9.0,15.3,0.586,4.4,7.1,0.628,2.7,7.9,10.6,11.1,2.9,0.8,4.8,4.3,22.5,0.0,116.0,104.0
520,Anfernee Simons,SG,20.0,POR,55.0,4.0,1219.0,7.3,17.6,0.415,2.5,7.3,0.34,4.8,10.3,0.468,2.5,3.0,0.821,0.9,4.4,5.3,3.2,0.7,0.4,2.1,4.2,19.6,0.0,104.0,118.0
521,Alen Smailagic,PF,19.0,GSW,12.0,0.0,118.0,7.7,14.6,0.528,1.2,4.5,0.273,6.5,10.1,0.64,6.1,7.3,0.833,3.2,6.5,9.7,3.6,0.8,1.6,3.6,4.9,22.7,0.0,115.0,114.0
522,Marcus Smart,SG,25.0,BOS,42.0,28.0,1312.0,6.3,16.6,0.378,3.4,9.7,0.352,2.9,6.9,0.415,2.7,3.2,0.839,1.1,4.4,5.5,7.4,2.4,0.8,2.5,3.9,18.7,0.0,110.0,107.0
523,Dennis Smith,PG,22.0,NYK,30.0,2.0,465.0,6.3,18.4,0.341,1.5,5.0,0.292,4.8,13.4,0.359,2.3,4.8,0.478,2.0,5.3,7.3,8.8,2.0,0.8,5.3,5.9,16.3,0.0,83.0,112.0
524,Ish Smith,PG,31.0,WAS,53.0,16.0,1400.0,8.0,17.4,0.458,1.6,4.5,0.356,6.4,13.0,0.494,1.4,2.1,0.672,0.9,4.7,5.6,8.3,1.5,0.7,2.3,2.5,19.0,0.0,110.0,117.0
525,Zhaire Smith,SG,20.0,PHI,7.0,0.0,32.0,4.5,16.6,0.273,0.0,4.5,0.0,4.5,12.1,0.375,3.0,6.1,0.5,0.0,3.0,3.0,3.0,4.5,0.0,3.0,6.1,12.1,0.0,65.0,104.0
526,Tony Snell,SF,28.0,DET,50.0,48.0,1373.0,5.2,11.6,0.451,3.2,7.9,0.412,2.0,3.7,0.533,0.7,0.7,1.0,0.2,2.9,3.2,3.4,0.8,0.4,0.9,2.9,14.5,0.0,122.0,116.0
528,Omari Spellman,PF,22.0,GSW,49.0,3.0,886.0,6.8,15.9,0.431,2.3,5.9,0.391,4.5,10.0,0.454,3.9,5.0,0.793,4.2,7.7,11.8,2.5,1.8,1.3,2.9,3.4,19.9,0.0,107.0,112.0
529,Max Strus,SG,23.0,CHI,2.0,0.0,6.0,16.0,24.1,0.667,0.0,8.0,0.0,16.0,16.0,1.0,8.0,8.0,1.0,8.0,0.0,8.0,0.0,0.0,0.0,0.0,8.0,40.1,0.0,153.0,118.0
530,Edmond Sumner,PG,24.0,IND,20.0,2.0,268.0,6.4,14.6,0.438,1.5,4.7,0.308,4.9,9.8,0.5,1.5,2.4,0.615,1.5,3.8,5.3,5.1,2.4,1.1,2.7,5.1,15.7,0.0,99.0,109.0
531,Caleb Swanigan,PF,22.0,TOT,18.0,1.0,199.0,4.3,8.6,0.5,0.0,0.5,0.0,4.3,8.2,0.529,1.0,2.4,0.4,5.0,11.3,16.3,3.8,0.5,1.4,5.5,9.6,9.6,0.0,88.0,112.0
532,Caleb Swanigan,PF,22.0,SAC,7.0,0.0,23.0,4.3,8.5,0.5,0.0,0.0,0.0,4.3,8.5,0.5,2.1,4.3,0.5,4.3,10.6,14.9,4.3,2.1,4.3,12.8,17.0,10.6,0.0,61.0,103.0
533,Caleb Swanigan,PF,22.0,POR,11.0,1.0,176.0,4.3,8.6,0.5,0.0,0.5,0.0,4.3,8.1,0.533,0.8,2.2,0.375,5.1,11.4,16.5,3.8,0.3,1.1,4.6,8.6,9.5,0.0,93.0,113.0
534,Jayson Tatum,PF,21.0,BOS,49.0,49.0,1659.0,11.4,26.0,0.439,3.7,9.7,0.378,7.7,16.3,0.475,5.0,6.1,0.823,1.5,8.4,9.8,4.2,2.0,1.3,3.1,3.0,31.5,0.0,109.0,105.0
535,Jeff Teague,PG,31.0,TOT,48.0,16.0,1251.0,6.7,15.4,0.432,1.4,3.7,0.37,5.3,11.7,0.452,5.6,6.4,0.871,0.8,3.7,4.5,10.3,1.5,0.6,3.7,3.4,20.3,0.0,113.0,115.0
536,Jeff Teague,PG,31.0,MIN,34.0,13.0,945.0,7.2,16.0,0.448,1.6,4.3,0.379,5.5,11.7,0.473,6.2,7.1,0.868,0.7,3.6,4.4,10.3,1.2,0.6,3.8,3.5,22.2,0.0,116.0,115.0
537,Jeff Teague,PG,31.0,ATL,14.0,3.0,306.0,5.2,13.7,0.378,0.6,2.0,0.308,4.6,11.7,0.39,3.6,4.1,0.889,0.9,4.0,4.9,10.2,2.1,0.5,3.6,3.2,14.6,0.0,101.0,115.0
538,Garrett Temple,SG,33.0,BRK,48.0,31.0,1353.0,6.0,15.9,0.375,3.4,10.5,0.326,2.6,5.4,0.471,1.7,2.3,0.754,0.9,4.7,5.6,4.1,1.3,0.7,1.8,3.0,17.1,0.0,104.0,110.0
539,Daniel Theis,C,27.0,BOS,47.0,46.0,1076.0,7.0,12.9,0.547,0.9,2.9,0.308,6.2,10.0,0.617,2.4,3.4,0.711,4.4,8.8,13.2,3.5,1.4,2.8,1.7,7.1,17.4,0.0,127.0,104.0
540,Isaiah Thomas,PG,30.0,WAS,40.0,37.0,925.0,8.8,21.5,0.408,3.9,9.5,0.413,4.8,11.9,0.405,3.1,3.8,0.816,0.6,2.9,3.4,7.4,0.7,0.3,3.9,3.9,24.6,0.0,103.0,121.0
541,Khyri Thomas,SG,23.0,DET,2.0,0.0,6.0,0.0,0.0,0.0,0.0,0.0,0.0,0.0,0.0,0.0,8.2,16.3,0.5,0.0,0.0,0.0,0.0,0.0,0.0,0.0,0.0,8.2,0.0,123.0,121.0
542,Matt Thomas,SG,25.0,TOR,24.0,0.0,250.0,7.5,15.3,0.488,5.0,10.3,0.481,2.5,5.0,0.5,1.0,1.3,0.714,0.8,5.5,6.3,2.5,1.3,0.0,1.5,4.0,20.8,0.0,121.0,109.0
543,Tristan Thompson,C,28.0,CLE,50.0,48.0,1531.0,8.0,15.7,0.512,0.2,0.4,0.5,7.8,15.2,0.513,2.9,4.6,0.639,6.6,9.8,16.4,3.3,1.0,1.4,3.0,3.5,19.2,0.0,112.0,114.0
544,Matisse Thybulle,SG,22.0,PHI,47.0,10.0,953.0,4.1,10.0,0.408,2.4,6.4,0.373,1.7,3.6,0.471,1.2,1.9,0.649,1.3,2.5,3.8,2.9,3.5,2.0,2.0,5.4,11.7,0.0,103.0,104.0
545,Anthony Tolliver,PF,34.0,TOT,42.0,9.0,636.0,3.5,10.1,0.343,2.4,7.8,0.308,1.1,2.3,0.467,1.1,1.6,0.667,2.2,6.9,9.1,2.4,0.9,0.8,1.9,4.5,10.4,0.0,100.0,115.0
546,Anthony Tolliver,PF,34.0,POR,33.0,9.0,554.0,3.7,10.0,0.368,2.6,7.6,0.337,1.1,2.4,0.464,1.1,1.6,0.684,2.3,7.1,9.4,2.5,0.7,0.8,1.8,4.6,11.1,0.0,106.0,116.0
547,Anthony Tolliver,PF,34.0,SAC,9.0,0.0,82.0,1.8,10.1,0.176,1.2,8.9,0.133,0.6,1.2,0.5,0.6,1.2,0.5,1.2,5.4,6.6,1.8,2.4,0.6,2.4,3.6,5.4,0.0,57.0,111.0
548,Juan Toscano-Anderson,SF,26.0,GSW,3.0,0.0,47.0,5.1,10.2,0.5,2.0,2.0,1.0,3.0,8.1,0.375,0.0,0.0,0.0,0.0,7.1,7.1,3.0,3.0,0.0,3.0,3.0,12.2,0.0,93.0,111.0
549,Karl-Anthony Towns,C,24.0,MIN,35.0,35.0,1187.0,12.4,24.5,0.508,4.5,10.9,0.412,8.0,13.6,0.586,7.1,8.9,0.796,3.7,11.1,14.9,6.0,1.3,1.7,4.3,4.6,36.5,0.0,121.0,109.0
550,Gary Trent,SG,21.0,POR,43.0,2.0,767.0,6.6,15.3,0.429,3.9,9.7,0.404,2.7,5.6,0.473,1.2,1.3,0.905,1.1,3.0,4.1,2.4,1.8,0.6,0.7,3.3,18.2,0.0,120.0,116.0
551,Allonzo Trier,PG,24.0,NYK,20.0,1.0,246.0,7.3,16.8,0.435,3.0,9.1,0.326,4.3,7.7,0.564,6.1,7.7,0.795,0.8,4.3,5.1,4.7,0.4,0.8,4.0,4.7,23.7,0.0,109.0,117.0
552,P.J. Tucker,PF,34.0,HOU,54.0,54.0,1887.0,3.5,8.0,0.435,1.9,5.3,0.364,1.5,2.6,0.579,0.9,1.1,0.841,2.0,7.2,9.2,2.2,1.5,0.6,1.4,4.4,9.8,0.0,116.0,111.0
553,Rayjon Tucker,SG,22.0,UTA,12.0,0.0,74.0,5.3,12.5,0.421,0.0,3.9,0.0,5.3,8.5,0.615,2.0,3.3,0.6,1.3,5.9,7.2,1.3,0.7,0.0,2.0,4.6,12.5,0.0,88.0,111.0
555,Evan Turner,PG,31.0,ATL,19.0,0.0,251.0,4.6,12.4,0.373,0.0,0.9,0.0,4.6,11.5,0.403,2.2,2.6,0.857,1.5,5.6,7.0,7.0,1.7,1.5,4.8,3.7,11.5,0.0,83.0,114.0
556,Myles Turner,C,23.0,IND,45.0,45.0,1308.0,7.0,15.6,0.451,2.4,7.1,0.344,4.6,8.5,0.539,3.5,4.6,0.764,1.9,8.4,10.3,2.1,1.2,3.2,2.2,4.2,20.0,0.0,108.0,106.0
557,Jonas Valanciunas,C,27.0,MEM,51.0,51.0,1327.0,11.2,19.1,0.587,0.9,2.5,0.375,10.3,16.6,0.619,3.2,4.4,0.722,5.1,13.8,18.9,3.4,0.8,2.2,3.2,4.8,26.6,0.0,119.0,107.0
558,Denzel Valentine,SF,26.0,CHI,30.0,0.0,366.0,8.7,21.6,0.402,4.7,13.3,0.356,3.9,8.3,0.476,0.7,0.7,1.0,0.5,7.0,7.5,4.5,2.6,0.7,2.6,5.3,22.7,0.0,100.0,108.0
559,Jarred Vanderbilt,SF-PF,20.0,TOT,11.0,0.0,46.0,5.3,8.5,0.625,0.0,1.1,0.0,5.3,7.5,0.714,2.1,2.1,1.0,3.2,6.4,9.6,2.1,3.2,1.1,7.5,6.4,12.8,0.0,81.0,106.0
560,Jarred Vanderbilt,SF,20.0,DEN,9.0,0.0,41.0,6.0,8.4,0.714,0.0,0.0,0.0,6.0,8.4,0.714,0.0,0.0,0.0,3.6,6.0,9.6,2.4,3.6,1.2,8.4,7.2,12.0,0.0,76.0,104.0
561,Jarred Vanderbilt,PF,20.0,MIN,2.0,0.0,5.0,0.0,9.3,0.0,0.0,9.3,0.0,0.0,0.0,0.0,18.7,18.7,1.0,0.0,9.3,9.3,0.0,0.0,0.0,0.0,0.0,18.7,0.0,124.0,115.0
562,Fred VanVleet,PG,25.0,TOR,45.0,45.0,1621.0,8.1,19.5,0.412,3.7,9.2,0.396,4.4,10.3,0.427,4.1,4.9,0.842,0.5,4.4,5.0,9.0,2.5,0.4,3.1,3.1,23.9,0.0,113.0,106.0
563,Gabe Vincent,PG,23.0,MIA,4.0,0.0,41.0,4.8,22.7,0.211,4.8,19.1,0.25,0.0,3.6,0.0,0.0,0.0,0.0,0.0,3.6,3.6,3.6,1.2,0.0,0.0,2.4,14.3,0.0,76.0,113.0
564,Noah Vonleh,C-PF,24.0,TOT,30.0,1.0,359.0,6.3,11.3,0.552,0.4,2.0,0.2,5.9,9.4,0.625,3.1,3.9,0.8,4.6,11.1,15.6,3.4,1.4,0.8,2.6,5.0,16.0,0.0,119.0,110.0
565,Noah Vonleh,C,24.0,MIN,29.0,1.0,347.0,6.3,11.6,0.547,0.3,1.9,0.143,6.1,9.7,0.625,3.1,3.8,0.821,4.6,11.0,15.6,3.5,1.5,0.8,2.6,4.8,16.0,0.0,119.0,110.0
566,Noah Vonleh,PF,24.0,DEN,1.0,0.0,12.0,4.1,4.1,1.0,4.1,4.1,1.0,0.0,0.0,0.0,4.1,8.2,0.5,4.1,12.3,16.5,0.0,0.0,0.0,4.1,8.2,16.5,0.0,117.0,110.0
567,Nikola Vucevic,C,29.0,ORL,44.0,44.0,1415.0,11.6,25.4,0.458,2.6,7.5,0.344,9.1,17.9,0.506,3.1,4.0,0.776,4.0,12.5,16.5,5.7,1.4,1.4,2.3,3.5,28.9,0.0,111.0,105.0
568,Dean Wade,PF,23.0,CLE,10.0,0.0,54.0,6.3,9.0,0.7,1.8,2.7,0.667,4.5,6.3,0.714,0.0,0.9,0.0,1.8,12.6,14.4,0.9,1.8,2.7,2.7,6.3,14.4,0.0,115.0,109.0
569,Moritz Wagner,C,22.0,WAS,26.0,4.0,527.0,10.1,17.1,0.591,2.0,5.6,0.365,8.0,11.5,0.7,3.9,5.0,0.786,3.2,10.0,13.2,2.9,1.6,1.3,4.3,8.4,26.1,0.0,115.0,113.0
570,Dion Waiters,SG,28.0,MIA,3.0,0.0,42.0,11.7,30.3,0.385,9.3,19.8,0.471,2.3,10.5,0.222,0.0,1.2,0.0,0.0,12.8,12.8,3.5,0.0,2.3,3.5,5.8,32.7,0.0,94.0,107.0
571,Kemba Walker,PG,29.0,BOS,45.0,45.0,1435.0,11.0,25.5,0.433,5.1,13.2,0.388,5.9,12.3,0.481,5.9,6.8,0.867,1.0,5.0,6.1,7.5,1.5,0.8,3.2,2.5,33.1,0.0,117.0,108.0
572,Lonnie Walker,SG,21.0,SAS,46.0,3.0,634.0,7.7,17.7,0.438,1.8,4.7,0.387,5.9,13.0,0.456,2.7,3.9,0.706,1.4,5.8,7.1,2.6,1.8,0.6,2.0,4.3,20.0,0.0,101.0,114.0
573,Tyrone Wallace,SG,25.0,ATL,14.0,0.0,160.0,4.1,12.8,0.318,0.3,4.4,0.067,3.8,8.4,0.448,3.2,4.9,0.647,0.9,5.5,6.4,3.8,2.0,0.3,2.9,5.5,11.6,0.0,80.0,115.0
574,Taurean Waller-Prince,SF,25.0,BRK,53.0,53.0,1573.0,7.2,18.7,0.383,3.8,11.0,0.35,3.3,7.7,0.43,1.7,2.1,0.775,1.3,8.6,9.9,3.2,1.5,0.6,3.2,3.8,19.8,0.0,95.0,108.0
575,Derrick Walton,PG,24.0,LAC,23.0,1.0,222.0,3.6,7.6,0.472,1.9,4.4,0.429,1.7,3.2,0.533,1.5,1.9,0.778,0.4,2.7,3.2,4.7,0.8,0.0,0.8,4.0,10.6,0.0,132.0,113.0
576,Brad Wanamaker,PG,30.0,BOS,52.0,0.0,973.0,5.7,13.3,0.431,1.4,3.8,0.368,4.3,9.5,0.455,4.2,4.6,0.913,0.6,4.5,5.2,6.9,1.9,0.5,2.8,4.7,17.0,0.0,112.0,108.0
577,T.J. Warren,SF,26.0,IND,52.0,52.0,1678.0,11.2,21.2,0.53,1.7,4.5,0.373,9.6,16.7,0.572,3.9,4.9,0.798,1.4,4.3,5.6,2.1,1.8,0.7,1.7,4.1,28.0,0.0,115.0,110.0
578,PJ Washington,PF,21.0,CHO,47.0,46.0,1414.0,7.4,15.9,0.463,2.1,5.5,0.376,5.3,10.4,0.51,2.5,3.9,0.655,1.5,7.6,9.1,3.4,1.5,1.3,2.6,4.6,19.3,0.0,104.0,112.0
580,Yuta Watanabe,SG,25.0,MEM,9.0,0.0,49.0,5.7,13.3,0.429,1.9,3.8,0.5,3.8,9.5,0.4,1.9,3.8,0.5,0.9,6.6,7.6,0.9,0.9,0.9,0.9,4.7,15.2,0.0,101.0,113.0
581,Tremont Waters,PG,22.0,BOS,9.0,0.0,73.0,6.6,18.5,0.357,1.3,9.9,0.133,5.3,8.6,0.615,4.0,4.0,1.0,0.0,4.6,4.6,6.6,3.3,1.3,5.3,6.6,18.5,0.0,86.0,104.0
582,Paul Watson,SF-SG,25.0,TOT,4.0,0.0,22.0,0.0,14.9,0.0,0.0,6.4,0.0,0.0,8.5,0.0,2.1,4.3,0.5,0.0,6.4,6.4,8.5,2.1,0.0,0.0,2.1,2.1,0.0,44.0,113.0
583,Paul Watson,SG,25.0,ATL,2.0,0.0,17.0,0.0,19.2,0.0,0.0,8.2,0.0,0.0,10.9,0.0,0.0,0.0,0.0,0.0,5.5,5.5,8.2,2.7,0.0,0.0,2.7,0.0,0.0,27.0,114.0
584,Paul Watson,SF,25.0,TOR,2.0,0.0,5.0,0.0,0.0,0.0,0.0,0.0,0.0,0.0,0.0,0.0,9.6,19.1,0.5,0.0,9.6,9.6,9.6,0.0,0.0,0.0,0.0,9.6,0.0,150.0,109.0
585,Quinndary Weatherspoon,SG,23.0,SAS,1.0,0.0,4.0,0.0,12.0,0.0,0.0,0.0,0.0,0.0,12.0,0.0,0.0,0.0,0.0,0.0,0.0,0.0,0.0,0.0,0.0,0.0,0.0,0.0,0.0,0.0,122.0
586,Russell Westbrook,PG,31.0,HOU,45.0,45.0,1621.0,13.5,29.2,0.463,1.2,5.2,0.238,12.3,24.0,0.512,6.7,8.5,0.785,2.1,8.2,10.3,9.3,2.1,0.5,5.6,4.7,35.0,0.0,106.0,109.0
587,Coby White,SG,19.0,CHI,55.0,0.0,1337.0,8.0,21.7,0.37,3.5,10.4,0.338,4.5,11.2,0.401,2.4,3.3,0.747,0.9,6.0,6.9,4.8,1.5,0.1,2.9,3.3,22.0,0.0,95.0,111.0
588,Derrick White,SG,25.0,SAS,52.0,11.0,1237.0,7.0,15.4,0.458,1.9,5.2,0.358,5.2,10.1,0.51,4.6,5.4,0.849,1.0,5.2,6.2,6.9,1.1,1.6,2.4,4.2,20.5,0.0,117.0,114.0
589,Hassan Whiteside,C,30.0,POR,51.0,51.0,1570.0,10.1,16.4,0.613,0.1,0.1,0.5,10.0,16.3,0.613,4.2,5.8,0.71,6.2,15.6,21.8,1.8,0.6,4.7,3.0,4.6,24.3,0.0,124.0,106.0
590,Andrew Wiggins,SF-SG,24.0,TOT,45.0,45.0,1554.0,11.3,25.0,0.451,3.0,8.7,0.341,8.3,16.3,0.509,4.9,6.9,0.719,1.5,5.4,6.8,5.0,1.1,1.2,3.5,3.3,30.4,0.0,106.0,113.0
591,Andrew Wiggins,SF,24.0,MIN,42.0,42.0,1455.0,11.3,25.4,0.444,2.9,8.8,0.331,8.4,16.5,0.505,4.8,6.6,0.72,1.5,5.5,7.0,5.0,0.9,1.2,3.4,3.2,30.3,0.0,105.0,114.0
592,Andrew Wiggins,SG,24.0,GSW,3.0,3.0,99.0,11.1,19.3,0.575,3.9,7.2,0.533,7.2,12.1,0.6,7.2,10.1,0.714,0.5,3.4,3.9,5.8,3.4,2.4,3.9,3.4,33.3,0.0,123.0,109.0
593,Grant Williams,PF,21.0,BOS,51.0,4.0,794.0,4.3,10.0,0.433,1.2,4.3,0.286,3.1,5.7,0.543,2.1,3.0,0.714,3.1,5.2,8.3,3.3,1.3,1.7,2.6,7.2,12.0,0.0,106.0,107.0
594,Johnathan Williams,C,24.0,WAS,11.0,5.0,135.0,5.5,8.6,0.64,0.0,0.7,0.0,5.5,7.9,0.696,1.0,1.7,0.6,5.2,9.7,14.8,2.1,0.3,2.1,1.4,3.8,12.1,0.0,132.0,115.0
595,Kenrich Williams,PF,25.0,NOP,35.0,18.0,779.0,2.9,8.5,0.343,1.5,5.7,0.26,1.4,2.8,0.511,0.5,1.4,0.375,2.9,7.7,10.6,3.2,1.5,1.2,1.2,4.8,7.9,0.0,103.0,111.0
596,Lou Williams,SG,33.0,LAC,51.0,8.0,1518.0,9.8,23.8,0.412,2.8,7.9,0.35,7.0,15.9,0.442,7.9,9.1,0.867,0.7,4.2,4.9,9.3,1.0,0.2,4.6,2.1,30.3,0.0,109.0,111.0
597,Marvin Williams,PF,33.0,TOT,42.0,1.0,828.0,5.8,12.8,0.453,2.7,7.1,0.378,3.1,5.7,0.547,2.7,3.1,0.865,1.0,5.8,6.8,2.5,1.6,1.3,1.5,4.4,17.0,0.0,116.0,113.0
598,Marvin Williams,PF,33.0,CHO,41.0,1.0,808.0,5.8,12.9,0.448,2.7,7.2,0.376,3.1,5.7,0.538,2.7,3.1,0.86,0.9,5.8,6.7,2.5,1.6,1.4,1.5,4.4,16.9,0.0,115.0,113.0
599,Marvin Williams,PF,33.0,MIL,1.0,0.0,20.0,6.8,9.1,0.75,2.3,4.6,0.5,4.6,4.6,1.0,4.6,4.6,1.0,2.3,6.8,9.1,0.0,0.0,0.0,0.0,6.8,20.5,0.0,188.0,108.0
600,Robert Williams,C,22.0,BOS,19.0,1.0,269.0,5.9,8.8,0.673,0.0,0.0,0.0,5.9,8.8,0.673,1.4,2.5,0.571,4.1,11.5,15.6,3.8,3.1,3.8,2.9,6.1,13.3,0.0,122.0,97.0
601,Nigel Williams-Goss,PG,25.0,UTA,9.0,0.0,28.0,1.7,12.1,0.143,0.0,3.5,0.0,1.7,8.7,0.2,3.5,3.5,1.0,3.5,5.2,8.7,8.7,1.7,1.7,3.5,3.5,6.9,0.0,80.0,107.0
602,Zion Williamson,PF,19.0,NOP,9.0,9.0,243.0,13.7,23.8,0.576,0.8,1.9,0.4,13.0,21.9,0.591,7.8,12.4,0.631,6.1,7.1,13.2,4.0,1.3,0.6,4.8,2.9,36.1,0.0,115.0,113.0
603,D.J. Wilson,PF,23.0,MIL,26.0,0.0,235.0,6.2,15.3,0.405,2.1,8.7,0.244,4.1,6.6,0.618,1.0,1.4,0.714,1.2,8.9,10.1,3.5,0.2,0.8,2.3,4.3,15.5,0.0,96.0,105.0
604,Justise Winslow,SF,23.0,MIA,11.0,5.0,352.0,7.0,18.0,0.388,0.8,3.8,0.222,6.1,14.2,0.431,2.5,3.8,0.667,2.2,7.9,10.2,6.1,1.0,0.7,3.3,5.3,17.3,0.0,93.0,110.0
605,Christian Wood,PF,24.0,DET,53.0,5.0,1013.0,10.1,17.8,0.565,1.9,5.0,0.385,8.1,12.8,0.636,6.7,9.0,0.738,3.8,10.9,14.7,2.1,1.2,2.2,2.9,3.6,28.7,0.0,123.0,109.0
607,Delon Wright,SG,27.0,DAL,53.0,4.0,1116.0,6.3,13.7,0.463,1.5,4.1,0.366,4.8,9.6,0.505,2.7,3.5,0.772,2.5,6.3,8.9,7.8,2.4,0.8,2.1,2.9,16.8,0.0,122.0,110.0
608,Thaddeus Young,PF,31.0,CHI,54.0,10.0,1296.0,7.9,18.0,0.441,2.2,6.6,0.339,5.7,11.4,0.5,1.3,2.2,0.586,2.8,6.7,9.5,3.4,2.4,0.6,3.2,4.0,19.4,0.0,98.0,108.0
609,Trae Young,PG,21.0,ATL,50.0,50.0,1760.0,12.1,27.4,0.443,4.6,12.4,0.369,7.6,15.0,0.505,10.4,12.2,0.852,0.8,5.0,5.8,12.1,1.5,0.1,6.4,2.2,39.2,0.0,114.0,116.0
610,Cody Zeller,C,27.0,CHO,50.0,31.0,1154.0,9.3,18.3,0.511,0.7,3.0,0.243,8.6,15.2,0.564,4.3,6.2,0.688,6.0,9.3,15.3,3.1,1.4,1.0,2.8,5.4,23.6,0.0,114.0,112.0
611,Ante Zizic,C,23.0,CLE,16.0,0.0,159.0,8.6,15.0,0.571,0.0,0.0,0.0,8.6,15.0,0.571,4.0,4.6,0.867,4.3,12.5,16.8,0.9,1.8,1.2,1.5,6.1,21.1,0.0,125.0,111.0
612,Ivica Zubac,C,22.0,LAC,54.0,52.0,966.0,8.5,14.1,0.601,0.0,0.1,0.0,8.5,14.0,0.606,4.1,5.7,0.726,6.8,11.8,18.6,2.8,0.5,2.6,2.2,6.2,21.1,0.0,130.0,104.0
