,Player,Pos,Age,Tm,G,GS,MP,FG,FGA,FG%,3P,3PA,3P%,2P,2PA,2P%,eFG%,FT,FTA,FT%,ORB,DRB,TRB,AST,STL,BLK,TOV,PF,PTS
0,Zaid Abdul-Aziz,PF-C,31.0,TOT,16.0,0.0,9.9,1.4,3.8,0.383,0.0,0.0,0.0,1.4,3.8,0.383,0.383,1.1,1.4,0.739,1.2,1.9,3.1,0.6,0.2,0.2,0.9,1.8,3.9
1,Zaid Abdul-Aziz,C,31.0,BOS,2.0,0.0,12.0,1.5,6.5,0.231,0.0,0.0,0.0,1.5,6.5,0.231,0.231,1.0,1.5,0.667,3.0,4.5,7.5,1.5,0.5,0.5,1.5,2.0,4.0
2,Zaid Abdul-Aziz,PF,31.0,HOU,14.0,0.0,9.6,1.4,3.4,0.426,0.0,0.0,0.0,1.4,3.4,0.426,0.426,1.1,1.4,0.75,0.9,1.6,2.5,0.5,0.1,0.1,0.8,1.8,3.9
3,Kareem Abdul-Jabbar*,C,30.0,LAL,62.0,0.0,36.5,10.7,19.4,0.55,0.0,0.0,0.0,10.7,19.4,0.55,0.55,4.4,5.6,0.783,3.0,9.9,12.9,4.3,1.7,3.0,3.4,2.9,25.8
4,Tom Abernethy,SF,23.0,LAL,73.0,0.0,18.0,2.8,5.5,0.498,0.0,0.0,0.0,2.8,5.5,0.498,0.498,1.2,1.5,0.82,1.4,2.2,3.6,1.4,0.8,0.3,0.7,1.7,6.8
5,Alvan Adams,C,23.0,PHO,70.0,0.0,27.3,6.2,12.8,0.485,0.0,0.0,0.0,6.2,12.8,0.485,0.485,3.1,4.2,0.73,2.3,5.8,8.1,3.2,1.2,0.9,3.3,3.5,15.5
6,Lucius Allen,PG,30.0,KCK,77.0,0.0,27.9,4.8,11.0,0.441,0.0,0.0,0.0,4.8,11.0,0.441,0.441,2.3,2.9,0.791,0.9,2.1,3.0,4.7,1.2,0.4,2.8,2.3,11.9
7,Jim Ard,C,29.0,TOT,15.0,0.0,8.3,0.5,1.1,0.471,0.0,0.0,0.0,0.5,1.1,0.471,0.471,0.2,0.3,0.6,0.6,1.8,2.4,0.5,0.0,0.0,0.9,1.3,1.3
8,Jim Ard,C,29.0,BOS,1.0,0.0,9.0,0.0,1.0,0.0,0.0,0.0,0.0,0.0,1.0,0.0,0.0,1.0,2.0,0.5,1.0,3.0,4.0,1.0,0.0,0.0,0.0,1.0,1.0
9,Jim Ard,C,29.0,CHI,14.0,0.0,8.3,0.6,1.1,0.5,0.0,0.0,0.0,0.6,1.1,0.5,0.5,0.1,0.2,0.667,0.6,1.7,2.3,0.5,0.0,0.0,1.0,1.3,1.3
10,Tate Armstrong,SG,22.0,CHI,66.0,0.0,10.8,2.0,4.2,0.468,0.0,0.0,0.0,2.0,4.2,0.468,0.468,0.3,0.4,0.815,0.4,0.7,1.0,1.1,0.3,0.0,0.9,0.6,4.3
11,Bird Averitt,SG,25.0,TOT,55.0,0.0,19.7,3.6,8.8,0.409,0.0,0.0,0.0,3.6,8.8,0.409,0.409,1.8,2.6,0.709,0.3,1.2,1.5,3.6,0.7,0.2,2.6,2.2,9.0
12,Bird Averitt,SG,25.0,NJN,21.0,0.0,19.5,3.3,9.0,0.367,0.0,0.0,0.0,3.3,9.0,0.367,0.367,1.7,2.1,0.8,0.3,1.2,1.6,3.2,0.8,0.0,2.6,1.8,8.3
13,Bird Averitt,SG,25.0,BUF,34.0,0.0,19.9,3.8,8.7,0.436,0.0,0.0,0.0,3.8,8.7,0.436,0.436,1.9,2.8,0.667,0.3,1.2,1.5,3.8,0.6,0.2,2.6,2.5,9.5
14,Dennis Awtrey,C,29.0,PHO,81.0,0.0,20.0,1.4,3.3,0.424,0.0,0.0,0.0,1.4,3.3,0.424,0.424,0.9,1.3,0.633,1.2,2.5,3.7,2.0,0.2,0.3,1.6,1.9,3.6
15,Gus Bailey,SG,26.0,NOJ,48.0,0.0,9.4,1.2,2.9,0.424,0.0,0.0,0.0,1.2,2.9,0.424,0.424,0.8,1.4,0.552,0.9,0.8,1.7,0.8,0.4,0.3,0.7,1.0,3.2
16,Greg Ballard,SF,23.0,WSB,76.0,0.0,12.3,1.9,4.4,0.425,0.0,0.0,0.0,1.9,4.4,0.425,0.425,1.2,1.5,0.772,1.3,2.2,3.5,0.8,0.4,0.2,0.8,1.2,4.9
17,Mike Bantom,SF,26.0,IND,82.0,0.0,33.8,6.1,12.8,0.479,0.0,0.0,0.0,6.1,12.8,0.479,0.479,3.1,4.2,0.743,2.2,5.2,7.4,2.9,1.2,0.6,2.7,4.1,15.3
18,Marvin Barnes,PF,25.0,TOT,60.0,0.0,27.4,4.7,11.0,0.422,0.0,0.0,0.0,4.7,11.0,0.422,0.422,2.1,3.0,0.703,2.3,5.1,7.3,2.3,1.1,1.4,2.3,4.0,11.4
19,Marvin Barnes,PF,25.0,DET,12.0,0.0,22.4,4.4,9.8,0.449,0.0,0.0,0.0,4.4,9.8,0.449,0.449,1.2,2.4,0.483,2.3,5.3,7.6,1.6,0.6,0.9,2.4,3.6,10.0
20,Marvin Barnes,PF,25.0,BUF,48.0,0.0,28.7,4.7,11.3,0.416,0.0,0.0,0.0,4.7,11.3,0.416,0.416,2.4,3.2,0.745,2.2,5.0,7.3,2.4,1.2,1.5,2.2,4.1,11.8
21,Rick Barry*,SF,33.0,GSW,82.0,0.0,36.9,9.3,20.6,0.451,0.0,0.0,0.0,9.3,20.6,0.451,0.451,4.6,5.0,0.924,0.9,4.6,5.5,5.4,1.9,0.5,2.7,2.3,23.1
22,Tim Bassett,PF,26.0,NJN,65.0,0.0,22.7,2.3,5.9,0.388,0.0,0.0,0.0,2.3,5.9,0.388,0.388,0.8,1.5,0.515,2.2,4.0,6.2,1.0,1.0,0.5,1.2,2.8,5.4
23,Butch Beard,PG,30.0,NYK,79.0,0.0,25.1,3.9,7.8,0.502,0.0,0.0,0.0,3.9,7.8,0.502,0.502,1.6,2.0,0.806,1.0,2.4,3.3,4.3,1.5,0.0,1.9,2.5,9.4
24,Ron Behagen,PF,27.0,TOT,80.0,0.0,21.7,4.3,10.1,0.43,0.0,0.0,0.0,4.3,10.1,0.43,0.43,2.2,3.1,0.725,2.5,3.9,6.4,1.3,0.8,0.4,2.2,3.3,10.9
25,Ron Behagen,PF,27.0,ATL,26.0,0.0,22.0,4.5,9.6,0.47,0.0,0.0,0.0,4.5,9.6,0.47,0.47,2.0,2.7,0.729,2.0,4.6,6.7,1.3,1.2,0.5,2.2,3.7,11.0
26,Ron Behagen,PF,27.0,HOU,3.0,0.0,11.0,2.3,3.7,0.636,0.0,0.0,0.0,2.3,3.7,0.636,0.636,0.0,0.3,0.0,0.7,1.7,2.3,0.7,0.0,0.0,1.0,2.0,4.7
27,Ron Behagen,PF,27.0,IND,51.0,0.0,22.2,4.4,10.7,0.408,0.0,0.0,0.0,4.4,10.7,0.408,0.408,2.5,3.5,0.727,2.9,3.7,6.5,1.3,0.6,0.4,2.2,3.1,11.2
28,Mel Bennett,PF,23.0,IND,31.0,0.0,9.2,0.7,2.6,0.284,0.0,0.0,0.0,0.7,2.6,0.284,0.284,0.9,1.5,0.622,1.6,1.4,3.0,0.7,0.4,0.2,1.0,1.7,2.4
29,Kent Benson,C,23.0,MIL,69.0,0.0,18.7,3.2,6.9,0.465,0.0,0.0,0.0,3.2,6.9,0.465,0.465,1.3,2.0,0.652,1.3,3.0,4.3,1.4,1.0,0.8,1.7,2.6,7.7
30,Henry Bibby,PG,28.0,PHI,82.0,0.0,30.7,3.5,8.0,0.434,0.0,0.0,0.0,3.5,8.0,0.434,0.434,2.1,2.7,0.781,0.8,2.3,3.1,5.7,1.1,0.1,1.9,2.5,9.1
32,Bob Bigelow,SF,24.0,TOT,5.0,0.0,4.8,0.8,2.6,0.308,0.0,0.0,0.0,0.8,2.6,0.308,0.308,0.0,0.0,0.0,0.6,1.2,1.8,0.0,0.0,0.0,0.0,0.6,1.6
33,Bob Bigelow,SF,24.0,KCK,1.0,0.0,7.0,1.0,1.0,1.0,0.0,0.0,0.0,1.0,1.0,1.0,1.0,0.0,0.0,0.0,2.0,3.0,5.0,0.0,0.0,0.0,0.0,2.0,2.0
34,Bob Bigelow,SF,24.0,BOS,4.0,0.0,4.3,0.8,3.0,0.25,0.0,0.0,0.0,0.8,3.0,0.25,0.25,0.0,0.0,0.0,0.3,0.8,1.0,0.0,0.0,0.0,0.0,0.3,1.5
35,Dave Bing*,PG,34.0,BOS,80.0,0.0,28.2,5.3,11.8,0.449,0.0,0.0,0.0,5.3,11.8,0.449,0.449,3.1,3.7,0.824,1.0,1.7,2.7,3.8,1.0,0.2,2.7,3.1,13.6
36,Otis Birdsong,SG,22.0,KCK,73.0,0.0,25.7,6.4,13.1,0.492,0.0,0.0,0.0,6.4,13.1,0.492,0.492,3.0,4.2,0.697,1.0,1.4,2.4,2.4,1.0,0.2,2.0,2.5,15.8
37,Tom Boerwinkle,C,32.0,CHI,22.0,0.0,10.3,1.0,2.3,0.46,0.0,0.0,0.0,1.0,2.3,0.46,0.46,0.5,0.6,0.769,0.6,2.0,2.7,2.0,0.1,0.2,1.2,1.6,2.5
38,Phil Bond,SG,23.0,HOU,7.0,0.0,3.0,0.3,0.9,0.333,0.0,0.0,0.0,0.3,0.9,0.333,0.333,0.0,0.0,0.0,0.1,0.4,0.6,0.3,0.1,0.0,0.3,0.1,0.6
39,Ron Boone,SG,31.0,KCK,82.0,0.0,32.4,6.9,15.5,0.443,0.0,0.0,0.0,6.9,15.5,0.443,0.443,3.9,4.6,0.854,1.4,1.9,3.3,3.8,1.3,0.1,3.7,2.8,17.7
40,Jim Bostic,PF,25.0,DET,4.0,0.0,12.0,3.0,5.5,0.545,0.0,0.0,0.0,3.0,5.5,0.545,0.545,0.5,1.3,0.4,2.0,2.0,4.0,0.8,0.0,0.0,0.8,1.3,6.5
41,Tom Boswell,PF,24.0,BOS,65.0,0.0,17.7,2.8,5.5,0.518,0.0,0.0,0.0,2.8,5.5,0.518,0.518,1.4,1.9,0.756,1.8,2.6,4.4,1.1,0.4,0.2,1.5,3.1,7.1
42,Freddie Boyd,SG,27.0,NOJ,21.0,0.0,17.3,2.1,5.2,0.4,0.0,0.0,0.0,2.1,5.2,0.4,0.4,0.7,1.0,0.636,0.1,0.8,0.9,2.3,0.4,0.1,1.0,1.1,4.9
43,Alonzo Bradley,SF,24.0,HOU,43.0,0.0,18.6,3.0,7.1,0.428,0.0,0.0,0.0,3.0,7.1,0.428,0.428,1.0,1.4,0.729,0.6,1.7,2.3,1.3,0.4,0.1,1.3,1.9,7.0
44,Mike Bratz,PG,22.0,PHO,80.0,0.0,11.7,2.0,4.9,0.403,0.0,0.0,0.0,2.0,4.9,0.403,0.403,0.7,0.9,0.824,0.5,0.9,1.4,1.5,0.5,0.1,1.1,1.3,4.7
45,Jim Brewer,PF,26.0,CLE,80.0,0.0,22.5,2.2,4.9,0.449,0.0,0.0,0.0,2.2,4.9,0.449,0.449,0.6,1.3,0.46,2.3,3.9,6.2,1.2,0.8,0.6,1.3,2.2,5.0
46,Junior Bridgeman,SF,24.0,MIL,82.0,0.0,22.9,5.8,11.5,0.503,0.0,0.0,0.0,5.8,11.5,0.503,0.503,2.0,2.5,0.81,1.4,2.1,3.5,2.1,0.9,0.4,2.1,2.5,13.6
47,Allan Bristow,SF,26.0,SAS,82.0,0.0,18.1,3.1,6.6,0.478,0.0,0.0,0.0,3.1,6.6,0.478,0.478,1.9,2.5,0.731,1.2,1.9,3.1,2.4,0.8,0.0,1.8,1.8,8.1
48,Wayman Britt,SG,25.0,DET,7.0,0.0,2.3,0.4,1.4,0.3,0.0,0.0,0.0,0.4,1.4,0.3,0.3,0.4,0.6,0.75,0.1,0.4,0.6,0.3,0.1,0.0,0.1,0.4,1.3
49,Gary Brokaw,SG,24.0,BUF,13.0,0.0,10.0,1.4,3.3,0.419,0.0,0.0,0.0,1.4,3.3,0.419,0.419,1.4,1.8,0.75,0.2,0.7,0.9,1.5,0.2,0.4,0.9,0.8,4.2
50,Fred Brown,SG,29.0,SEA,72.0,0.0,27.3,7.1,14.5,0.488,0.0,0.0,0.0,7.1,14.5,0.488,0.488,2.4,2.7,0.898,0.8,1.8,2.6,3.3,1.5,0.3,2.3,2.0,16.6
51,John Brown,SF,26.0,ATL,75.0,0.0,21.3,2.6,5.4,0.474,0.0,0.0,0.0,2.6,5.4,0.474,0.474,2.2,2.7,0.825,1.8,2.2,4.0,1.4,0.7,0.1,1.5,3.7,7.3
52,Joe Bryant,PF,23.0,PHI,81.0,0.0,15.3,2.3,5.4,0.436,0.0,0.0,0.0,2.3,5.4,0.436,0.436,1.4,1.8,0.771,1.3,2.2,3.5,1.6,0.7,0.3,1.4,2.3,6.1
53,Quinn Buckner,PG,23.0,MIL,82.0,0.0,25.3,3.8,8.2,0.468,0.0,0.0,0.0,3.8,8.2,0.468,0.468,1.6,2.5,0.645,1.0,2.1,3.0,5.6,2.3,0.2,2.8,3.5,9.3
55,Ticky Burden,SG,24.0,NYK,2.0,0.0,7.5,0.5,1.0,0.5,0.0,0.0,0.0,0.5,1.0,0.5,0.5,0.0,0.0,0.0,0.0,0.0,0.0,0.5,0.5,0.0,0.0,0.5,1.0
56,Tom Burleson,C,25.0,KCK,76.0,0.0,20.1,3.0,6.9,0.434,0.0,0.0,0.0,3.0,6.9,0.434,0.434,2.6,3.3,0.794,2.2,4.1,6.3,1.7,0.8,1.1,1.6,3.4,8.6
57,Don Buse,PG,27.0,PHO,82.0,0.0,31.1,3.5,7.6,0.458,0.0,0.0,0.0,3.5,7.6,0.458,0.458,1.4,1.7,0.824,0.7,2.3,3.0,4.8,2.3,0.2,1.5,1.8,8.4
58,Corky Calhoun,SF,27.0,POR,79.0,0.0,17.3,2.2,4.6,0.479,0.0,0.0,0.0,2.2,4.6,0.479,0.479,0.8,1.0,0.868,0.9,1.8,2.7,1.1,0.5,0.2,0.8,1.8,5.3
59,Mack Calvin,PG,30.0,DEN,77.0,0.0,12.8,1.9,4.3,0.441,0.0,0.0,0.0,1.9,4.3,0.441,0.441,2.2,2.7,0.84,0.1,0.9,1.1,1.9,0.6,0.1,1.4,1.1,6.1
60,Austin Carr,SG,29.0,CLE,82.0,0.0,26.7,5.0,11.5,0.438,0.0,0.0,0.0,5.0,11.5,0.438,0.438,2.2,2.7,0.813,0.9,1.4,2.3,2.7,0.8,0.2,1.8,2.0,12.3
61,Kenny Carr,PF,22.0,LAL,52.0,0.0,14.1,2.6,5.8,0.444,0.0,0.0,0.0,2.6,5.8,0.444,0.444,1.1,1.6,0.647,1.0,3.0,4.0,0.5,0.3,0.3,1.7,2.4,6.2
62,M.L. Carr,SF,27.0,DET,79.0,0.0,32.4,4.9,10.8,0.455,0.0,0.0,0.0,4.9,10.8,0.455,0.455,2.5,3.4,0.738,2.6,4.5,7.1,2.3,1.9,0.3,2.7,3.1,12.4
63,Bob Carrington,SG,24.0,TOT,72.0,0.0,23.0,3.5,8.2,0.43,0.0,0.0,0.0,3.5,8.2,0.43,0.43,1.8,2.4,0.76,1.0,1.4,2.4,1.6,0.9,0.3,1.6,2.8,8.8
64,Bob Carrington,SG,24.0,NJN,37.0,0.0,27.9,4.2,10.6,0.401,0.0,0.0,0.0,4.2,10.6,0.401,0.401,1.9,2.6,0.742,1.1,1.9,3.0,1.5,1.2,0.3,1.8,3.6,10.4
65,Bob Carrington,SG,24.0,IND,35.0,0.0,17.7,2.7,5.6,0.487,0.0,0.0,0.0,2.7,5.6,0.487,0.487,1.7,2.1,0.784,0.8,1.0,1.8,1.8,0.6,0.3,1.5,2.1,7.1
66,Harvey Catchings,C,26.0,PHI,61.0,0.0,12.3,1.1,2.9,0.393,0.0,0.0,0.0,1.1,2.9,0.393,0.393,0.6,0.9,0.618,1.7,2.4,4.1,0.6,0.3,1.1,0.7,2.0,2.9
67,Don Chaney,SG,31.0,TOT,51.0,0.0,16.4,2.0,5.3,0.387,0.0,0.0,0.0,2.0,5.3,0.387,0.387,0.7,0.9,0.844,0.8,1.5,2.3,1.3,0.9,0.3,1.2,2.1,4.8
68,Don Chaney,SG,31.0,LAL,9.0,0.0,14.8,1.4,4.0,0.361,0.0,0.0,0.0,1.4,4.0,0.361,0.361,0.6,0.7,0.833,0.4,0.8,1.2,1.9,0.9,0.3,1.2,1.6,3.4
69,Don Chaney,SG,31.0,BOS,42.0,0.0,16.7,2.2,5.5,0.391,0.0,0.0,0.0,2.2,5.5,0.391,0.391,0.8,0.9,0.846,0.9,1.6,2.5,1.2,0.9,0.2,1.2,2.2,5.1
70,Ken Charles,SG,26.0,ATL,21.0,0.0,24.8,3.5,8.8,0.397,0.0,0.0,0.0,3.5,8.8,0.397,0.397,2.0,2.4,0.84,0.3,0.9,1.1,3.9,1.2,0.2,1.8,2.5,9.0
71,Phil Chenier,SG,27.0,WSB,36.0,0.0,26.0,5.6,12.5,0.443,0.0,0.0,0.0,5.6,12.5,0.443,0.443,3.0,3.8,0.79,0.4,2.4,2.8,2.0,1.0,0.3,1.9,1.5,14.1
72,Jim Chones,C,28.0,CLE,82.0,0.0,35.4,6.4,13.6,0.472,0.0,0.0,0.0,6.4,13.6,0.472,0.472,2.2,3.0,0.72,2.7,7.6,10.3,1.6,0.6,0.7,2.2,2.9,15.0
73,Jim Cleamons,PG,28.0,NYK,79.0,0.0,25.4,2.7,5.7,0.48,0.0,0.0,0.0,2.7,5.7,0.48,0.48,1.0,1.3,0.786,0.9,1.8,2.7,3.6,0.9,0.2,1.4,1.8,6.5
74,E.C. Coleman,PF,27.0,GSW,72.0,0.0,25.0,2.9,6.2,0.475,0.0,0.0,0.0,2.9,6.2,0.475,0.475,0.6,0.8,0.727,1.6,3.6,5.2,1.4,0.9,0.3,1.3,3.5,6.4
75,Doug Collins,SG,26.0,PHI,79.0,0.0,35.1,8.1,15.5,0.526,0.0,0.0,0.0,8.1,15.5,0.526,0.526,3.4,4.2,0.812,1.1,1.8,2.9,4.1,1.6,0.3,3.2,2.9,19.7
76,Norm Cook,SF,22.0,DEN,2.0,0.0,5.0,0.5,1.5,0.333,0.0,0.0,0.0,0.5,1.5,0.333,0.333,0.0,0.0,0.0,0.5,1.0,1.5,0.5,0.0,0.0,0.0,2.0,1.0
77,Dave Cowens*,C,29.0,BOS,77.0,0.0,41.8,7.8,15.8,0.49,0.0,0.0,0.0,7.8,15.8,0.49,0.49,3.1,3.7,0.842,3.2,10.8,14.0,4.6,1.3,0.9,2.8,3.9,18.6
78,Wesley Cox,SF,23.0,GSW,43.0,0.0,10.5,1.6,4.0,0.399,0.0,0.0,0.0,1.6,4.0,0.399,0.399,1.3,2.3,0.58,1.0,2.3,3.3,0.3,0.5,0.2,0.8,1.9,4.6
80,Charlie Criss,PG,29.0,ATL,77.0,0.0,25.1,4.1,9.8,0.425,0.0,0.0,0.0,4.1,9.8,0.425,0.425,3.1,3.8,0.797,0.3,1.3,1.6,3.8,1.4,0.1,1.9,1.9,11.4
81,Mark Crow,SF,23.0,NJN,15.0,0.0,10.3,2.3,5.3,0.438,0.0,0.0,0.0,2.3,5.3,0.438,0.438,0.9,1.3,0.7,0.9,0.9,1.8,0.5,0.3,0.1,0.8,1.6,5.6
82,Louie Dampier*,PG,33.0,SAS,82.0,0.0,24.8,4.1,8.0,0.509,0.0,0.0,0.0,4.1,8.0,0.509,0.509,0.9,1.2,0.752,0.3,1.2,1.5,3.5,1.1,0.2,1.2,1.0,9.1
83,Bob Dandridge,SF,30.0,WSB,75.0,0.0,37.0,7.5,15.9,0.471,0.0,0.0,0.0,7.5,15.9,0.471,0.471,4.4,5.6,0.788,1.8,4.1,5.9,3.8,1.3,0.6,3.2,3.5,19.3
84,Adrian Dantley*,SF,22.0,TOT,79.0,0.0,37.1,7.3,14.3,0.512,0.0,0.0,0.0,7.3,14.3,0.512,0.512,6.8,8.6,0.796,3.4,4.5,7.8,3.2,1.5,0.3,2.9,2.9,21.5
85,Adrian Dantley*,SF,22.0,IND,23.0,0.0,41.2,8.7,17.5,0.499,0.0,0.0,0.0,8.7,17.5,0.499,0.499,9.0,11.4,0.787,4.1,5.3,9.4,2.8,2.1,0.7,2.9,3.3,26.5
86,Adrian Dantley*,SF,22.0,LAL,56.0,0.0,35.4,6.7,12.9,0.52,0.0,0.0,0.0,6.7,12.9,0.52,0.52,6.0,7.4,0.801,3.1,4.2,7.2,3.4,1.3,0.1,2.9,2.8,19.4
87,Brad Davis,PG,22.0,LAL,33.0,0.0,10.1,0.9,2.2,0.417,0.0,0.0,0.0,0.9,2.2,0.417,0.417,0.7,0.9,0.759,0.1,0.9,1.1,2.5,0.5,0.1,1.1,1.2,2.5
88,Johnny Davis,SG,22.0,POR,82.0,0.0,26.7,4.2,9.2,0.454,0.0,0.0,0.0,4.2,9.2,0.454,0.454,2.3,2.8,0.828,0.8,1.3,2.1,2.6,1.0,0.2,1.8,2.1,10.7
89,Walter Davis,SF,23.0,PHO,81.0,0.0,32.0,9.7,18.4,0.526,0.0,0.0,0.0,9.7,18.4,0.526,0.526,4.8,5.8,0.83,2.0,4.0,6.0,3.4,1.4,0.2,3.5,3.0,24.2
90,Darryl Dawkins,C,21.0,PHI,70.0,0.0,24.6,4.7,8.2,0.575,0.0,0.0,0.0,4.7,8.2,0.575,0.575,2.2,3.1,0.709,1.7,6.3,7.9,1.2,0.5,1.8,1.8,3.8,11.7
91,Derrek Dickey,PF,26.0,TOT,47.0,0.0,10.5,1.9,4.2,0.439,0.0,0.0,0.0,1.9,4.2,0.439,0.439,0.6,0.8,0.833,0.8,1.3,2.1,0.4,0.3,0.1,0.9,1.2,4.3
92,Derrek Dickey,PF,26.0,GSW,22.0,0.0,12.4,2.7,5.9,0.462,0.0,0.0,0.0,2.7,5.9,0.462,0.462,0.7,0.8,0.941,1.0,1.3,2.2,0.5,0.5,0.1,0.8,1.3,6.2
93,Derrek Dickey,PF,26.0,CHI,25.0,0.0,8.8,1.1,2.7,0.397,0.0,0.0,0.0,1.1,2.7,0.397,0.397,0.6,0.8,0.737,0.6,1.3,1.9,0.4,0.2,0.1,0.9,1.1,2.7
94,Coby Dietrick,PF,29.0,SAS,79.0,0.0,23.7,3.2,6.9,0.46,0.0,0.0,0.0,3.2,6.9,0.46,0.46,1.1,1.4,0.781,0.9,3.6,4.5,2.7,1.0,0.7,1.8,2.9,7.5
95,Ernie DiGregorio,PG,27.0,TOT,52.0,0.0,11.7,1.7,4.0,0.421,0.0,0.0,0.0,1.7,4.0,0.421,0.421,0.5,0.6,0.848,0.1,0.8,1.0,2.6,0.3,0.0,1.8,0.8,3.9
96,Ernie DiGregorio,PG,27.0,LAL,25.0,0.0,13.3,1.6,4.0,0.41,0.0,0.0,0.0,1.6,4.0,0.41,0.41,0.6,0.8,0.8,0.2,0.7,0.9,2.8,0.2,0.0,1.8,0.9,3.9
97,Ernie DiGregorio,PG,27.0,BOS,27.0,0.0,10.1,1.7,4.0,0.431,0.0,0.0,0.0,1.7,4.0,0.431,0.431,0.4,0.5,0.923,0.1,0.9,1.0,2.4,0.4,0.0,1.7,0.8,3.9
98,Jacky Dorsey,SF,23.0,TOT,11.0,0.0,8.0,1.1,2.8,0.387,0.0,0.0,0.0,1.1,2.8,0.387,0.387,0.9,1.5,0.625,1.0,1.7,2.7,0.5,0.2,0.3,0.5,1.5,3.1
99,Jacky Dorsey,SF,23.0,DEN,7.0,0.0,5.3,0.4,1.7,0.25,0.0,0.0,0.0,0.4,1.7,0.25,0.25,0.4,0.7,0.6,0.7,2.1,2.9,0.3,0.3,0.3,0.4,1.3,1.3
100,Jacky Dorsey,SF,23.0,POR,4.0,0.0,12.8,2.3,4.8,0.474,0.0,0.0,0.0,2.3,4.8,0.474,0.474,1.8,2.8,0.636,1.5,1.0,2.5,0.8,0.0,0.3,0.8,2.0,6.3
101,Leon Douglas,C,23.0,DET,79.0,0.0,25.2,4.1,8.4,0.481,0.0,0.0,0.0,4.1,8.4,0.481,0.481,2.8,4.4,0.641,2.3,5.1,7.4,1.4,0.7,0.6,2.5,3.7,10.9
102,John Drew,SF,23.0,ATL,70.0,0.0,31.5,8.5,17.7,0.48,0.0,0.0,0.0,8.5,17.7,0.48,0.48,6.2,8.2,0.76,3.0,4.3,7.3,2.0,1.7,0.4,3.0,3.5,23.2
103,Charles Dudley,PG,27.0,GSW,78.0,0.0,21.3,1.6,3.2,0.51,0.0,0.0,0.0,1.6,3.2,0.51,0.51,1.8,2.5,0.708,1.1,2.6,3.7,5.2,0.9,0.0,2.1,2.3,5.0
104,Mike Dunleavy,PG,23.0,TOT,15.0,0.0,7.9,1.3,3.3,0.4,0.0,0.0,0.0,1.3,3.3,0.4,0.4,0.9,1.2,0.722,0.1,0.6,0.7,1.9,0.6,0.1,0.8,0.8,3.5
105,Mike Dunleavy,PG,23.0,PHI,4.0,0.0,4.3,0.8,1.8,0.429,0.0,0.0,0.0,0.8,1.8,0.429,0.429,0.5,0.5,1.0,0.0,0.3,0.3,1.5,0.3,0.0,0.8,0.0,2.0
106,Mike Dunleavy,PG,23.0,HOU,11.0,0.0,9.3,1.5,3.9,0.395,0.0,0.0,0.0,1.5,3.9,0.395,0.395,1.0,1.5,0.688,0.1,0.7,0.8,2.0,0.7,0.1,0.8,1.1,4.1
107,T.R. Dunn,SG,22.0,POR,63.0,0.0,12.2,1.6,3.8,0.417,0.0,0.0,0.0,1.6,3.8,0.417,0.417,0.6,0.9,0.661,1.0,1.3,2.3,0.7,0.7,0.1,0.6,1.2,3.8
108,Jim Eakins,C,31.0,TOT,33.0,0.0,12.3,1.3,2.6,0.512,0.0,0.0,0.0,1.3,2.6,0.512,0.512,1.5,1.8,0.833,0.9,1.4,2.3,0.9,0.2,0.5,1.0,2.2,4.2
109,Jim Eakins,C,31.0,SAS,16.0,0.0,15.7,1.9,3.3,0.577,0.0,0.0,0.0,1.9,3.3,0.577,0.577,1.8,2.1,0.853,1.1,1.8,2.9,1.1,0.2,0.6,1.5,2.9,5.6
110,Jim Eakins,C,31.0,MIL,17.0,0.0,9.1,0.8,2.0,0.412,0.0,0.0,0.0,0.8,2.0,0.412,0.412,1.2,1.5,0.808,0.7,1.0,1.7,0.7,0.2,0.4,0.5,1.5,2.9
111,Al Eberhard,SF,25.0,DET,37.0,0.0,15.6,1.9,4.3,0.444,0.0,0.0,0.0,1.9,4.3,0.444,0.444,1.1,1.6,0.672,1.0,1.8,2.8,0.7,0.4,0.1,0.6,1.7,4.9
113,James Edwards,C,22.0,TOT,83.0,0.0,29.0,6.0,13.2,0.453,0.0,0.0,0.0,6.0,13.2,0.453,0.453,3.3,5.1,0.646,2.4,5.0,7.4,1.0,0.6,0.9,2.0,3.9,15.2
114,James Edwards,C,22.0,LAL,25.0,0.0,28.9,5.8,12.6,0.459,0.0,0.0,0.0,5.8,12.6,0.459,0.459,3.2,5.0,0.64,1.8,5.4,7.2,1.2,0.6,1.1,2.3,3.6,14.8
115,James Edwards,C,22.0,IND,58.0,0.0,29.0,6.0,13.4,0.45,0.0,0.0,0.0,6.0,13.4,0.45,0.45,3.3,5.1,0.649,2.6,4.9,7.5,1.0,0.6,0.9,1.9,4.0,15.4
116,Bo Ellis,PF,23.0,DEN,78.0,0.0,15.6,1.7,4.1,0.416,0.0,0.0,0.0,1.7,4.1,0.416,0.416,0.9,1.3,0.692,1.5,2.4,3.9,0.9,0.6,0.6,1.3,2.7,4.3
117,Len Elmore,C,25.0,IND,69.0,0.0,19.2,2.1,5.6,0.368,0.0,0.0,0.0,2.1,5.6,0.368,0.368,1.3,1.9,0.667,2.0,4.1,6.1,1.2,1.1,1.0,1.1,2.5,5.4
118,Alex English*,SF,24.0,MIL,82.0,0.0,18.9,4.2,7.7,0.542,0.0,0.0,0.0,4.2,7.7,0.542,0.542,1.3,1.7,0.727,1.8,3.1,4.8,1.6,0.5,0.7,1.7,2.2,9.6
119,Julius Erving*,SF,27.0,PHI,74.0,0.0,32.8,8.3,16.4,0.502,0.0,0.0,0.0,8.3,16.4,0.502,0.502,4.1,4.9,0.845,2.4,4.1,6.5,3.8,1.8,1.3,3.2,2.8,20.6
120,Al Fleming,SF,23.0,SEA,20.0,0.0,4.9,0.8,1.6,0.484,0.0,0.0,0.0,0.8,1.6,0.484,0.484,0.5,0.9,0.588,0.7,0.9,1.5,0.4,0.0,0.3,0.8,0.8,2.0
121,Mike Flynn,PG,24.0,IND,71.0,0.0,13.5,1.7,3.8,0.449,0.0,0.0,0.0,1.7,3.8,0.449,0.449,0.8,1.4,0.567,0.7,1.0,1.6,2.0,0.6,0.1,1.1,0.7,4.2
122,Chris Ford,SG,29.0,DET,82.0,0.0,31.5,4.6,9.5,0.481,0.0,0.0,0.0,4.6,9.5,0.481,0.481,1.4,1.9,0.734,1.4,1.8,3.3,4.6,2.0,0.2,2.8,2.2,10.5
123,Don Ford,PF,25.0,LAL,79.0,0.0,24.6,3.4,7.3,0.472,0.0,0.0,0.0,3.4,7.3,0.472,0.472,0.9,1.1,0.756,1.3,3.1,4.5,1.8,0.9,0.6,1.1,2.7,7.7
124,Bayard Forrest,C,23.0,PHO,64.0,0.0,13.9,1.7,3.7,0.466,0.0,0.0,0.0,1.7,3.7,0.466,0.466,0.8,1.6,0.476,1.3,2.6,3.9,2.0,0.4,0.5,1.3,1.6,4.2
125,Walt Frazier*,PG,32.0,CLE,51.0,0.0,32.6,6.6,14.0,0.471,0.0,0.0,0.0,6.6,14.0,0.471,0.471,3.0,3.5,0.85,1.1,3.0,4.1,4.1,1.5,0.3,2.2,2.4,16.2
126,World B. Free,SG,24.0,PHI,76.0,0.0,27.0,5.1,11.3,0.455,0.0,0.0,0.0,5.1,11.3,0.455,0.455,5.4,7.4,0.731,1.2,1.6,2.8,4.0,0.9,0.5,2.6,2.6,15.7
127,Terry Furlow,SG,23.0,CLE,53.0,0.0,15.6,3.6,8.4,0.433,0.0,0.0,0.0,3.6,8.4,0.433,0.433,1.7,1.9,0.889,0.9,1.1,2.0,1.4,0.4,0.3,1.5,1.3,8.9
128,Mike Gale,SG,27.0,SAS,70.0,0.0,29.9,3.9,8.3,0.473,0.0,0.0,0.0,3.9,8.3,0.473,0.473,1.2,1.4,0.87,0.8,2.4,3.2,5.4,2.3,0.4,2.5,2.4,9.1
129,Gus Gerard,SF,24.0,TOT,57.0,0.0,15.6,3.0,6.9,0.43,0.0,0.0,0.0,3.0,6.9,0.43,0.43,1.3,1.9,0.694,1.0,1.8,2.8,0.9,0.6,0.4,1.1,1.9,7.3
130,Gus Gerard,SF,24.0,BUF,10.0,0.0,8.5,1.6,4.0,0.4,0.0,0.0,0.0,1.6,4.0,0.4,0.4,1.1,1.5,0.733,0.6,0.8,1.4,0.9,0.2,0.3,0.7,1.3,4.3
131,Gus Gerard,SF,24.0,DET,47.0,0.0,17.1,3.3,7.6,0.434,0.0,0.0,0.0,3.3,7.6,0.434,0.434,1.4,2.0,0.688,1.0,2.1,3.1,0.9,0.7,0.5,1.1,2.0,7.9
132,George Gervin*,SG,25.0,SAS,82.0,0.0,34.8,10.5,19.6,0.536,0.0,0.0,0.0,10.5,19.6,0.536,0.536,6.1,7.4,0.83,1.4,3.7,5.1,3.7,1.7,1.3,3.7,3.1,27.2
133,John Gianelli,C,27.0,MIL,82.0,0.0,28.4,3.7,7.7,0.488,0.0,0.0,0.0,3.7,7.7,0.488,0.488,1.0,1.5,0.642,2.0,4.2,6.2,2.3,0.7,1.1,1.8,2.3,8.5
134,Artis Gilmore*,C,28.0,CHI,82.0,0.0,37.4,8.6,15.4,0.559,0.0,0.0,0.0,8.6,15.4,0.559,0.559,5.7,8.2,0.704,3.9,9.2,13.1,3.2,0.5,2.2,4.5,3.2,22.9
135,Mike Glenn,SG,22.0,BUF,56.0,0.0,16.9,3.5,6.6,0.527,0.0,0.0,0.0,3.5,6.6,0.527,0.527,0.9,1.2,0.785,0.3,1.2,1.4,1.4,0.6,0.1,0.9,1.8,7.9
136,Glen Gondrezick,SF,22.0,NYK,72.0,0.0,14.1,1.8,4.7,0.386,0.0,0.0,0.0,1.8,4.7,0.386,0.386,1.2,1.7,0.686,1.3,2.2,3.5,1.2,0.8,0.3,1.1,2.5,4.8
138,Gail Goodrich*,SG,34.0,NOJ,81.0,0.0,31.5,6.4,13.0,0.495,0.0,0.0,0.0,6.4,13.0,0.495,0.495,3.3,4.1,0.795,0.9,1.3,2.2,4.8,1.0,0.3,2.5,2.3,16.1
139,Mike Green,C,26.0,TOT,72.0,0.0,19.2,3.3,7.1,0.463,0.0,0.0,0.0,3.3,7.1,0.463,0.463,1.5,2.0,0.754,1.8,3.2,5.0,1.1,0.4,1.4,1.5,2.7,8.1
140,Mike Green,C,26.0,SEA,9.0,0.0,27.8,4.8,9.7,0.494,0.0,0.0,0.0,4.8,9.7,0.494,0.494,2.3,3.4,0.677,2.4,3.7,6.1,1.1,0.7,1.4,2.4,2.9,11.9
141,Mike Green,C,26.0,SAS,63.0,0.0,18.0,3.1,6.8,0.457,0.0,0.0,0.0,3.1,6.8,0.457,0.457,1.4,1.8,0.775,1.7,3.1,4.8,1.0,0.4,1.4,1.3,2.7,7.6
142,Rickey Green,PG,23.0,GSW,76.0,0.0,14.4,1.9,4.9,0.381,0.0,0.0,0.0,1.9,4.9,0.381,0.381,0.7,1.2,0.6,0.6,0.9,1.5,2.0,0.8,0.0,1.0,1.3,4.5
143,Steve Green,SF,24.0,IND,44.0,0.0,10.2,1.3,2.9,0.438,0.0,0.0,0.0,1.3,2.9,0.438,0.438,0.9,1.3,0.696,0.7,0.9,1.6,0.7,0.3,0.0,0.5,1.5,3.4
144,Kevin Grevey,SF,24.0,WSB,81.0,0.0,26.2,6.2,13.9,0.448,0.0,0.0,0.0,6.2,13.9,0.448,0.448,3.0,3.8,0.789,1.5,2.0,3.6,1.9,0.8,0.2,2.0,2.5,15.5
145,Greg Griffin,SF,25.0,PHO,36.0,0.0,11.7,1.7,4.7,0.361,0.0,0.0,0.0,1.7,4.7,0.361,0.361,0.6,1.0,0.639,1.2,1.6,2.9,0.7,0.4,0.0,1.1,1.6,4.0
146,Paul Griffin,PF,24.0,NOJ,82.0,0.0,22.6,2.0,4.4,0.447,0.0,0.0,0.0,2.0,4.4,0.447,0.447,1.4,1.9,0.713,1.9,4.3,6.2,2.1,1.1,0.5,1.8,2.8,5.3
147,Bob Gross,SF,24.0,POR,72.0,0.0,30.0,5.3,10.0,0.529,0.0,0.0,0.0,5.3,10.0,0.529,0.529,2.1,2.6,0.8,2.5,3.1,5.6,3.5,1.4,0.7,2.5,3.3,12.7
148,Ernie Grunfeld,SG,22.0,MIL,73.0,0.0,17.3,2.8,6.3,0.443,0.0,0.0,0.0,2.8,6.3,0.443,0.443,1.3,2.0,0.657,1.0,1.7,2.7,2.0,0.7,0.3,1.3,2.1,6.9
149,Glenn Hansen,SG,25.0,TOT,5.0,0.0,2.6,0.0,1.4,0.0,0.0,0.0,0.0,0.0,1.4,0.0,0.0,0.0,0.0,0.0,0.2,0.0,0.2,0.2,0.2,0.0,0.2,0.6,0.0
150,Glenn Hansen,SG,25.0,CHI,2.0,0.0,2.0,0.0,1.0,0.0,0.0,0.0,0.0,0.0,1.0,0.0,0.0,0.0,0.0,0.0,0.0,0.0,0.0,0.0,0.0,0.0,0.5,0.0,0.0
151,Glenn Hansen,SG,25.0,KCK,3.0,0.0,3.0,0.0,1.7,0.0,0.0,0.0,0.0,0.0,1.7,0.0,0.0,0.0,0.0,0.0,0.3,0.0,0.3,0.3,0.3,0.0,0.0,1.0,0.0
152,Joe Hassett,SG,22.0,SEA,48.0,0.0,8.4,1.9,4.3,0.444,0.0,0.0,0.0,1.9,4.3,0.444,0.444,0.2,0.3,0.833,0.3,0.5,0.8,0.9,0.4,0.0,0.7,0.9,4.0
153,John Havlicek*,SF,37.0,BOS,82.0,0.0,34.1,6.7,14.8,0.449,0.0,0.0,0.0,6.7,14.8,0.449,0.449,2.8,3.3,0.855,1.1,2.9,4.0,4.0,1.1,0.3,2.5,2.3,16.1
154,Steve Hawes,PF,27.0,ATL,75.0,0.0,31.0,5.2,11.4,0.453,0.0,0.0,0.0,5.2,11.4,0.453,0.453,2.3,2.9,0.818,2.4,6.8,9.2,2.5,1.0,0.8,2.0,3.1,12.7
155,Bubbles Hawkins,SG,23.0,NJN,15.0,0.0,22.9,4.6,10.0,0.46,0.0,0.0,0.0,4.6,10.0,0.46,0.46,1.7,1.9,0.862,1.4,1.9,3.3,2.5,1.5,0.9,2.9,3.4,10.9
156,Elvin Hayes*,PF,32.0,WSB,81.0,0.0,40.1,7.9,17.4,0.451,0.0,0.0,0.0,7.9,17.4,0.451,0.451,4.0,6.3,0.634,4.1,9.1,13.3,1.8,1.2,2.0,2.8,3.9,19.7
157,Spencer Haywood*,PF,28.0,NYK,67.0,0.0,26.3,6.1,12.7,0.484,0.0,0.0,0.0,6.1,12.7,0.484,0.484,1.4,2.0,0.711,2.1,4.5,6.6,1.9,0.6,1.1,2.1,2.8,13.7
158,Gar Heard,PF,29.0,PHO,80.0,0.0,26.2,3.3,7.8,0.424,0.0,0.0,0.0,3.3,7.8,0.424,0.424,1.1,1.8,0.612,2.1,6.1,8.2,1.7,1.6,1.3,1.5,2.7,7.8
159,Tom Henderson,PG,26.0,WSB,75.0,0.0,30.9,4.5,10.5,0.432,0.0,0.0,0.0,4.5,10.5,0.432,0.432,2.4,3.2,0.746,0.9,1.7,2.6,5.4,1.2,0.2,2.6,1.7,11.4
160,Armond Hill,PG,24.0,ATL,82.0,0.0,30.9,3.7,8.9,0.415,0.0,0.0,0.0,3.7,8.9,0.415,0.415,2.3,2.7,0.848,0.7,2.1,2.8,5.2,1.8,0.2,2.9,3.7,9.7
161,Darnell Hillman,PF,28.0,TOT,78.0,0.0,25.2,4.4,9.1,0.479,0.0,0.0,0.0,4.4,9.1,0.479,0.479,2.1,3.7,0.584,2.6,4.8,7.4,1.3,0.8,1.0,2.2,3.7,10.9
162,Darnell Hillman,PF,28.0,NJN,45.0,0.0,27.1,5.2,11.1,0.471,0.0,0.0,0.0,5.2,11.1,0.471,0.471,2.6,4.6,0.576,2.8,4.7,7.5,1.1,1.1,1.0,2.4,3.6,13.1
163,Darnell Hillman,PF,28.0,DEN,33.0,0.0,22.6,3.2,6.3,0.498,0.0,0.0,0.0,3.2,6.3,0.498,0.498,1.5,2.5,0.605,2.2,5.0,7.2,1.6,0.4,1.1,2.0,3.9,7.8
165,Wilbur Holland,SG,26.0,CHI,82.0,0.0,35.2,6.9,15.7,0.443,0.0,0.0,0.0,6.9,15.7,0.443,0.443,2.7,3.4,0.799,1.3,2.3,3.6,3.8,2.0,0.2,2.7,3.1,16.6
166,Lionel Hollins,PG,24.0,POR,81.0,0.0,33.8,6.6,14.8,0.442,0.0,0.0,0.0,6.6,14.8,0.442,0.442,2.8,3.7,0.743,1.0,2.4,3.4,4.7,1.9,0.4,3.0,3.3,15.9
167,Lou Hudson,SG,33.0,LAL,82.0,0.0,27.8,6.0,12.1,0.497,0.0,0.0,0.0,6.0,12.1,0.497,0.497,1.7,2.2,0.774,1.0,1.3,2.3,2.4,1.1,0.2,1.8,2.4,13.7
168,Kim Hughes,C,25.0,NJN,56.0,0.0,15.3,1.0,2.9,0.356,0.0,0.0,0.0,1.0,2.9,0.356,0.356,0.2,0.5,0.31,1.7,2.6,4.3,0.7,0.9,0.9,1.0,2.9,2.2
169,Dan Issel*,C,29.0,DEN,82.0,0.0,34.8,8.0,15.7,0.512,0.0,0.0,0.0,8.0,15.7,0.512,0.512,5.2,6.7,0.782,3.1,7.0,10.1,3.7,1.2,0.5,3.2,3.4,21.3
170,Phil Jackson*,PF,32.0,NYK,63.0,0.0,10.4,0.9,1.8,0.478,0.0,0.0,0.0,0.9,1.8,0.478,0.478,0.7,0.9,0.768,0.5,1.3,1.7,0.7,0.5,0.2,0.7,1.7,2.4
171,Aaron James,SF,25.0,NOJ,80.0,0.0,26.5,5.4,10.8,0.497,0.0,0.0,0.0,5.4,10.8,0.497,0.497,1.5,2.0,0.745,2.0,3.2,5.3,1.4,0.5,0.3,1.6,3.2,12.2
172,Charles Johnson,SG,28.0,TOT,71.0,0.0,18.3,3.3,8.2,0.408,0.0,0.0,0.0,3.3,8.2,0.408,0.408,0.7,0.9,0.803,0.6,1.6,2.2,1.8,0.9,0.1,1.0,1.8,7.4
173,Charles Johnson,SG,28.0,GSW,32.0,0.0,15.4,3.0,7.3,0.409,0.0,0.0,0.0,3.0,7.3,0.409,0.409,0.2,0.3,0.7,0.7,1.2,1.9,1.5,1.0,0.1,0.7,1.7,6.2
174,Charles Johnson,SG,28.0,WSB,39.0,0.0,20.7,3.6,8.9,0.408,0.0,0.0,0.0,3.6,8.9,0.408,0.408,1.1,1.3,0.824,0.5,1.9,2.4,2.1,0.8,0.0,1.3,1.9,8.3
175,Dennis Johnson*,SG,23.0,SEA,81.0,0.0,27.3,4.5,10.9,0.417,0.0,0.0,0.0,4.5,10.9,0.417,0.417,3.7,5.0,0.732,1.9,1.8,3.6,2.8,1.5,0.6,2.0,2.6,12.7
176,Eddie Johnson,SG,22.0,ATL,79.0,0.0,23.7,4.2,8.7,0.484,0.0,0.0,0.0,4.2,8.7,0.484,0.484,2.1,2.5,0.816,0.6,1.3,1.9,3.0,1.3,0.1,2.1,2.9,10.5
177,George Johnson,C,29.0,NJN,81.0,0.0,29.8,3.5,8.9,0.395,0.0,0.0,0.0,3.5,8.9,0.395,0.395,1.6,2.3,0.719,3.0,6.6,9.6,1.4,1.0,3.4,2.7,4.2,8.7
178,John Johnson,SF,30.0,TOT,77.0,0.0,23.7,4.4,10.7,0.415,0.0,0.0,0.0,4.4,10.7,0.415,0.415,1.7,2.3,0.751,1.3,2.7,4.0,2.7,0.6,0.2,2.2,2.6,10.6
179,John Johnson,SF,30.0,HOU,1.0,0.0,11.0,1.0,4.0,0.25,0.0,0.0,0.0,1.0,4.0,0.25,0.25,2.0,3.0,0.667,2.0,1.0,3.0,1.0,0.0,0.0,3.0,3.0,4.0
180,John Johnson,SF,30.0,SEA,76.0,0.0,23.8,4.5,10.8,0.416,0.0,0.0,0.0,4.5,10.8,0.416,0.416,1.7,2.3,0.753,1.3,2.7,4.0,2.8,0.6,0.3,2.2,2.6,10.7
181,Larry Johnson,SG,23.0,BUF,4.0,0.0,9.5,0.8,3.3,0.231,0.0,0.0,0.0,0.8,3.3,0.231,0.231,0.0,0.5,0.0,0.3,1.0,1.3,1.8,1.3,0.5,0.8,0.8,1.5
182,Marques Johnson,SF,21.0,MIL,80.0,0.0,34.6,7.9,15.1,0.522,0.0,0.0,0.0,7.9,15.1,0.522,0.522,3.8,5.1,0.736,3.7,6.9,10.6,2.4,1.2,1.3,2.2,2.8,19.5
183,Mickey Johnson,PF,25.0,CHI,81.0,0.0,35.4,6.9,15.0,0.462,0.0,0.0,0.0,6.9,15.0,0.462,0.462,4.5,5.5,0.812,2.7,6.4,9.1,3.3,1.1,0.8,3.3,3.9,18.3
184,Ollie Johnson,SF,28.0,ATL,82.0,0.0,20.8,3.6,7.5,0.472,0.0,0.0,0.0,3.6,7.5,0.472,0.472,1.4,1.6,0.854,1.1,2.1,3.2,1.5,1.0,0.4,1.3,2.2,8.5
185,Bobby Jones*,PF,26.0,DEN,75.0,0.0,32.5,5.9,10.1,0.578,0.0,0.0,0.0,5.9,10.1,0.578,0.578,2.8,3.7,0.751,2.2,6.3,8.5,3.4,1.8,1.7,2.6,2.9,14.5
186,Caldwell Jones,C,27.0,PHI,80.0,0.0,20.5,2.1,4.5,0.471,0.0,0.0,0.0,2.1,4.5,0.471,0.471,1.2,1.9,0.627,2.1,5.1,7.1,1.2,0.3,1.6,1.6,3.5,5.4
187,Dwight Jones,PF,25.0,HOU,82.0,0.0,30.2,4.2,9.5,0.445,0.0,0.0,0.0,4.2,9.5,0.445,0.445,2.2,2.8,0.777,2.6,5.2,7.8,1.3,0.9,0.5,2.0,3.2,10.6
188,Robin Jones,C,23.0,HOU,12.0,0.0,5.5,0.9,1.7,0.55,0.0,0.0,0.0,0.9,1.7,0.55,0.55,0.3,0.8,0.4,0.4,0.8,1.2,0.2,0.1,0.1,0.6,1.3,2.2
190,Wil Jones,PF,30.0,BUF,79.0,0.0,21.7,2.9,6.5,0.44,0.0,0.0,0.0,2.9,6.5,0.44,0.44,1.1,1.5,0.706,1.3,2.9,4.2,1.5,0.9,0.5,1.7,3.2,6.8
191,Eddie Jordan,PG,23.0,TOT,73.0,0.0,16.6,2.9,7.4,0.4,0.0,0.0,0.0,2.9,7.4,0.4,0.4,1.8,2.3,0.784,0.5,1.2,1.6,2.4,1.7,0.3,1.5,1.3,7.7
192,Eddie Jordan,PG,23.0,CLE,22.0,0.0,7.8,0.9,2.5,0.339,0.0,0.0,0.0,0.9,2.5,0.339,0.339,0.5,0.7,0.75,0.1,0.4,0.5,1.5,0.5,0.0,0.6,0.5,2.3
193,Eddie Jordan,PG,23.0,NJN,51.0,0.0,20.4,3.8,9.5,0.407,0.0,0.0,0.0,3.8,9.5,0.407,0.407,2.3,3.0,0.788,0.6,1.5,2.1,2.8,2.2,0.4,1.8,1.6,10.0
194,George Karl,PG,26.0,SAS,4.0,0.0,7.5,0.5,1.5,0.333,0.0,0.0,0.0,0.5,1.5,0.333,0.333,0.5,0.5,1.0,0.0,1.3,1.3,1.3,0.3,0.0,1.0,1.5,1.5
195,Rich Kelley,C,24.0,NOJ,82.0,0.0,25.8,3.7,7.3,0.505,0.0,0.0,0.0,3.7,7.3,0.505,0.505,2.7,3.5,0.779,3.0,6.2,9.3,2.8,1.1,1.6,2.7,3.6,10.2
196,Larry Kenon,SF,25.0,SAS,81.0,0.0,35.4,8.6,17.6,0.489,0.0,0.0,0.0,8.6,17.6,0.489,0.489,3.4,4.0,0.854,3.0,6.5,9.5,3.3,1.4,0.3,3.4,2.6,20.6
197,Bernard King*,SF,21.0,NJN,79.0,0.0,39.1,10.1,21.1,0.479,0.0,0.0,0.0,10.1,21.1,0.479,0.479,4.0,5.8,0.677,3.4,6.2,9.5,2.4,1.5,0.5,3.9,3.8,24.2
198,Billy Knight,SF,25.0,BUF,53.0,0.0,40.7,8.6,17.5,0.494,0.0,0.0,0.0,8.6,17.5,0.494,0.494,5.7,7.0,0.809,2.4,4.8,7.2,3.0,1.5,0.2,3.2,2.6,22.9
199,Toby Knight,SF,22.0,NYK,80.0,0.0,14.6,2.8,5.8,0.477,0.0,0.0,0.0,2.8,5.8,0.477,0.477,0.8,1.2,0.649,1.5,2.5,4.0,0.5,0.6,0.4,1.2,2.6,6.3
200,Steve Kuberski,PF,30.0,BOS,3.0,0.0,4.7,0.3,1.3,0.25,0.0,0.0,0.0,0.3,1.3,0.25,0.25,0.0,0.0,0.0,0.3,1.7,2.0,0.0,0.3,0.0,0.7,0.7,0.7
201,John Kuester,PG,22.0,KCK,78.0,0.0,15.6,1.9,4.1,0.455,0.0,0.0,0.0,1.9,4.1,0.455,0.455,1.1,1.3,0.829,0.2,1.2,1.5,3.2,0.7,0.0,1.2,1.8,4.8
202,Kevin Kunnert,C,26.0,HOU,80.0,0.0,26.9,4.6,10.5,0.437,0.0,0.0,0.0,4.6,10.5,0.437,0.437,1.2,1.7,0.689,3.3,5.4,8.7,1.2,0.6,1.1,1.8,3.9,10.4
203,Mitch Kupchak,PF,23.0,WSB,67.0,0.0,26.3,5.9,11.5,0.512,0.0,0.0,0.0,5.9,11.5,0.512,0.512,4.2,6.0,0.697,2.4,4.4,6.9,1.1,0.4,0.6,2.7,2.9,15.9
204,C.J. Kupec,SF,25.0,HOU,49.0,0.0,12.8,1.7,4.0,0.426,0.0,0.0,0.0,1.7,4.0,0.426,0.426,0.6,0.7,0.818,0.6,1.3,1.9,1.0,0.2,0.1,0.5,1.1,4.0
205,Sam Lacey,C,29.0,KCK,77.0,0.0,27.7,3.4,7.7,0.449,0.0,0.0,0.0,3.4,7.7,0.449,0.449,1.7,2.4,0.717,2.0,6.3,8.3,3.9,1.6,1.4,2.4,3.4,8.6
206,Tom LaGarde,C,22.0,DEN,77.0,0.0,11.3,1.2,3.1,0.405,0.0,0.0,0.0,1.2,3.1,0.405,0.405,1.5,1.9,0.76,1.0,1.8,2.8,0.6,0.2,0.2,1.3,1.9,4.0
207,John Lambert,PF,25.0,CLE,76.0,0.0,14.1,1.9,4.4,0.423,0.0,0.0,0.0,1.9,4.4,0.423,0.423,0.4,0.6,0.563,1.6,2.6,4.3,0.5,0.4,0.7,0.8,2.2,4.1
208,Mark Landsberger,PF,22.0,CHI,62.0,0.0,14.9,2.0,4.0,0.506,0.0,0.0,0.0,2.0,4.0,0.506,0.506,1.5,2.5,0.58,1.8,3.1,4.9,0.7,0.3,0.1,1.1,1.3,5.6
209,Bob Lanier*,C,29.0,DET,63.0,0.0,36.7,9.9,18.4,0.537,0.0,0.0,0.0,9.9,18.4,0.537,0.537,4.7,6.1,0.772,3.1,8.2,11.3,3.4,1.3,1.5,3.6,2.9,24.5
210,Rich Laurel,SG,23.0,MIL,10.0,0.0,5.7,1.0,3.1,0.323,0.0,0.0,0.0,1.0,3.1,0.323,0.323,0.4,0.4,1.0,0.6,0.4,1.0,0.3,0.3,0.1,0.4,1.0,2.4
211,Mo Layton,PG,29.0,SAS,41.0,0.0,12.1,2.1,4.1,0.506,0.0,0.0,0.0,2.1,4.1,0.506,0.506,0.3,0.3,0.923,0.1,0.7,0.8,2.6,0.5,0.1,1.4,1.2,4.4
213,Ron Lee,PG,25.0,PHO,82.0,0.0,23.5,5.1,11.6,0.439,0.0,0.0,0.0,5.1,11.6,0.439,0.439,2.1,2.8,0.746,1.2,1.9,3.1,3.7,2.7,0.2,2.7,3.1,12.2
214,Scott Lloyd,C,25.0,TOT,70.0,0.0,9.7,1.1,2.8,0.415,0.0,0.0,0.0,1.1,2.8,0.415,0.415,0.7,1.0,0.721,0.7,1.3,2.1,0.6,0.2,0.2,0.6,1.5,3.0
215,Scott Lloyd,C,25.0,MIL,14.0,0.0,8.0,0.9,2.4,0.364,0.0,0.0,0.0,0.9,2.4,0.364,0.364,0.4,0.7,0.6,0.5,1.4,1.9,0.6,0.2,0.4,0.5,1.6,2.1
216,Scott Lloyd,C,25.0,BUF,56.0,0.0,10.1,1.2,2.9,0.425,0.0,0.0,0.0,1.2,2.9,0.425,0.425,0.8,1.0,0.741,0.8,1.3,2.1,0.6,0.2,0.2,0.6,1.5,3.2
217,John Lucas,PG,24.0,HOU,82.0,0.0,35.8,5.0,11.5,0.435,0.0,0.0,0.0,5.0,11.5,0.435,0.435,2.4,3.0,0.772,0.6,2.5,3.1,9.4,2.0,0.1,2.6,2.5,12.4
218,Maurice Lucas,PF,25.0,POR,68.0,0.0,31.2,6.7,14.5,0.458,0.0,0.0,0.0,6.7,14.5,0.458,0.458,3.0,4.0,0.767,2.7,6.4,9.1,2.5,0.9,0.8,2.8,3.3,16.4
219,Moses Malone*,C,22.0,HOU,59.0,0.0,35.7,7.0,14.0,0.499,0.0,0.0,0.0,7.0,14.0,0.499,0.499,5.4,7.5,0.718,6.4,8.6,15.0,0.5,0.8,1.3,3.7,3.0,19.4
220,Pete Maravich*,SG,30.0,NOJ,50.0,0.0,40.8,11.1,25.1,0.444,0.0,0.0,0.0,11.1,25.1,0.444,0.444,4.8,5.5,0.87,1.0,2.6,3.6,6.7,2.0,0.2,5.0,2.3,27.0
221,Ricky Marsh,SG,23.0,GSW,60.0,0.0,14.2,2.1,4.8,0.426,0.0,0.0,0.0,2.1,4.8,0.426,0.426,0.4,0.6,0.697,0.3,1.0,1.3,1.5,0.5,0.3,0.8,1.9,4.5
222,Cedric Maxwell,SF,22.0,BOS,72.0,0.0,16.8,2.4,4.4,0.538,0.0,0.0,0.0,2.4,4.4,0.538,0.538,2.6,3.5,0.752,1.9,3.3,5.3,0.9,0.7,0.7,1.7,2.1,7.3
223,Scott May,SF,23.0,CHI,55.0,0.0,32.8,5.1,11.2,0.454,0.0,0.0,0.0,5.1,11.2,0.454,0.454,3.2,3.9,0.81,2.1,3.9,6.0,2.1,0.9,0.1,2.3,3.1,13.4
224,Bob McAdoo*,C,26.0,NYK,79.0,0.0,40.3,10.3,19.8,0.52,0.0,0.0,0.0,10.3,19.8,0.52,0.52,5.9,8.2,0.727,3.0,9.8,12.8,3.8,1.3,1.6,4.4,3.8,26.5
225,Andre McCarter,PG,24.0,KCK,1.0,0.0,9.0,0.0,2.0,0.0,0.0,0.0,0.0,0.0,2.0,0.0,0.0,0.0,0.0,0.0,0.0,1.0,1.0,0.0,0.0,0.0,0.0,1.0,0.0
226,Ted McClain,PG,31.0,TOT,70.0,0.0,14.6,1.8,4.0,0.439,0.0,0.0,0.0,1.8,4.0,0.439,0.439,0.8,1.0,0.781,0.3,1.3,1.6,2.2,0.8,0.1,1.3,1.8,4.3
227,Ted McClain,PG,31.0,BUF,41.0,0.0,17.7,2.0,4.5,0.44,0.0,0.0,0.0,2.0,4.5,0.44,0.44,1.2,1.5,0.794,0.3,1.6,1.8,3.0,1.0,0.0,1.7,2.1,5.2
228,Ted McClain,PG,31.0,PHI,29.0,0.0,10.1,1.4,3.3,0.438,0.0,0.0,0.0,1.4,3.3,0.438,0.438,0.2,0.3,0.7,0.3,1.0,1.3,1.2,0.6,0.1,0.8,1.2,3.1
229,Jim McDaniels,C,29.0,BUF,42.0,0.0,16.5,2.4,5.6,0.427,0.0,0.0,0.0,2.4,5.6,0.427,0.427,0.9,1.0,0.857,1.1,3.2,4.3,1.0,0.1,0.9,1.2,2.7,5.6
230,Jim McElroy,PG,24.0,NOJ,74.0,0.0,23.8,3.9,8.2,0.473,0.0,0.0,0.0,3.9,8.2,0.473,0.473,1.7,2.3,0.737,0.6,1.4,2.0,3.9,0.8,0.5,1.9,1.5,9.4
231,George McGinnis*,PF,27.0,PHI,78.0,0.0,32.5,7.5,16.3,0.463,0.0,0.0,0.0,7.5,16.3,0.463,0.463,5.3,7.4,0.716,3.6,6.8,10.4,3.8,1.8,0.3,4.0,3.7,20.3
232,Tom McMillen,C,25.0,ATL,68.0,0.0,24.8,4.1,8.4,0.493,0.0,0.0,0.0,4.1,8.4,0.493,0.493,1.7,2.1,0.8,2.2,3.9,6.1,1.2,0.5,0.2,1.6,3.4,9.9
233,Jim McMillian,SF,29.0,NYK,81.0,0.0,24.4,3.6,7.7,0.462,0.0,0.0,0.0,3.6,7.7,0.462,0.462,1.4,1.7,0.858,1.0,2.6,3.6,2.5,0.9,0.2,1.3,1.4,8.5
234,Larry McNeill,PF,27.0,TOT,46.0,0.0,20.4,3.5,7.7,0.455,0.0,0.0,0.0,3.5,7.7,0.455,0.455,3.2,3.8,0.829,1.7,2.7,4.4,1.0,0.4,0.2,1.5,2.5,10.2
235,Larry McNeill,PF,27.0,GSW,9.0,0.0,7.4,0.7,2.0,0.333,0.0,0.0,0.0,0.7,2.0,0.333,0.333,1.7,2.1,0.789,0.2,1.3,1.6,0.2,0.0,0.1,0.8,1.6,3.0
236,Larry McNeill,PF,27.0,BUF,37.0,0.0,23.6,4.2,9.1,0.462,0.0,0.0,0.0,4.2,9.1,0.462,0.462,3.5,4.2,0.833,2.1,3.0,5.1,1.2,0.5,0.3,1.6,2.7,11.9
237,John Mengelt,SG,28.0,CHI,81.0,0.0,21.8,4.0,8.3,0.481,0.0,0.0,0.0,4.0,8.3,0.481,0.481,2.3,2.9,0.773,0.5,1.1,1.6,2.9,0.6,0.0,1.5,2.1,10.3
238,Joe Meriweather,C,24.0,NOJ,54.0,0.0,23.6,3.6,7.6,0.472,0.0,0.0,0.0,3.6,7.6,0.472,0.472,1.6,2.5,0.654,2.5,4.4,6.9,1.1,0.3,2.2,1.7,3.5,8.8
240,Dave Meyers,PF,24.0,MIL,80.0,0.0,30.2,5.4,11.7,0.461,0.0,0.0,0.0,5.4,11.7,0.461,0.461,3.9,5.4,0.722,1.8,4.9,6.7,3.0,1.1,0.6,2.7,3.0,14.7
241,Steve Mix,SF,30.0,PHI,82.0,0.0,22.2,3.5,6.8,0.52,0.0,0.0,0.0,3.5,6.8,0.52,0.52,2.1,2.7,0.795,1.2,2.5,3.6,2.1,1.1,0.0,1.6,1.9,9.2
242,Larry Moffett,SF,23.0,HOU,20.0,0.0,5.5,0.3,0.9,0.294,0.0,0.0,0.0,0.3,0.9,0.294,0.294,0.3,0.5,0.6,0.5,0.6,1.1,0.4,0.1,0.1,0.4,0.8,0.8
243,Eric Money,PG,22.0,DET,76.0,0.0,33.6,7.9,15.8,0.5,0.0,0.0,0.0,7.9,15.8,0.5,0.5,2.8,3.9,0.718,1.2,1.6,2.8,4.7,1.6,0.2,4.2,3.1,18.6
244,Earl Monroe*,SG,33.0,NYK,76.0,0.0,31.2,7.3,14.8,0.495,0.0,0.0,0.0,7.3,14.8,0.495,0.495,3.2,3.8,0.832,0.6,1.8,2.4,4.8,0.8,0.3,2.4,2.5,17.8
245,Glenn Mosley,PF,22.0,PHI,6.0,0.0,3.5,0.8,2.2,0.385,0.0,0.0,0.0,0.8,2.2,0.385,0.385,0.5,1.2,0.429,0.0,0.8,0.8,0.3,0.0,0.0,0.8,0.8,2.2
246,Calvin Murphy*,SG,29.0,HOU,76.0,0.0,38.2,11.2,22.9,0.491,0.0,0.0,0.0,11.2,22.9,0.491,0.491,3.2,3.5,0.918,0.8,1.4,2.2,3.4,1.5,0.0,2.3,3.2,25.6
247,Bob Nash,SF,27.0,KCK,66.0,0.0,12.1,2.4,4.6,0.516,0.0,0.0,0.0,2.4,4.6,0.516,0.516,0.8,1.0,0.725,1.1,1.4,2.6,0.7,0.4,0.3,0.7,1.1,5.5
248,Swen Nater,C,28.0,BUF,78.0,0.0,35.6,6.4,12.7,0.504,0.0,0.0,0.0,6.4,12.7,0.504,0.504,2.7,3.5,0.765,3.6,9.6,13.2,2.8,0.5,0.6,2.9,3.5,15.5
249,Lloyd Neal,PF,27.0,POR,61.0,0.0,19.2,4.5,8.9,0.504,0.0,0.0,0.0,4.5,8.9,0.504,0.504,2.1,2.9,0.718,1.9,4.2,6.1,1.3,0.5,0.3,1.6,2.1,11.0
250,Louie Nelson,SG,26.0,TOT,33.0,0.0,12.3,2.6,6.4,0.403,0.0,0.0,0.0,2.6,6.4,0.403,0.403,1.7,2.5,0.679,0.4,1.2,1.6,1.0,0.7,0.2,1.5,1.0,6.9
251,Louie Nelson,SG,26.0,KCK,8.0,0.0,6.6,0.4,1.8,0.214,0.0,0.0,0.0,0.4,1.8,0.214,0.214,1.1,1.4,0.818,0.1,0.3,0.4,0.6,0.3,0.1,1.0,0.6,1.9
252,Louie Nelson,SG,26.0,NJN,25.0,0.0,14.1,3.3,7.9,0.416,0.0,0.0,0.0,3.3,7.9,0.416,0.416,1.9,2.9,0.658,0.5,1.5,2.0,1.2,0.8,0.2,1.6,1.1,8.5
253,Johnny Neumann,SG,26.0,IND,20.0,0.0,10.8,1.8,4.3,0.407,0.0,0.0,0.0,1.8,4.3,0.407,0.407,0.7,0.9,0.722,0.3,0.5,0.7,1.4,0.3,0.1,1.1,1.2,4.2
254,Mike Newlin,SG,29.0,HOU,45.0,0.0,26.2,4.8,11.0,0.436,0.0,0.0,0.0,4.8,11.0,0.436,0.436,3.4,3.9,0.874,0.8,1.9,2.7,4.5,1.2,0.2,2.7,2.8,13.0
255,Norm Nixon,PG,22.0,LAL,81.0,0.0,34.3,6.1,12.3,0.497,0.0,0.0,0.0,6.1,12.3,0.497,0.497,1.4,2.0,0.714,0.5,2.4,3.0,6.8,1.7,0.1,3.1,3.2,13.7
256,Willie Norwood,SF,30.0,TOT,35.0,0.0,17.5,2.1,5.2,0.409,0.0,0.0,0.0,2.1,5.2,0.409,0.409,1.4,2.1,0.667,1.4,2.0,3.4,0.9,0.9,0.1,1.6,2.9,5.7
257,Willie Norwood,SF,30.0,DET,16.0,0.0,16.3,2.1,5.1,0.415,0.0,0.0,0.0,2.1,5.1,0.415,0.415,1.3,1.8,0.69,1.7,1.7,3.4,0.9,0.8,0.2,1.1,2.8,5.5
258,Willie Norwood,SF,30.0,POR,19.0,0.0,18.5,2.1,5.2,0.404,0.0,0.0,0.0,2.1,5.2,0.404,0.404,1.6,2.4,0.652,1.2,2.3,3.4,1.0,0.9,0.0,2.1,2.9,5.8
259,Mark Olberding,PF,21.0,SAS,79.0,0.0,22.4,2.9,6.1,0.481,0.0,0.0,0.0,2.9,6.1,0.481,0.481,2.3,2.9,0.811,1.3,3.4,4.7,1.7,0.6,0.3,1.5,3.0,8.2
260,Eddie Owens,SF,24.0,BUF,8.0,0.0,7.9,1.1,2.6,0.429,0.0,0.0,0.0,1.1,2.6,0.429,0.429,0.4,0.8,0.5,0.6,0.6,1.3,0.6,0.1,0.0,0.4,1.1,2.6
261,Tom Owens,C,28.0,POR,82.0,0.0,20.9,3.8,7.8,0.49,0.0,0.0,0.0,3.8,7.8,0.49,0.49,2.5,3.4,0.741,2.4,4.2,6.6,2.0,0.4,0.5,1.9,3.2,10.1
262,Joe Pace,C,24.0,WSB,49.0,0.0,8.9,1.4,2.9,0.479,0.0,0.0,0.0,1.4,2.9,0.479,0.479,1.2,1.9,0.613,1.0,1.7,2.7,0.5,0.2,0.4,0.9,1.8,3.9
263,Robert Parish*,C,24.0,GSW,82.0,0.0,24.0,5.2,11.1,0.472,0.0,0.0,0.0,5.2,11.1,0.472,0.472,2.0,3.2,0.625,2.6,5.7,8.3,1.2,1.0,1.5,2.5,3.5,12.5
265,Sonny Parker,SF,22.0,GSW,82.0,0.0,25.2,5.0,9.5,0.519,0.0,0.0,0.0,5.0,9.5,0.519,0.519,1.5,2.1,0.705,2.0,2.7,4.7,1.9,1.6,0.4,1.6,2.3,11.4
266,Billy Paultz,C,29.0,SAS,80.0,0.0,31.0,6.5,12.2,0.529,0.0,0.0,0.0,6.5,12.2,0.529,0.529,2.9,3.8,0.752,2.2,6.3,8.4,2.7,0.5,2.4,2.1,2.8,15.8
267,Curtis Perry,PF,29.0,PHO,45.0,0.0,18.2,2.4,5.4,0.453,0.0,0.0,0.0,2.4,5.4,0.453,0.453,1.1,1.4,0.785,1.9,3.6,5.6,1.1,0.8,0.5,1.4,2.7,6.0
268,Cliff Pondexter,PF,23.0,CHI,44.0,0.0,12.1,0.8,1.9,0.435,0.0,0.0,0.0,0.8,1.9,0.435,0.435,0.3,0.5,0.7,0.8,2.1,3.0,2.0,0.4,0.3,0.7,1.5,2.0
269,Ben Poquette,PF,22.0,DET,52.0,0.0,12.0,1.8,4.3,0.422,0.0,0.0,0.0,1.8,4.3,0.422,0.422,0.8,1.2,0.7,1.0,1.8,2.8,0.4,0.2,0.4,0.8,1.3,4.5
270,Howard Porter,SF,29.0,TOT,63.0,0.0,21.0,4.9,10.1,0.487,0.0,0.0,0.0,4.9,10.1,0.487,0.487,2.0,2.5,0.8,1.6,2.8,4.4,0.7,0.5,0.6,0.9,2.1,11.8
271,Howard Porter,SF,29.0,DET,8.0,0.0,13.4,2.0,5.4,0.372,0.0,0.0,0.0,2.0,5.4,0.372,0.372,0.5,0.9,0.571,0.6,1.5,2.1,0.3,0.4,0.6,0.6,1.9,4.5
272,Howard Porter,SF,29.0,NJN,55.0,0.0,22.1,5.3,10.8,0.495,0.0,0.0,0.0,5.3,10.8,0.495,0.495,2.2,2.7,0.811,1.7,3.0,4.8,0.7,0.5,0.6,0.9,2.2,12.8
273,Kevin Porter,PG,27.0,TOT,82.0,0.0,34.3,6.0,12.9,0.469,0.0,0.0,0.0,6.0,12.9,0.469,0.469,3.0,3.9,0.763,0.6,2.0,2.6,10.2,1.5,0.2,4.4,3.5,15.0
274,Kevin Porter,PG,27.0,DET,8.0,0.0,15.9,1.8,3.9,0.452,0.0,0.0,0.0,1.8,3.9,0.452,0.452,1.1,1.6,0.692,0.6,1.3,1.9,4.5,0.6,0.0,1.5,2.3,4.6
275,Kevin Porter,PG,27.0,NJN,74.0,0.0,36.3,6.5,13.8,0.47,0.0,0.0,0.0,6.5,13.8,0.47,0.47,3.2,4.1,0.765,0.6,2.0,2.7,10.8,1.6,0.2,4.7,3.6,16.2
276,Jim Price,PG,28.0,TOT,83.0,0.0,23.2,3.5,7.9,0.448,0.0,0.0,0.0,3.5,7.9,0.448,0.448,1.6,2.0,0.799,0.7,2.4,3.1,3.1,1.4,0.1,2.1,2.4,8.7
277,Jim Price,PG,28.0,DEN,49.0,0.0,22.2,2.9,6.0,0.481,0.0,0.0,0.0,2.9,6.0,0.481,0.481,1.0,1.3,0.773,0.6,2.6,3.2,3.2,1.4,0.1,2.1,2.4,6.8
278,Jim Price,PG,28.0,DET,34.0,0.0,24.7,4.5,10.7,0.421,0.0,0.0,0.0,4.5,10.7,0.421,0.421,2.5,3.0,0.816,0.8,2.2,3.0,3.0,1.3,0.1,2.2,2.4,11.5
279,Ed Ratleff,SF,27.0,HOU,68.0,0.0,17.1,1.9,4.6,0.419,0.0,0.0,0.0,1.9,4.6,0.419,0.419,0.6,0.7,0.83,0.8,1.6,2.4,2.3,0.9,0.3,1.0,1.6,4.4
280,Clifford Ray,C,29.0,GSW,79.0,0.0,28.7,3.4,6.0,0.571,0.0,0.0,0.0,3.4,6.0,0.571,0.571,1.9,3.1,0.609,3.0,6.6,9.6,1.9,0.9,1.1,1.9,3.7,8.8
281,Robert Reid,SF,22.0,HOU,80.0,0.0,23.1,3.3,7.2,0.455,0.0,0.0,0.0,3.3,7.2,0.455,0.455,0.8,1.2,0.656,1.4,3.1,4.5,1.5,0.8,0.6,1.0,3.5,7.3
282,Kevin Restani,PF,26.0,TOT,54.0,0.0,10.1,1.3,3.1,0.431,0.0,0.0,0.0,1.3,3.1,0.431,0.431,0.2,0.2,0.692,0.7,1.3,2.0,0.6,0.1,0.1,0.3,0.8,2.8
283,Kevin Restani,PF,26.0,MIL,8.0,0.0,10.5,1.6,3.5,0.464,0.0,0.0,0.0,1.6,3.5,0.464,0.464,0.0,0.3,0.0,0.5,1.3,1.8,1.1,0.0,0.1,0.3,0.5,3.3
284,Kevin Restani,PF,26.0,KCK,46.0,0.0,10.1,1.3,3.0,0.424,0.0,0.0,0.0,1.3,3.0,0.424,0.424,0.2,0.2,0.818,0.7,1.3,2.0,0.5,0.1,0.1,0.3,0.8,2.8
285,Anthony Roberts,SF,22.0,DEN,82.0,0.0,19.5,3.8,9.0,0.423,0.0,0.0,0.0,3.8,9.0,0.423,0.423,1.9,2.6,0.722,1.6,2.6,4.3,1.3,0.5,0.1,1.4,2.6,9.5
286,Tony Robertson,SG,22.0,ATL,63.0,0.0,14.7,2.7,6.0,0.441,0.0,0.0,0.0,2.7,6.0,0.441,0.441,0.6,0.8,0.698,0.2,0.9,1.1,1.6,1.2,0.1,1.4,2.1,5.9
287,Truck Robinson,PF,26.0,NOJ,82.0,0.0,44.4,9.1,20.5,0.444,0.0,0.0,0.0,9.1,20.5,0.444,0.444,4.5,7.0,0.64,3.6,12.1,15.7,2.1,0.9,1.0,3.7,3.2,22.7
288,Bill Robinzine,PF,25.0,KCK,82.0,0.0,21.3,3.7,8.3,0.451,0.0,0.0,0.0,3.7,8.3,0.451,0.451,2.5,3.3,0.76,2.1,4.5,6.6,0.9,0.9,0.1,2.1,3.4,10.0
289,Dave Robisch,C,28.0,TOT,78.0,0.0,16.4,2.3,5.5,0.412,0.0,0.0,0.0,2.3,5.5,0.412,0.412,1.3,1.7,0.775,1.3,3.2,4.5,1.1,0.5,0.4,0.9,1.7,5.8
290,Dave Robisch,C,28.0,IND,23.0,0.0,26.0,3.2,7.9,0.403,0.0,0.0,0.0,3.2,7.9,0.403,0.403,2.2,2.8,0.781,2.0,5.5,7.5,2.1,0.9,0.7,1.5,2.6,8.5
291,Dave Robisch,C,28.0,LAL,55.0,0.0,12.3,1.9,4.5,0.418,0.0,0.0,0.0,1.9,4.5,0.418,0.418,0.9,1.2,0.769,1.0,2.3,3.3,0.7,0.3,0.3,0.7,1.3,4.7
292,Tree Rollins,C,22.0,ATL,80.0,0.0,22.4,3.2,6.5,0.487,0.0,0.0,0.0,3.2,6.5,0.487,0.487,1.3,1.9,0.703,2.2,4.7,6.9,1.0,0.7,2.7,1.5,4.1,7.6
293,Dan Roundfield,PF,24.0,IND,79.0,0.0,30.7,5.3,10.9,0.489,0.0,0.0,0.0,5.3,10.9,0.489,0.489,2.8,3.8,0.727,3.5,6.7,10.2,2.5,1.0,1.9,2.5,3.8,13.4
294,Curtis Rowe,PF,28.0,BOS,51.0,0.0,17.9,2.4,5.4,0.451,0.0,0.0,0.0,2.4,5.4,0.451,0.451,1.3,1.7,0.742,1.5,2.5,4.0,0.9,0.3,0.2,1.5,1.8,6.1
296,Campy Russell,SF,26.0,CLE,72.0,0.0,35.0,7.3,16.2,0.448,0.0,0.0,0.0,7.3,16.2,0.448,0.448,4.9,6.5,0.751,2.1,4.2,6.4,3.9,1.2,0.2,2.9,2.7,19.4
297,Cazzie Russell,SF,33.0,CHI,36.0,0.0,21.9,3.7,8.4,0.438,0.0,0.0,0.0,3.7,8.4,0.438,0.438,1.4,1.6,0.86,0.9,1.4,2.3,1.7,0.5,0.1,1.0,1.8,8.8
298,Fred Saunders,SF,26.0,TOT,56.0,0.0,11.5,1.8,4.2,0.423,0.0,0.0,0.0,1.8,4.2,0.423,0.423,0.5,0.6,0.722,0.7,1.3,2.0,0.8,0.4,0.3,0.8,1.9,4.0
299,Fred Saunders,SF,26.0,BOS,26.0,0.0,9.3,1.2,3.5,0.33,0.0,0.0,0.0,1.2,3.5,0.33,0.33,0.5,0.7,0.824,0.4,1.0,1.4,0.4,0.3,0.2,0.8,1.3,2.8
300,Fred Saunders,SF,26.0,NOJ,30.0,0.0,13.3,2.3,4.8,0.483,0.0,0.0,0.0,2.3,4.8,0.483,0.483,0.4,0.6,0.632,0.9,1.6,2.5,1.2,0.5,0.3,0.7,2.4,5.0
301,Dale Schlueter,C,32.0,POR,10.0,0.0,10.9,0.8,1.9,0.421,0.0,0.0,0.0,0.8,1.9,0.421,0.421,0.9,1.8,0.5,0.5,1.6,2.1,1.8,0.3,0.2,1.5,2.0,2.5
302,Alvin Scott,SF,22.0,PHO,81.0,0.0,19.0,2.2,4.6,0.488,0.0,0.0,0.0,2.2,4.6,0.488,0.488,1.6,2.4,0.691,1.7,2.7,4.4,1.1,0.6,0.5,1.0,2.0,6.1
303,Charlie Scott*,SG,29.0,TOT,79.0,0.0,31.3,5.5,12.6,0.438,0.0,0.0,0.0,5.5,12.6,0.438,0.438,2.5,3.3,0.746,0.8,2.4,3.2,4.8,1.4,0.2,3.0,3.2,13.5
304,Charlie Scott*,SG,29.0,BOS,31.0,0.0,34.8,6.8,15.6,0.433,0.0,0.0,0.0,6.8,15.6,0.433,0.433,2.7,3.8,0.712,0.8,2.5,3.3,4.6,1.6,0.2,3.4,3.1,16.3
305,Charlie Scott*,SG,29.0,LAL,48.0,0.0,29.0,4.7,10.6,0.442,0.0,0.0,0.0,4.7,10.6,0.442,0.442,2.3,3.0,0.775,0.8,2.3,3.1,4.9,1.2,0.2,2.8,3.2,11.7
306,Bruce Seals,SF,24.0,SEA,73.0,0.0,18.1,3.2,7.5,0.417,0.0,0.0,0.0,3.2,7.5,0.417,0.417,1.5,2.4,0.634,0.8,2.2,3.1,1.1,0.6,0.5,1.4,2.9,7.8
307,Lonnie Shelton,PF,22.0,NYK,82.0,0.0,28.3,6.2,12.0,0.514,0.0,0.0,0.0,6.2,12.0,0.514,0.514,2.5,3.4,0.736,2.5,4.6,7.1,2.4,1.3,1.4,2.8,4.3,14.9
308,Steve Sheppard,SF,23.0,CHI,64.0,0.0,10.9,1.9,4.1,0.454,0.0,0.0,0.0,1.9,4.1,0.454,0.454,0.6,0.9,0.661,1.0,1.0,2.0,0.7,0.2,0.0,0.7,1.1,4.3
309,John Shumate,PF,25.0,TOT,80.0,0.0,34.5,4.9,9.7,0.506,0.0,0.0,0.0,4.9,9.7,0.506,0.506,5.0,6.4,0.787,2.0,6.6,8.5,2.3,1.1,0.7,2.9,2.5,14.8
310,John Shumate,PF,25.0,BUF,18.0,0.0,32.8,4.2,8.4,0.497,0.0,0.0,0.0,4.2,8.4,0.497,0.497,4.1,5.5,0.747,1.8,5.3,7.1,3.2,0.8,0.5,2.6,3.2,12.4
311,John Shumate,PF,25.0,DET,62.0,0.0,35.0,5.1,10.0,0.508,0.0,0.0,0.0,5.1,10.0,0.508,0.508,5.3,6.6,0.797,2.0,6.9,8.9,2.0,1.2,0.7,3.0,2.3,15.5
312,Jack Sikma*,C,22.0,SEA,82.0,0.0,27.3,4.2,9.2,0.455,0.0,0.0,0.0,4.2,9.2,0.455,0.455,2.3,3.0,0.777,2.4,5.9,8.3,1.6,0.8,0.5,2.3,3.7,10.7
313,James Silas,PG,28.0,SAS,37.0,0.0,8.4,1.2,2.6,0.443,0.0,0.0,0.0,1.2,2.6,0.443,0.443,1.6,2.0,0.822,0.1,0.5,0.6,1.0,0.3,0.0,0.8,0.8,3.9
314,Paul Silas,PF,34.0,SEA,82.0,0.0,26.5,2.2,5.7,0.397,0.0,0.0,0.0,2.2,5.7,0.397,0.397,1.3,2.3,0.586,3.5,4.6,8.1,1.8,0.8,0.2,1.9,2.2,5.8
315,Ralph Simpson,SG,28.0,TOT,64.0,0.0,20.7,3.4,9.0,0.375,0.0,0.0,0.0,3.4,9.0,0.375,0.375,1.3,1.6,0.817,0.8,1.6,2.5,2.5,1.2,0.1,2.0,1.4,8.1
316,Ralph Simpson,SG,28.0,DET,32.0,0.0,23.1,4.5,10.8,0.413,0.0,0.0,0.0,4.5,10.8,0.413,0.413,1.7,2.0,0.844,0.8,1.7,2.6,2.7,1.0,0.1,2.4,1.5,10.6
317,Ralph Simpson,SG,28.0,DEN,32.0,0.0,18.3,2.3,7.2,0.317,0.0,0.0,0.0,2.3,7.2,0.317,0.317,1.0,1.3,0.775,0.8,1.5,2.3,2.3,1.3,0.1,1.5,1.3,5.5
318,Scott Sims,PG,22.0,SAS,12.0,0.0,7.9,0.8,2.2,0.385,0.0,0.0,0.0,0.8,2.2,0.385,0.385,0.8,1.3,0.667,0.4,0.7,1.1,1.7,0.3,0.0,1.6,1.3,2.5
319,Al Skinner,SG,25.0,TOT,77.0,0.0,20.1,2.9,6.3,0.455,0.0,0.0,0.0,2.9,6.3,0.455,0.455,2.1,2.6,0.798,0.9,2.0,2.9,1.9,0.8,0.3,2.1,3.1,7.9
320,Al Skinner,SG,25.0,NJN,8.0,0.0,34.6,5.1,12.6,0.406,0.0,0.0,0.0,5.1,12.6,0.406,0.406,4.9,5.5,0.886,1.8,4.8,6.5,4.1,1.6,0.6,3.6,4.3,15.1
321,Al Skinner,SG,25.0,DET,69.0,0.0,18.5,2.6,5.6,0.468,0.0,0.0,0.0,2.6,5.6,0.468,0.468,1.8,2.3,0.774,0.8,1.7,2.5,1.6,0.8,0.2,1.9,3.0,7.0
322,Bingo Smith,SG,31.0,CLE,82.0,0.0,19.3,4.5,10.2,0.439,0.0,0.0,0.0,4.5,10.2,0.439,0.439,1.3,1.6,0.8,0.8,1.7,2.5,1.1,0.5,0.3,1.0,1.9,10.3
323,Elmore Smith,C,28.0,CLE,81.0,0.0,24.6,5.0,10.0,0.497,0.0,0.0,0.0,5.0,10.0,0.497,0.497,2.5,3.8,0.663,2.2,6.2,8.4,0.7,0.6,2.2,1.7,3.0,12.5
324,Phil Smith,SG,25.0,GSW,82.0,0.0,35.9,7.9,16.7,0.472,0.0,0.0,0.0,7.9,16.7,0.472,0.472,3.9,4.7,0.812,1.2,2.4,3.7,4.8,1.3,0.3,3.2,2.7,19.7
325,Randy Smith,SG,29.0,BUF,82.0,0.0,40.4,9.6,20.7,0.465,0.0,0.0,0.0,9.6,20.7,0.465,0.465,5.4,6.8,0.8,1.3,2.4,3.8,5.6,2.1,0.1,3.5,2.7,24.6
327,Robert Smith,PG,22.0,DEN,45.0,0.0,8.4,1.1,2.2,0.515,0.0,0.0,0.0,1.1,2.2,0.515,0.515,0.5,0.5,0.875,0.1,0.7,0.8,0.9,0.4,0.1,0.4,1.2,2.7
328,Willie Smith,PG,24.0,IND,1.0,0.0,7.0,0.0,0.0,0.0,0.0,0.0,0.0,0.0,0.0,0.0,0.0,0.0,0.0,0.0,0.0,0.0,0.0,1.0,0.0,0.0,0.0,1.0,0.0
329,Dick Snyder,SG,33.0,CLE,58.0,0.0,11.4,1.9,4.3,0.444,0.0,0.0,0.0,1.9,4.3,0.444,0.444,1.0,1.1,0.875,0.2,0.7,0.8,1.0,0.4,0.3,0.8,1.3,4.8
330,Ricky Sobers,PG,25.0,IND,79.0,0.0,38.2,7.0,15.5,0.453,0.0,0.0,0.0,7.0,15.5,0.453,0.453,4.2,5.1,0.825,1.2,3.0,4.1,7.4,2.2,0.3,4.5,3.9,18.2
331,Kevin Stacom,SG,26.0,BOS,55.0,0.0,18.3,3.7,8.8,0.426,0.0,0.0,0.0,3.7,8.8,0.426,0.426,1.0,1.3,0.761,0.5,1.5,1.9,2.0,0.5,0.1,1.3,1.1,8.5
332,Larry Steele,SG,28.0,POR,65.0,0.0,17.4,3.2,6.9,0.47,0.0,0.0,0.0,3.2,6.9,0.47,0.47,1.5,1.9,0.82,0.5,1.2,1.7,1.3,0.9,0.1,1.0,2.1,8.0
333,Earl Tatum,SG,24.0,TOT,82.0,0.0,30.8,6.2,13.3,0.469,0.0,0.0,0.0,6.2,13.3,0.469,0.469,1.9,2.4,0.781,1.0,2.6,3.6,3.6,1.7,0.5,2.2,3.1,14.3
334,Earl Tatum,SG,24.0,LAL,25.0,0.0,26.5,6.1,12.6,0.487,0.0,0.0,0.0,6.1,12.6,0.487,0.487,1.8,2.4,0.763,0.9,2.7,3.6,2.8,1.5,0.4,2.1,3.4,14.0
335,Earl Tatum,SG,24.0,IND,57.0,0.0,32.6,6.3,13.6,0.462,0.0,0.0,0.0,6.3,13.6,0.462,0.462,1.9,2.4,0.788,1.0,2.6,3.6,4.0,1.8,0.5,2.3,3.0,14.4
336,Brian Taylor,PG,26.0,DEN,39.0,0.0,31.3,4.7,10.3,0.452,0.0,0.0,0.0,4.7,10.3,0.452,0.452,2.3,2.9,0.765,0.8,1.7,2.5,3.4,1.8,0.2,2.0,3.1,11.6
337,Claude Terry,SG,28.0,ATL,27.0,0.0,6.1,0.9,2.5,0.368,0.0,0.0,0.0,0.9,2.5,0.368,0.368,0.3,0.4,0.818,0.1,0.4,0.6,0.3,0.2,0.0,0.3,0.5,2.2
338,David Thompson*,SG,23.0,DEN,80.0,0.0,37.8,10.3,19.8,0.521,0.0,0.0,0.0,10.3,19.8,0.521,0.521,6.5,8.4,0.778,2.0,2.9,4.9,4.5,1.2,1.2,3.1,2.7,27.2
339,Dean Tolson,PF,26.0,SEA,1.0,0.0,7.0,0.0,1.0,0.0,0.0,0.0,0.0,0.0,1.0,0.0,0.0,0.0,0.0,0.0,0.0,0.0,0.0,2.0,0.0,0.0,1.0,2.0,0.0
340,Rudy Tomjanovich,SF,29.0,HOU,23.0,0.0,36.9,9.4,19.4,0.485,0.0,0.0,0.0,9.4,19.4,0.485,0.485,2.7,3.5,0.753,1.7,4.3,6.0,1.4,0.7,0.2,1.7,2.7,21.5
341,Dave Twardzik,PG,27.0,POR,75.0,0.0,24.3,3.2,5.5,0.592,0.0,0.0,0.0,3.2,5.5,0.592,0.592,2.4,3.1,0.782,0.5,1.3,1.8,3.3,1.4,0.1,2.1,2.5,8.9
342,Wes Unseld*,C,31.0,WSB,80.0,0.0,33.1,3.2,6.1,0.523,0.0,0.0,0.0,3.2,6.1,0.523,0.523,1.2,2.2,0.538,3.6,8.4,11.9,4.1,1.2,0.6,2.2,2.9,7.6
343,Jan van Breda Kolff,SF,26.0,NJN,68.0,0.0,20.9,1.6,4.3,0.366,0.0,0.0,0.0,1.6,4.3,0.366,0.366,1.3,1.8,0.707,1.0,2.6,3.6,1.5,0.8,0.7,1.1,2.8,4.4
344,Norm Van Lier,PG,30.0,CHI,78.0,0.0,32.4,2.6,6.1,0.419,0.0,0.0,0.0,2.6,6.1,0.419,0.419,2.2,2.9,0.751,1.1,2.5,3.6,6.8,1.8,0.1,2.6,3.6,7.3
345,Foots Walker,PG,26.0,CLE,81.0,0.0,30.8,3.5,7.9,0.448,0.0,0.0,0.0,3.5,7.9,0.448,0.448,2.0,2.7,0.719,0.9,2.7,3.6,5.6,2.2,0.3,2.2,2.7,9.0
346,Phil Walker,SG,21.0,WSB,40.0,0.0,9.6,1.4,4.0,0.354,0.0,0.0,0.0,1.4,4.0,0.354,0.354,1.6,2.4,0.667,0.5,0.8,1.3,1.4,0.4,0.1,1.6,1.0,4.5
347,Wally Walker,SF,23.0,TOT,77.0,0.0,14.3,2.6,6.0,0.443,0.0,0.0,0.0,2.6,6.0,0.443,0.443,1.0,1.6,0.625,1.1,1.7,2.8,1.0,0.3,0.1,1.0,1.8,6.3
348,Wally Walker,SF,23.0,POR,9.0,0.0,11.2,2.1,4.6,0.463,0.0,0.0,0.0,2.1,4.6,0.463,0.463,0.6,0.9,0.625,0.8,1.1,1.9,0.9,0.2,0.0,1.2,1.4,4.8
349,Wally Walker,SF,23.0,SEA,68.0,0.0,14.8,2.7,6.2,0.44,0.0,0.0,0.0,2.7,6.2,0.44,0.44,1.0,1.6,0.625,1.2,1.8,3.0,1.0,0.4,0.1,1.0,1.8,6.5
350,Bill Walton*,C,25.0,POR,58.0,0.0,33.3,7.9,15.2,0.522,0.0,0.0,0.0,7.9,15.2,0.522,0.522,3.1,4.2,0.72,2.0,11.2,13.2,5.0,1.0,2.5,3.6,2.5,18.9
352,Lloyd Walton,PG,24.0,MIL,76.0,0.0,16.6,2.0,4.5,0.448,0.0,0.0,0.0,2.0,4.5,0.448,0.448,0.7,1.1,0.651,0.3,0.7,1.0,3.3,1.0,0.2,1.4,1.2,4.8
353,Kermit Washington,PF,26.0,TOT,57.0,0.0,28.4,4.3,8.9,0.487,0.0,0.0,0.0,4.3,8.9,0.487,0.487,3.0,4.3,0.691,3.8,7.0,10.8,1.3,0.8,1.1,1.9,3.3,11.6
354,Kermit Washington,PF,26.0,LAL,25.0,0.0,30.0,4.4,9.8,0.451,0.0,0.0,0.0,4.4,9.8,0.451,0.451,2.7,4.4,0.618,4.4,6.8,11.2,1.2,0.8,1.0,2.1,3.0,11.5
355,Kermit Washington,PF,26.0,BOS,32.0,0.0,27.1,4.3,8.2,0.521,0.0,0.0,0.0,4.3,8.2,0.521,0.521,3.2,4.3,0.75,3.3,7.2,10.5,1.3,0.9,1.3,1.7,3.6,11.8
356,Richard Washington,PF,22.0,KCK,78.0,0.0,28.6,5.4,11.4,0.477,0.0,0.0,0.0,5.4,11.4,0.477,0.477,1.9,2.6,0.754,2.4,6.0,8.4,1.5,0.9,0.9,2.4,4.2,12.8
357,Wilson Washington,PF,22.0,TOT,38.0,0.0,14.8,2.6,5.4,0.485,0.0,0.0,0.0,2.6,5.4,0.485,0.485,0.8,1.4,0.547,1.3,2.8,4.1,0.3,0.5,1.0,1.7,2.0,6.0
358,Wilson Washington,PF,22.0,PHI,14.0,0.0,2.7,0.6,1.4,0.421,0.0,0.0,0.0,0.6,1.4,0.421,0.421,0.2,0.4,0.5,0.1,0.9,1.0,0.1,0.1,0.1,0.7,0.2,1.4
359,Wilson Washington,PF,22.0,NJN,24.0,0.0,21.8,3.8,7.8,0.492,0.0,0.0,0.0,3.8,7.8,0.492,0.492,1.1,2.0,0.553,2.0,3.9,5.9,0.4,0.7,1.5,2.2,3.0,8.8
360,Slick Watts,PG,26.0,TOT,71.0,0.0,22.3,3.1,7.9,0.392,0.0,0.0,0.0,3.1,7.9,0.392,0.392,1.3,2.2,0.59,0.8,1.7,2.5,4.1,1.5,0.4,2.4,2.6,7.5
361,Slick Watts,PG,26.0,SEA,32.0,0.0,25.3,3.4,8.5,0.404,0.0,0.0,0.0,3.4,8.5,0.404,0.404,0.9,1.7,0.566,0.7,1.9,2.5,4.2,1.7,0.4,2.9,2.8,7.8
362,Slick Watts,PG,26.0,NOJ,39.0,0.0,19.9,2.8,7.3,0.381,0.0,0.0,0.0,2.8,7.3,0.381,0.381,1.6,2.6,0.602,1.0,1.5,2.5,4.1,1.4,0.4,1.9,2.5,7.2
363,Nick Weatherspoon,SF,27.0,CHI,41.0,0.0,14.9,2.1,4.7,0.443,0.0,0.0,0.0,2.1,4.7,0.443,0.443,0.9,1.0,0.881,1.4,1.7,3.0,0.8,0.5,0.2,1.2,1.8,5.1
364,Marvin Webster,C,25.0,SEA,82.0,0.0,35.5,5.2,10.4,0.502,0.0,0.0,0.0,5.2,10.4,0.502,0.502,3.5,5.6,0.629,4.4,8.2,12.6,2.5,0.6,2.0,3.1,3.2,14.0
365,Scott Wedman,SF,25.0,KCK,81.0,0.0,36.6,7.5,14.7,0.509,0.0,0.0,0.0,7.5,14.7,0.509,0.509,2.7,3.1,0.87,1.8,3.9,5.7,2.5,1.2,0.3,2.0,3.0,17.7
366,Paul Westphal*,SG,27.0,PHO,80.0,0.0,31.0,10.1,19.6,0.516,0.0,0.0,0.0,10.1,19.6,0.516,0.516,5.0,6.1,0.813,0.5,1.5,2.1,5.5,1.7,0.4,3.5,2.0,25.2
367,Jo Jo White*,PG,31.0,BOS,46.0,0.0,35.7,6.3,15.0,0.419,0.0,0.0,0.0,6.3,15.0,0.419,0.419,2.2,2.6,0.858,1.2,2.8,3.9,4.5,1.1,0.2,2.5,2.4,14.8
368,Rudy White,SG,24.0,HOU,21.0,0.0,10.4,1.5,4.0,0.365,0.0,0.0,0.0,1.5,4.0,0.365,0.365,0.7,0.9,0.778,0.4,0.6,1.0,1.0,0.4,0.0,1.0,1.1,3.6
369,Sidney Wicks,PF,28.0,BOS,81.0,0.0,29.8,5.3,11.4,0.467,0.0,0.0,0.0,5.3,11.4,0.467,0.467,2.7,4.1,0.66,2.8,5.6,8.3,2.1,0.8,0.6,2.8,3.9,13.4
370,Bob Wilkerson,SF,23.0,DEN,81.0,0.0,34.3,4.7,11.6,0.408,0.0,0.0,0.0,4.7,11.6,0.408,0.408,1.9,2.6,0.748,1.2,4.6,5.9,5.4,1.6,0.3,3.6,3.4,11.4
371,Jamaal Wilkes*,SF,24.0,LAL,51.0,0.0,29.2,5.4,12.4,0.44,0.0,0.0,0.0,5.4,12.4,0.44,0.44,2.1,2.9,0.716,2.2,5.2,7.5,3.6,1.5,0.4,2.1,3.2,12.9
372,Chuck Williams,PG,31.0,BUF,73.0,0.0,27.4,2.8,6.0,0.477,0.0,0.0,0.0,2.8,6.0,0.477,0.477,1.6,1.9,0.826,0.4,1.5,1.9,4.3,0.7,0.1,2.1,1.9,7.3
373,Gus Williams,PG,24.0,SEA,79.0,0.0,32.6,7.6,16.9,0.451,0.0,0.0,0.0,7.6,16.9,0.451,0.451,2.9,3.5,0.817,1.1,2.2,3.2,3.7,2.3,0.5,2.4,2.5,18.1
374,Nate Williams,SG,27.0,TOT,73.0,0.0,17.1,4.3,9.9,0.431,0.0,0.0,0.0,4.3,9.9,0.431,0.431,1.4,1.7,0.835,0.9,1.9,2.8,1.0,0.8,0.5,1.1,2.5,9.9
375,Nate Williams,SG,27.0,NOJ,27.0,0.0,16.1,3.3,7.9,0.421,0.0,0.0,0.0,3.3,7.9,0.421,0.421,1.1,1.4,0.838,1.0,2.3,3.3,1.3,0.8,0.4,0.9,2.3,7.8
376,Nate Williams,SG,27.0,GSW,46.0,0.0,17.7,4.8,11.1,0.435,0.0,0.0,0.0,4.8,11.1,0.435,0.435,1.5,1.8,0.833,0.8,1.7,2.5,0.9,0.8,0.5,1.3,2.6,11.2
377,Ray Williams,PG,23.0,NYK,81.0,0.0,19.1,3.8,8.5,0.443,0.0,0.0,0.0,3.8,8.5,0.443,0.443,1.8,2.6,0.705,1.0,1.5,2.6,4.5,1.3,0.2,3.0,2.6,9.3
378,John Williamson,SG,26.0,TOT,75.0,0.0,36.4,9.6,22.0,0.438,0.0,0.0,0.0,9.6,22.0,0.438,0.438,4.4,5.2,0.847,0.9,2.1,3.0,2.9,1.3,0.1,3.0,3.1,23.7
379,John Williamson,SG,26.0,IND,42.0,0.0,34.5,8.0,18.9,0.421,0.0,0.0,0.0,8.0,18.9,0.421,0.421,3.2,3.8,0.832,0.8,2.0,2.9,3.1,1.1,0.0,3.0,3.1,19.1
380,John Williamson,SG,26.0,NJN,33.0,0.0,38.8,11.8,25.9,0.454,0.0,0.0,0.0,11.8,25.9,0.454,0.454,6.0,7.0,0.857,1.0,2.3,3.2,2.5,1.4,0.3,3.1,3.2,29.5
381,Bill Willoughby,SF,20.0,BUF,56.0,0.0,19.3,2.8,6.5,0.43,0.0,0.0,0.0,2.8,6.5,0.43,0.43,1.1,1.4,0.8,1.4,2.6,3.9,0.7,0.4,0.8,1.0,2.3,6.7
383,Bobby Wilson,SG,27.0,IND,12.0,0.0,7.2,1.2,3.0,0.389,0.0,0.0,0.0,1.2,3.0,0.389,0.389,0.2,0.3,0.667,0.5,0.5,1.0,0.7,0.2,0.1,0.5,1.3,2.5
384,Brian Winters,SG,25.0,MIL,80.0,0.0,34.4,8.4,18.2,0.463,0.0,0.0,0.0,8.4,18.2,0.463,0.463,3.1,3.7,0.84,1.1,2.0,3.1,4.9,1.6,0.3,3.0,3.0,19.9
385,Willie Wise,SF,30.0,SEA,2.0,0.0,5.0,0.0,1.5,0.0,0.0,0.0,0.0,0.0,1.5,0.0,0.0,0.5,2.0,0.25,1.0,0.5,1.5,0.0,0.0,0.0,0.0,1.0,0.5
386,Dave Wohl,PG,28.0,NJN,10.0,0.0,11.8,1.2,3.4,0.353,0.0,0.0,0.0,1.2,3.4,0.353,0.353,1.1,1.2,0.917,0.1,0.3,0.4,1.3,0.3,0.0,1.6,2.4,3.5
387,Larry Wright,PG,23.0,WSB,70.0,0.0,20.9,4.0,8.1,0.496,0.0,0.0,0.0,4.0,8.1,0.496,0.496,1.1,1.5,0.71,0.4,1.0,1.5,3.7,1.0,0.2,1.9,2.8,9.2
