,Player,Pos,BasePos,Age,Tm,G,MP,PER,TS%,3PAr,FTr,ORB%,DRB%,TRB%,AST%,STL%,BLK%,TOV%,USG%,Â ,OWS,DWS,WS,WS/48,OBPM,DBPM,BPM,VORP
0,Stacey Arceneaux,F,F,25.0,STL,7.0,110.0,10.4,0.405,0.0,0.232,0.0,0.0,0.0,0.0,0.0,0.0,0.0,0.0,0.0,-0.1,0.0,-0.1,-0.036,0.0,0.0,0.0,0.0
1,Paul Arizin*,SF,SF,33.0,PHW,78.0,2785.0,14.8,0.486,0.0,0.403,0.0,0.0,0.0,0.0,0.0,0.0,0.0,0.0,0.0,3.9,2.5,6.3,0.109,0.0,0.0,0.0,0.0
2,Al Attles*,PG,PG,25.0,PHW,75.0,2468.0,10.8,0.501,0.0,0.369,0.0,0.0,0.0,0.0,0.0,0.0,0.0,0.0,0.0,2.8,2.4,5.2,0.101,0.0,0.0,0.0,0.0
3,Elgin Baylor*,SF,SF,27.0,LAL,48.0,2129.0,26.5,0.492,0.0,0.397,0.0,0.0,0.0,0.0,0.0,0.0,0.0,0.0,0.0,4.9,3.0,7.9,0.179,0.0,0.0,0.0,0.0
4,Walt Bellamy*,C,C,22.0,CHP,79.0,3344.0,26.3,0.554,0.0,0.455,0.0,0.0,0.0,0.0,0.0,0.0,0.0,0.0,0.0,13.4,2.8,16.3,0.233,0.0,0.0,0.0,0.0
5,Al Bianchi,PG,PG,29.0,SYR,80.0,1925.0,11.4,0.437,0.0,0.261,0.0,0.0,0.0,0.0,0.0,0.0,0.0,0.0,0.0,0.0,2.4,2.4,0.059,0.0,0.0,0.0,0.0
6,George Blaney,PG,PG,22.0,NYK,36.0,363.0,7.8,0.391,0.0,0.12,0.0,0.0,0.0,0.0,0.0,0.0,0.0,0.0,0.0,-0.4,0.3,-0.1,-0.014,0.0,0.0,0.0,0.0
7,Bucky Bockhorn,SG,SG,28.0,CIN,80.0,3062.0,11.0,0.469,0.0,0.203,0.0,0.0,0.0,0.0,0.0,0.0,0.0,0.0,0.0,2.0,1.1,3.1,0.049,0.0,0.0,0.0,0.0
8,George Bon Salle,PF,PF,26.0,CHP,3.0,9.0,0.1,0.25,0.0,0.0,0.0,0.0,0.0,0.0,0.0,0.0,0.0,0.0,0.0,-0.1,0.0,-0.1,-0.429,0.0,0.0,0.0,0.0
9,Bob Boozer,PF,PF,24.0,CIN,79.0,2488.0,13.3,0.492,0.0,0.397,0.0,0.0,0.0,0.0,0.0,0.0,0.0,0.0,0.0,2.8,1.1,3.9,0.075,0.0,0.0,0.0,0.0
10,Carl Braun*,PG,PG,34.0,BOS,48.0,414.0,10.7,0.402,0.0,0.13,0.0,0.0,0.0,0.0,0.0,0.0,0.0,0.0,0.0,-0.4,0.9,0.5,0.053,0.0,0.0,0.0,0.0
11,Joe Buckhalter,PF,PF,24.0,CIN,63.0,728.0,14.5,0.489,0.0,0.323,0.0,0.0,0.0,0.0,0.0,0.0,0.0,0.0,0.0,0.9,0.4,1.2,0.082,0.0,0.0,0.0,0.0
12,Cleveland Buckner,PF,PF,23.0,NYK,62.0,696.0,15.7,0.469,0.0,0.362,0.0,0.0,0.0,0.0,0.0,0.0,0.0,0.0,0.0,0.6,0.7,1.3,0.087,0.0,0.0,0.0,0.0
13,Dave Budd,SF,SF,23.0,NYK,79.0,1370.0,11.6,0.483,0.0,0.536,0.0,0.0,0.0,0.0,0.0,0.0,0.0,0.0,0.0,1.2,1.1,2.3,0.081,0.0,0.0,0.0,0.0
14,Ed Burton,F,F,22.0,NYK,8.0,28.0,12.6,0.476,0.0,0.286,0.0,0.0,0.0,0.0,0.0,0.0,0.0,0.0,0.0,0.0,0.0,0.0,0.075,0.0,0.0,0.0,0.0
15,Donnie Butcher,PG,PG,25.0,NYK,47.0,479.0,6.8,0.372,0.0,0.445,0.0,0.0,0.0,0.0,0.0,0.0,0.0,0.0,0.0,-0.6,0.4,-0.3,-0.026,0.0,0.0,0.0,0.0
16,Al Butler,PG,PG,23.0,TOT,59.0,2016.0,13.0,0.496,0.0,0.241,0.0,0.0,0.0,0.0,0.0,0.0,0.0,0.0,0.0,2.5,1.6,4.1,0.098,0.0,0.0,0.0,0.0
17,Al Butler,PG,PG,23.0,BOS,5.0,47.0,17.4,0.49,0.0,0.207,0.0,0.0,0.0,0.0,0.0,0.0,0.0,0.0,0.0,0.1,0.1,0.2,0.189,0.0,0.0,0.0,0.0
18,Al Butler,PG,PG,23.0,NYK,54.0,1969.0,12.9,0.496,0.0,0.243,0.0,0.0,0.0,0.0,0.0,0.0,0.0,0.0,0.0,2.4,1.5,3.9,0.096,0.0,0.0,0.0,0.0
19,Barney Cable,SF,SF,26.0,TOT,67.0,1861.0,11.3,0.439,0.0,0.242,0.0,0.0,0.0,0.0,0.0,0.0,0.0,0.0,0.0,-0.1,0.9,0.7,0.019,0.0,0.0,0.0,0.0
20,Barney Cable,SF,SF,26.0,CHP,15.0,498.0,9.4,0.424,0.0,0.272,0.0,0.0,0.0,0.0,0.0,0.0,0.0,0.0,0.0,-0.2,0.2,0.0,0.0,0.0,0.0,0.0,0.0
21,Barney Cable,SF,SF,26.0,STL,52.0,1363.0,12.1,0.446,0.0,0.229,0.0,0.0,0.0,0.0,0.0,0.0,0.0,0.0,0.0,0.1,0.6,0.7,0.026,0.0,0.0,0.0,0.0
22,Howie Carl,PG,PG,23.0,CHP,31.0,382.0,9.4,0.38,0.0,0.254,0.0,0.0,0.0,0.0,0.0,0.0,0.0,0.0,0.0,-0.7,0.2,-0.5,-0.061,0.0,0.0,0.0,0.0
23,Wilt Chamberlain*,C,C,25.0,PHW,80.0,3882.0,31.7,0.536,0.0,0.431,0.0,0.0,0.0,0.0,0.0,0.0,0.0,0.0,0.0,17.1,6.0,23.1,0.286,0.0,0.0,0.0,0.0
25,Ed Conlin,SG,SG,28.0,PHW,70.0,963.0,7.0,0.393,0.0,0.24,0.0,0.0,0.0,0.0,0.0,0.0,0.0,0.0,0.0,-1.0,0.8,-0.1,-0.007,0.0,0.0,0.0,0.0
26,Larry Costello,PG,PG,30.0,SYR,63.0,1854.0,15.6,0.507,0.0,0.406,0.0,0.0,0.0,0.0,0.0,0.0,0.0,0.0,0.0,3.3,2.6,5.9,0.153,0.0,0.0,0.0,0.0
27,Bob Cousy*,PG,PG,33.0,BOS,75.0,2114.0,18.3,0.443,0.0,0.282,0.0,0.0,0.0,0.0,0.0,0.0,0.0,0.0,0.0,0.7,5.6,6.3,0.144,0.0,0.0,0.0,0.0
28,Jimmy Darrow,G,G,24.0,STL,5.0,34.0,5.9,0.332,0.0,0.467,0.0,0.0,0.0,0.0,0.0,0.0,0.0,0.0,0.0,-0.1,0.0,-0.1,-0.112,0.0,0.0,0.0,0.0
29,Ralph Davis,SG,SG,23.0,CHP,77.0,1992.0,9.9,0.431,0.0,0.117,0.0,0.0,0.0,0.0,0.0,0.0,0.0,0.0,0.0,-0.4,1.0,0.6,0.014,0.0,0.0,0.0,0.0
30,Archie Dees,PF-C,PF,25.0,TOT,21.0,288.0,0.0,0.507,0.0,0.4,0.0,0.0,0.0,0.0,0.0,0.0,0.0,0.0,0.0,0.0,0.0,0.0,0.0,0.0,0.0,0.0,0.0
31,Archie Dees,PF,PF,25.0,CHP,13.0,0.0,0.0,0.0,0.0,0.0,0.0,0.0,0.0,0.0,0.0,0.0,0.0,0.0,0.0,0.0,0.0,0.0,0.0,0.0,0.0,0.0,0.0
32,Archie Dees,C,C,25.0,STL,8.0,0.0,0.0,0.0,0.0,0.0,0.0,0.0,0.0,0.0,0.0,0.0,0.0,0.0,0.0,0.0,0.0,0.0,0.0,0.0,0.0,0.0,0.0
33,Walter Dukes,C,C,31.0,DET,77.0,1896.0,13.6,0.464,0.0,0.45,0.0,0.0,0.0,0.0,0.0,0.0,0.0,0.0,0.0,1.0,2.3,3.3,0.084,0.0,0.0,0.0,0.0
34,Johnny Egan,PG,PG,23.0,DET,58.0,696.0,13.8,0.473,0.0,0.279,0.0,0.0,0.0,0.0,0.0,0.0,0.0,0.0,0.0,0.7,0.6,1.3,0.088,0.0,0.0,0.0,0.0
35,Rich Eichhorst,G,G,28.0,STL,1.0,10.0,12.2,0.5,0.0,0.0,0.0,0.0,0.0,0.0,0.0,0.0,0.0,0.0,0.0,0.0,0.0,0.0,0.072,0.0,0.0,0.0,0.0
36,Wayne Embry*,C,C,24.0,CIN,75.0,2623.0,17.9,0.516,0.0,0.426,0.0,0.0,0.0,0.0,0.0,0.0,0.0,0.0,0.0,5.4,1.4,6.7,0.123,0.0,0.0,0.0,0.0
37,Ray Felix,C,C,31.0,LAL,80.0,1478.0,9.1,0.475,0.0,0.327,0.0,0.0,0.0,0.0,0.0,0.0,0.0,0.0,0.0,0.8,1.5,2.3,0.074,0.0,0.0,0.0,0.0
38,Al Ferrari,SG,SG,28.0,STL,79.0,2046.0,8.2,0.436,0.0,0.376,0.0,0.0,0.0,0.0,0.0,0.0,0.0,0.0,0.0,0.1,0.7,0.9,0.02,0.0,0.0,0.0,0.0
39,Bob Ferry,C,C,24.0,DET,80.0,1918.0,17.0,0.493,0.0,0.449,0.0,0.0,0.0,0.0,0.0,0.0,0.0,0.0,0.0,3.1,1.8,4.9,0.122,0.0,0.0,0.0,0.0
40,Larry Foust,C,C,33.0,STL,57.0,1153.0,14.7,0.541,0.0,0.411,0.0,0.0,0.0,0.0,0.0,0.0,0.0,0.0,0.0,2.6,0.5,3.1,0.129,0.0,0.0,0.0,0.0
41,Dave Gambee,SF,SF,24.0,SYR,80.0,2301.0,16.3,0.502,0.0,0.417,0.0,0.0,0.0,0.0,0.0,0.0,0.0,0.0,0.0,4.1,2.9,7.0,0.145,0.0,0.0,0.0,0.0
42,Tom Gola*,SG,SG,29.0,PHW,60.0,2462.0,11.4,0.473,0.0,0.301,0.0,0.0,0.0,0.0,0.0,0.0,0.0,0.0,0.0,1.6,2.7,4.4,0.085,0.0,0.0,0.0,0.0
43,Joe Graboski,PF,PF,32.0,TOT,38.0,468.0,0.0,0.387,0.0,0.294,0.0,0.0,0.0,0.0,0.0,0.0,0.0,0.0,0.0,0.0,0.0,0.0,0.0,0.0,0.0,0.0,0.0
44,Joe Graboski,F-C,F,32.0,STL,3.0,0.0,0.0,0.0,0.0,0.0,0.0,0.0,0.0,0.0,0.0,0.0,0.0,0.0,0.0,0.0,0.0,0.0,0.0,0.0,0.0,0.0,0.0
45,Joe Graboski,PF,PF,32.0,CHP,12.0,0.0,0.0,0.0,0.0,0.0,0.0,0.0,0.0,0.0,0.0,0.0,0.0,0.0,0.0,0.0,0.0,0.0,0.0,0.0,0.0,0.0,0.0
46,Joe Graboski,PF,PF,32.0,SYR,23.0,323.0,0.0,0.394,0.0,0.286,0.0,0.0,0.0,0.0,0.0,0.0,0.0,0.0,0.0,0.0,0.0,0.0,0.0,0.0,0.0,0.0,0.0
47,Johnny Green,PF,PF,28.0,NYK,80.0,2789.0,15.8,0.47,0.0,0.373,0.0,0.0,0.0,0.0,0.0,0.0,0.0,0.0,0.0,2.1,3.0,5.1,0.088,0.0,0.0,0.0,0.0
48,Si Green,SG,SG,28.0,TOT,71.0,2388.0,0.0,0.432,0.0,0.344,0.0,0.0,0.0,0.0,0.0,0.0,0.0,0.0,0.0,0.0,0.0,0.0,0.0,0.0,0.0,0.0,0.0
49,Si Green,G-F,G,28.0,STL,14.0,0.0,0.0,0.0,0.0,0.0,0.0,0.0,0.0,0.0,0.0,0.0,0.0,0.0,0.0,0.0,0.0,0.0,0.0,0.0,0.0,0.0,0.0
50,Si Green,SG,SG,28.0,CHP,57.0,0.0,0.0,0.0,0.0,0.0,0.0,0.0,0.0,0.0,0.0,0.0,0.0,0.0,0.0,0.0,0.0,0.0,0.0,0.0,0.0,0.0,0.0
51,Hal Greer*,SG,SG,25.0,SYR,71.0,2705.0,17.5,0.5,0.0,0.28,0.0,0.0,0.0,0.0,0.0,0.0,0.0,0.0,0.0,5.0,3.5,8.5,0.151,0.0,0.0,0.0,0.0
53,Gene Guarilia,SF,SF,24.0,BOS,45.0,367.0,11.3,0.431,0.0,0.398,0.0,0.0,0.0,0.0,0.0,0.0,0.0,0.0,0.0,-0.1,0.8,0.7,0.089,0.0,0.0,0.0,0.0
54,Richie Guerin*,SG,SG,29.0,NYK,78.0,3348.0,20.9,0.516,0.0,0.402,0.0,0.0,0.0,0.0,0.0,0.0,0.0,0.0,0.0,9.2,3.0,12.1,0.174,0.0,0.0,0.0,0.0
55,Cliff Hagan*,SF,SF,30.0,STL,77.0,2784.0,19.3,0.524,0.0,0.295,0.0,0.0,0.0,0.0,0.0,0.0,0.0,0.0,0.0,7.3,1.2,8.5,0.146,0.0,0.0,0.0,0.0
56,Swede Halbrook,C,C,29.0,SYR,64.0,908.0,11.6,0.409,0.0,0.358,0.0,0.0,0.0,0.0,0.0,0.0,0.0,0.0,0.0,-0.9,1.5,0.6,0.033,0.0,0.0,0.0,0.0
57,Vern Hatton,SG,SG,26.0,TOT,40.0,898.0,0.0,0.417,0.0,0.378,0.0,0.0,0.0,0.0,0.0,0.0,0.0,0.0,0.0,0.0,0.0,0.0,0.0,0.0,0.0,0.0,0.0
58,Vern Hatton,SG,SG,26.0,CHP,15.0,0.0,0.0,0.0,0.0,0.0,0.0,0.0,0.0,0.0,0.0,0.0,0.0,0.0,0.0,0.0,0.0,0.0,0.0,0.0,0.0,0.0,0.0
59,Vern Hatton,SG,SG,26.0,STL,25.0,0.0,0.0,0.0,0.0,0.0,0.0,0.0,0.0,0.0,0.0,0.0,0.0,0.0,0.0,0.0,0.0,0.0,0.0,0.0,0.0,0.0,0.0
60,Tom Hawkins,SF,SF,25.0,LAL,79.0,1903.0,10.5,0.45,0.0,0.315,0.0,0.0,0.0,0.0,0.0,0.0,0.0,0.0,0.0,0.3,1.8,2.1,0.054,0.0,0.0,0.0,0.0
61,Tom Heinsohn*,PF,PF,27.0,BOS,79.0,2383.0,20.0,0.482,0.0,0.271,0.0,0.0,0.0,0.0,0.0,0.0,0.0,0.0,0.0,3.7,5.5,9.3,0.187,0.0,0.0,0.0,0.0
62,Cleo Hill,SG,SG,23.0,STL,58.0,1050.0,9.1,0.433,0.0,0.443,0.0,0.0,0.0,0.0,0.0,0.0,0.0,0.0,0.0,-0.1,0.4,0.3,0.015,0.0,0.0,0.0,0.0
63,Ron Horn,SF,SF,23.0,STL,3.0,25.0,-6.4,0.116,0.0,0.167,0.0,0.0,0.0,0.0,0.0,0.0,0.0,0.0,0.0,-0.2,0.0,-0.2,-0.397,0.0,0.0,0.0,0.0
64,Bailey Howell*,SF,SF,25.0,DET,79.0,2857.0,19.0,0.539,0.0,0.513,0.0,0.0,0.0,0.0,0.0,0.0,0.0,0.0,0.0,7.6,3.1,10.7,0.18,0.0,0.0,0.0,0.0
65,Hot Rod Hundley,SG,SG,27.0,LAL,78.0,1492.0,9.5,0.38,0.0,0.25,0.0,0.0,0.0,0.0,0.0,0.0,0.0,0.0,0.0,-1.5,1.6,0.1,0.003,0.0,0.0,0.0,0.0
66,Darrall Imhoff,C,C,23.0,NYK,76.0,1481.0,9.1,0.416,0.0,0.288,0.0,0.0,0.0,0.0,0.0,0.0,0.0,0.0,0.0,-0.7,1.4,0.7,0.021,0.0,0.0,0.0,0.0
67,Andy Johnson,SF,SF,29.0,CHP,71.0,2193.0,13.6,0.501,0.0,0.555,0.0,0.0,0.0,0.0,0.0,0.0,0.0,0.0,0.0,3.4,1.2,4.6,0.1,0.0,0.0,0.0,0.0
68,Howie Jolliff,PF,PF,23.0,LAL,64.0,1094.0,9.0,0.433,0.0,0.308,0.0,0.0,0.0,0.0,0.0,0.0,0.0,0.0,0.0,-0.1,1.3,1.2,0.053,0.0,0.0,0.0,0.0
69,K.C. Jones*,PG,PG,29.0,BOS,80.0,2054.0,11.6,0.445,0.0,0.32,0.0,0.0,0.0,0.0,0.0,0.0,0.0,0.0,0.0,0.5,4.4,4.9,0.115,0.0,0.0,0.0,0.0
70,Sam Jones*,SG,SG,28.0,BOS,78.0,2388.0,17.9,0.507,0.0,0.231,0.0,0.0,0.0,0.0,0.0,0.0,0.0,0.0,0.0,4.9,4.7,9.6,0.193,0.0,0.0,0.0,0.0
71,Willie Jones,PG,PG,25.0,DET,69.0,1006.0,9.8,0.402,0.0,0.213,0.0,0.0,0.0,0.0,0.0,0.0,0.0,0.0,0.0,-1.0,0.9,-0.1,-0.006,0.0,0.0,0.0,0.0
72,Phil Jordon,C,C,28.0,NYK,76.0,2195.0,9.8,0.409,0.0,0.163,0.0,0.0,0.0,0.0,0.0,0.0,0.0,0.0,0.0,-1.9,1.7,-0.2,-0.003,0.0,0.0,0.0,0.0
73,Red Kerr,C,C,29.0,SYR,80.0,2768.0,17.4,0.482,0.0,0.248,0.0,0.0,0.0,0.0,0.0,0.0,0.0,0.0,0.0,2.9,4.9,7.8,0.136,0.0,0.0,0.0,0.0
74,Doug Kistler,F,F,23.0,NYK,5.0,13.0,12.1,0.515,0.0,0.667,0.0,0.0,0.0,0.0,0.0,0.0,0.0,0.0,0.0,0.0,0.0,0.0,0.123,0.0,0.0,0.0,0.0
76,Jim Krebs,C,C,26.0,LAL,78.0,2012.0,12.3,0.492,0.0,0.297,0.0,0.0,0.0,0.0,0.0,0.0,0.0,0.0,0.0,2.1,2.1,4.2,0.1,0.0,0.0,0.0,0.0
77,Fred LaCour,PG,PG,23.0,STL,73.0,1507.0,11.2,0.477,0.0,0.243,0.0,0.0,0.0,0.0,0.0,0.0,0.0,0.0,0.0,1.2,0.6,1.7,0.056,0.0,0.0,0.0,0.0
78,York Larese,SG,SG,23.0,TOT,59.0,703.0,9.2,0.421,0.0,0.22,0.0,0.0,0.0,0.0,0.0,0.0,0.0,0.0,0.0,-0.3,0.6,0.3,0.02,0.0,0.0,0.0,0.0
79,York Larese,SG,SG,23.0,CHP,8.0,57.0,13.1,0.501,0.0,0.429,0.0,0.0,0.0,0.0,0.0,0.0,0.0,0.0,0.0,0.1,0.0,0.1,0.101,0.0,0.0,0.0,0.0
80,York Larese,SG,SG,23.0,PHW,51.0,646.0,8.9,0.415,0.0,0.206,0.0,0.0,0.0,0.0,0.0,0.0,0.0,0.0,0.0,-0.4,0.6,0.2,0.013,0.0,0.0,0.0,0.0
81,Rudy LaRusso,PF,PF,24.0,LAL,80.0,2754.0,16.6,0.526,0.0,0.404,0.0,0.0,0.0,0.0,0.0,0.0,0.0,0.0,0.0,5.8,2.9,8.8,0.153,0.0,0.0,0.0,0.0
82,George Lee,SF,SF,25.0,DET,75.0,1351.0,12.2,0.458,0.0,0.56,0.0,0.0,0.0,0.0,0.0,0.0,0.0,0.0,0.0,0.6,1.2,1.7,0.061,0.0,0.0,0.0,0.0
83,Slick Leonard*,PG,PG,29.0,CHP,70.0,2464.0,12.2,0.436,0.0,0.329,0.0,0.0,0.0,0.0,0.0,0.0,0.0,0.0,0.0,-0.1,1.3,1.2,0.024,0.0,0.0,0.0,0.0
84,Jim Loscutoff,SF,SF,31.0,BOS,79.0,1146.0,7.7,0.379,0.0,0.162,0.0,0.0,0.0,0.0,0.0,0.0,0.0,0.0,0.0,-1.9,2.4,0.5,0.019,0.0,0.0,0.0,0.0
85,Clyde Lovellette*,C,C,32.0,STL,40.0,1192.0,19.5,0.519,0.0,0.258,0.0,0.0,0.0,0.0,0.0,0.0,0.0,0.0,0.0,3.1,0.5,3.6,0.145,0.0,0.0,0.0,0.0
86,Ted Luckenbill,PF,PF,22.0,PHW,67.0,396.0,9.0,0.44,0.0,0.633,0.0,0.0,0.0,0.0,0.0,0.0,0.0,0.0,0.0,0.0,0.4,0.4,0.051,0.0,0.0,0.0,0.0
87,Whitey Martin,SG,SG,22.0,NYK,66.0,1018.0,5.4,0.359,0.0,0.188,0.0,0.0,0.0,0.0,0.0,0.0,0.0,0.0,0.0,-1.3,0.8,-0.5,-0.022,0.0,0.0,0.0,0.0
88,Johnny McCarthy,PG,PG,27.0,STL,15.0,333.0,5.7,0.283,0.0,0.37,0.0,0.0,0.0,0.0,0.0,0.0,0.0,0.0,0.0,-0.6,0.2,-0.4,-0.064,0.0,0.0,0.0,0.0
89,Shellie McMillon,SF,SF,25.0,TOT,62.0,1225.0,13.3,0.475,0.0,0.308,0.0,0.0,0.0,0.0,0.0,0.0,0.0,0.0,0.0,1.1,0.6,1.7,0.066,0.0,0.0,0.0,0.0
90,Shellie McMillon,SF,SF,25.0,DET,14.0,190.0,7.3,0.364,0.0,0.434,0.0,0.0,0.0,0.0,0.0,0.0,0.0,0.0,0.0,-0.4,0.2,-0.2,-0.059,0.0,0.0,0.0,0.0
91,Shellie McMillon,SF,SF,25.0,STL,48.0,1035.0,14.4,0.495,0.0,0.287,0.0,0.0,0.0,0.0,0.0,0.0,0.0,0.0,0.0,1.5,0.4,1.9,0.088,0.0,0.0,0.0,0.0
92,Bob McNeill,PG,PG,23.0,TOT,50.0,441.0,10.9,0.457,0.0,0.25,0.0,0.0,0.0,0.0,0.0,0.0,0.0,0.0,0.0,0.2,0.5,0.7,0.075,0.0,0.0,0.0,0.0
93,Bob McNeill,PG,PG,23.0,PHW,21.0,212.0,14.3,0.502,0.0,0.289,0.0,0.0,0.0,0.0,0.0,0.0,0.0,0.0,0.0,0.3,0.3,0.6,0.13,0.0,0.0,0.0,0.0
94,Bob McNeill,PG,PG,23.0,LAL,29.0,229.0,7.8,0.398,0.0,0.2,0.0,0.0,0.0,0.0,0.0,0.0,0.0,0.0,0.0,-0.1,0.2,0.1,0.024,0.0,0.0,0.0,0.0
95,Tom Meschery,PF,PF,23.0,PHW,80.0,2509.0,10.9,0.463,0.0,0.282,0.0,0.0,0.0,0.0,0.0,0.0,0.0,0.0,0.0,1.1,2.7,3.7,0.072,0.0,0.0,0.0,0.0
96,Jackie Moreland,PF,PF,23.0,DET,74.0,1219.0,14.5,0.483,0.0,0.382,0.0,0.0,0.0,0.0,0.0,0.0,0.0,0.0,0.0,1.2,1.3,2.6,0.101,0.0,0.0,0.0,0.0
97,Willie Naulls,SF,SF,27.0,NYK,75.0,2978.0,17.7,0.47,0.0,0.253,0.0,0.0,0.0,0.0,0.0,0.0,0.0,0.0,0.0,2.8,2.7,5.5,0.089,0.0,0.0,0.0,0.0
98,Paul Neumann,PG,PG,24.0,SYR,77.0,1265.0,11.6,0.5,0.0,0.429,0.0,0.0,0.0,0.0,0.0,0.0,0.0,0.0,0.0,1.6,1.6,3.2,0.123,0.0,0.0,0.0,0.0
99,Chuck Noble,SG,SG,30.0,DET,26.0,361.0,4.7,0.301,0.0,0.133,0.0,0.0,0.0,0.0,0.0,0.0,0.0,0.0,0.0,-0.8,0.3,-0.5,-0.063,0.0,0.0,0.0,0.0
100,Bevo Nordmann,C,C,22.0,CIN,58.0,344.0,9.5,0.434,0.0,0.452,0.0,0.0,0.0,0.0,0.0,0.0,0.0,0.0,0.0,-0.1,0.2,0.1,0.014,0.0,0.0,0.0,0.0
101,Don Ohl,SG,SG,25.0,DET,77.0,2526.0,13.7,0.477,0.0,0.224,0.0,0.0,0.0,0.0,0.0,0.0,0.0,0.0,0.0,2.7,1.8,4.5,0.085,0.0,0.0,0.0,0.0
103,Chuck Osborne,PF,PF,23.0,SYR,4.0,21.0,4.7,0.256,0.0,0.5,0.0,0.0,0.0,0.0,0.0,0.0,0.0,0.0,0.0,-0.1,0.0,-0.1,-0.134,0.0,0.0,0.0,0.0
104,Bob Pettit*,PF,PF,29.0,STL,78.0,3282.0,24.2,0.522,0.0,0.467,0.0,0.0,0.0,0.0,0.0,0.0,0.0,0.0,0.0,9.6,1.9,11.5,0.168,0.0,0.0,0.0,0.0
105,Gary Phillips,PG,PG,22.0,BOS,67.0,713.0,7.1,0.388,0.0,0.277,0.0,0.0,0.0,0.0,0.0,0.0,0.0,0.0,0.0,-1.0,1.2,0.3,0.018,0.0,0.0,0.0,0.0
106,Dave Piontek,PF,PF,27.0,CHP,45.0,614.0,8.2,0.408,0.0,0.262,0.0,0.0,0.0,0.0,0.0,0.0,0.0,0.0,0.0,-0.5,0.4,-0.1,-0.008,0.0,0.0,0.0,0.0
107,Frank Radovich,F,F,23.0,PHW,37.0,175.0,9.8,0.417,0.0,0.28,0.0,0.0,0.0,0.0,0.0,0.0,0.0,0.0,0.0,-0.1,0.2,0.0,0.006,0.0,0.0,0.0,0.0
108,Frank Ramsey*,SG,SG,30.0,BOS,79.0,1913.0,16.3,0.504,0.0,0.397,0.0,0.0,0.0,0.0,0.0,0.0,0.0,0.0,0.0,3.9,3.4,7.3,0.183,0.0,0.0,0.0,0.0
109,Hub Reed,C,C,25.0,CIN,80.0,1446.0,8.8,0.47,0.0,0.178,0.0,0.0,0.0,0.0,0.0,0.0,0.0,0.0,0.0,0.6,0.6,1.3,0.042,0.0,0.0,0.0,0.0
110,Joe Roberts,PF,PF,25.0,SYR,80.0,1642.0,10.3,0.437,0.0,0.313,0.0,0.0,0.0,0.0,0.0,0.0,0.0,0.0,0.0,-0.2,2.2,1.9,0.056,0.0,0.0,0.0,0.0
111,Oscar Robertson*,PG,PG,23.0,CIN,79.0,3503.0,26.0,0.554,0.0,0.482,0.0,0.0,0.0,0.0,0.0,0.0,0.0,0.0,0.0,13.4,2.2,15.6,0.214,0.0,0.0,0.0,0.0
112,Guy Rodgers*,PG,PG,26.0,PHW,80.0,2650.0,9.7,0.395,0.0,0.243,0.0,0.0,0.0,0.0,0.0,0.0,0.0,0.0,0.0,-1.1,3.2,2.1,0.038,0.0,0.0,0.0,0.0
113,Joe Ruklick,PF,PF,23.0,PHW,46.0,302.0,5.3,0.341,0.0,0.177,0.0,0.0,0.0,0.0,0.0,0.0,0.0,0.0,0.0,-0.8,0.3,-0.5,-0.08,0.0,0.0,0.0,0.0
114,Bill Russell*,C,C,27.0,BOS,76.0,3433.0,19.4,0.489,0.0,0.382,0.0,0.0,0.0,0.0,0.0,0.0,0.0,0.0,0.0,3.9,11.6,15.5,0.217,0.0,0.0,0.0,0.0
115,Tom Sanders*,SF,SF,23.0,BOS,80.0,2325.0,12.4,0.488,0.0,0.327,0.0,0.0,0.0,0.0,0.0,0.0,0.0,0.0,0.0,2.2,5.1,7.2,0.149,0.0,0.0,0.0,0.0
116,Woody Sauldsberry,PF,PF,27.0,TOT,63.0,1765.0,0.0,0.366,0.0,0.142,0.0,0.0,0.0,0.0,0.0,0.0,0.0,0.0,0.0,0.0,0.0,0.0,0.0,0.0,0.0,0.0,0.0
117,Woody Sauldsberry,PF,PF,27.0,STL,14.0,0.0,0.0,0.0,0.0,0.0,0.0,0.0,0.0,0.0,0.0,0.0,0.0,0.0,0.0,0.0,0.0,0.0,0.0,0.0,0.0,0.0,0.0
118,Woody Sauldsberry,PF,PF,27.0,CHP,49.0,0.0,0.0,0.0,0.0,0.0,0.0,0.0,0.0,0.0,0.0,0.0,0.0,0.0,0.0,0.0,0.0,0.0,0.0,0.0,0.0,0.0,0.0
119,Dolph Schayes*,PF,PF,33.0,SYR,56.0,1480.0,15.8,0.461,0.0,0.425,0.0,0.0,0.0,0.0,0.0,0.0,0.0,0.0,0.0,0.9,2.1,3.1,0.099,0.0,0.0,0.0,0.0
120,Ray Scott,PF,PF,23.0,DET,75.0,2087.0,15.4,0.442,0.0,0.406,0.0,0.0,0.0,0.0,0.0,0.0,0.0,0.0,0.0,0.0,2.5,2.5,0.057,0.0,0.0,0.0,0.0
121,Frank Selvy,SG,SG,29.0,LAL,79.0,2806.0,13.1,0.481,0.0,0.391,0.0,0.0,0.0,0.0,0.0,0.0,0.0,0.0,0.0,2.9,2.6,5.5,0.094,0.0,0.0,0.0,0.0
122,Lee Shaffer,SF,SF,22.0,SYR,75.0,2083.0,15.4,0.481,0.0,0.263,0.0,0.0,0.0,0.0,0.0,0.0,0.0,0.0,0.0,2.6,2.4,5.0,0.115,0.0,0.0,0.0,0.0
123,Gene Shue,PG,PG,30.0,DET,80.0,3143.0,14.6,0.47,0.0,0.314,0.0,0.0,0.0,0.0,0.0,0.0,0.0,0.0,0.0,2.9,2.8,5.6,0.086,0.0,0.0,0.0,0.0
124,Bob Sims,SG,SG,23.0,TOT,65.0,1345.0,9.0,0.434,0.0,0.44,0.0,0.0,0.0,0.0,0.0,0.0,0.0,0.0,0.0,-0.1,0.5,0.4,0.015,0.0,0.0,0.0,0.0
125,Bob Sims,SG,SG,23.0,LAL,19.0,171.0,5.9,0.414,0.0,0.661,0.0,0.0,0.0,0.0,0.0,0.0,0.0,0.0,0.0,-0.1,0.1,0.0,0.007,0.0,0.0,0.0,0.0
126,Bob Sims,SG,SG,23.0,STL,46.0,1174.0,9.4,0.437,0.0,0.41,0.0,0.0,0.0,0.0,0.0,0.0,0.0,0.0,0.0,0.0,0.4,0.4,0.016,0.0,0.0,0.0,0.0
128,Adrian Smith,SG,SG,25.0,CIN,80.0,1462.0,11.0,0.483,0.0,0.445,0.0,0.0,0.0,0.0,0.0,0.0,0.0,0.0,0.0,1.4,0.5,1.8,0.061,0.0,0.0,0.0,0.0
129,Bill Smith,G-F,G,22.0,NYK,9.0,83.0,5.7,0.315,0.0,0.242,0.0,0.0,0.0,0.0,0.0,0.0,0.0,0.0,0.0,-0.2,0.1,-0.2,-0.101,0.0,0.0,0.0,0.0
130,Bobby Smith,G,G,24.0,LAL,3.0,7.0,-6.7,0.0,0.0,0.0,0.0,0.0,0.0,0.0,0.0,0.0,0.0,0.0,0.0,0.0,0.0,0.0,-0.148,0.0,0.0,0.0,0.0
131,Sam Stith,SG,SG,24.0,NYK,32.0,440.0,7.9,0.394,0.0,0.235,0.0,0.0,0.0,0.0,0.0,0.0,0.0,0.0,0.0,-0.4,0.3,-0.1,-0.006,0.0,0.0,0.0,0.0
132,Jack Turner,SG,SG,22.0,CHP,42.0,567.0,8.7,0.418,0.0,0.19,0.0,0.0,0.0,0.0,0.0,0.0,0.0,0.0,0.0,-0.3,0.3,0.0,-0.002,0.0,0.0,0.0,0.0
133,Jack Twyman*,SF,SF,27.0,CIN,80.0,2991.0,16.6,0.528,0.0,0.282,0.0,0.0,0.0,0.0,0.0,0.0,0.0,0.0,0.0,7.5,1.1,8.6,0.138,0.0,0.0,0.0,0.0
134,Charlie Tyra,PF,PF,26.0,CHP,78.0,1606.0,10.8,0.413,0.0,0.401,0.0,0.0,0.0,0.0,0.0,0.0,0.0,0.0,0.0,-1.0,1.2,0.2,0.007,0.0,0.0,0.0,0.0
135,Horace Walker,SF,SF,24.0,CHP,65.0,1331.0,10.2,0.418,0.0,0.44,0.0,0.0,0.0,0.0,0.0,0.0,0.0,0.0,0.0,-0.7,0.9,0.3,0.01,0.0,0.0,0.0,0.0
